000001                    ; Correctness bench for the SD-direct fast path in M2M/rom/sdblock.asm.
000002                    ;
000003                    ; Runs the REAL firmware routines (sdblock.asm is included verbatim, the few
000004                    ; shell.asm variables it needs come from bench_env.asm) against the REAL
000005                    ; FAT32 library of the QNICE Monitor and compares, byte for byte, what the
000006                    ; fast path delivers with what the original f32_fread path delivers.
000007                    ;
000008                    ; Needs a *writable* image: run.sh points it at sd_rw.img.
000009                    ;
000010                    ; Output is plain text on the emulator console, one line per check, plus a
000011                    ; PASS/FAIL summary at the end.
000012                    
000013                    ; ****************************************************************************
000014                    ; MiSTer2MEGA65 (M2M) QNICE ROM
000015                    ;
000016                    ; sdblock_cfg.asm: the single build switch for the direct SD block access in
000017                    ; sdblock.asm and for its serial logging.
000018                    ;
000019                    ; ----------------------------------------------------------------------------
000020                    ; SDB_DEBUG: log what the fast path does on the serial console at boot
000021                    ; ----------------------------------------------------------------------------
000022                    ; Remove the ";" in front of the #define to switch the log on, put it back to
000023                    ; switch it off, then rebuild with CORE/m2m-rom/make_rom.sh. No keyboard is
000024                    ; involved: the ROM auto loader runs by itself and the virtual drive lines
000025                    ; appear as soon as an image is mounted.
000026                    ;
000027                    ; This lives in its own file and NOT in sdblock.asm because the C
000028                    ; preprocessor runs once, top to bottom, over the whole concatenated source.
000029                    ; sdblock.asm is included at the *end* of shell.asm, so a #define in it is
000030                    ; not yet known while shell.asm's own body, crts-and-roms.asm and everything
000031                    ; else above it are being processed - their #ifdef SDB_DEBUG blocks would be
000032                    ; silently dropped. Include this file first and the flag is visible
000033                    ; everywhere.
000034                    ;
000035                    ; That is not hypothetical: it is exactly how the first instrumented build
000036                    ; ended up with a working map-build log (inside sdblock.asm, after the
000037                    ; define) and no virtual drive log at all (in shell.asm, before it).
000038                    ; ****************************************************************************
000039                    
000040                    ;#define SDB_DEBUG
000041                    
000042                    ; tools/vdrive-latency-bench/run.sh passes -DSDB_NODEBUG for its timing runs,
000043                    ; so that the cycle counts it reports are those of the shipping build no
000044                    ; matter how the switch above is set.
000045                    ;;
000046                    ;; sysdef.asm: This file contains definitions to simplify assembler programming
000047                    ;; and for accessing the various hardware registers via MMIO
000048                    ;;
000049                    ;
000050                    ;***************************************************************************************
000051                    ;* Assembler macros which make life much easier:
000052                    ;***************************************************************************************
000053                    ;
000054                    
000055                    
000056                    
000057                    
000058                    
000059                    ;
000060                    ; Some register short names:
000061                    ;
000062                    
000063                    
000064                    
000065                    
000066                    ;
000067                    ;***************************************************************************************
000068                    ;* IO-page addresses: Default: 8 registers per block
000069                    ;***************************************************************************************
000070                    ;
000071                    IO$AREA_START               .EQU 0xFF00
000072                    ;
000073                    ;---------------------------------------------------------------------------------------
000074                    ; Block FF00: FUNDAMENTAL IO
000075                    ;---------------------------------------------------------------------------------------
000076                    ;
000077                    ; Switch-register:
000078                    ;
000079                    IO$SWITCH_REG               .EQU 0xFF00                      ; 16 binary keys
000080                    ;
000081                    ; Registers for TIL-display:
000082                    ;
000083                    IO$TIL_DISPLAY              .EQU 0xFF01                      ; Address of TIL-display
000084                    IO$TIL_MASK                 .EQU 0xFF02                      ; Mask register of TIL display
000085                    ;
000086                    ; USB-keyboard-registers:
000087                    ;
000088                    IO$KBD_STATE                .EQU 0xFF04                      ; Status register of USB keyboard
000089                    ; Bit 0 (read only): New ASCII character avaiable for reading
000090                    ; (bits 7 downto 0 of Read register)
000091                    ; Bit 1 (read only): New special key available for reading
000092                    ; (bits 15 downto 8 of Read register)
000093                    ; Bits 2..4 (read/write): Locales: 000 = US English keyboard layout,
000094                    ; 001 = German layout, others: reserved for more locales
000095                    ; Bits 5..7 (read only): Modifiers: 5 = shift, 6 = alt, 7 = ctrl
000096                    ; Only valid, when bits 0 and/or 1 are '1'
000097                    ;
000098                    IO$KBD_DATA                 .EQU 0xFF05                      ; Data register of USB keyboard
000099                    ; Contains the ASCII character in bits 7 downto 0 or the special key code
000100                    ; in 15 downto 8. The "or" is meant exclusive, i.e. it cannot happen that
000101                    ; one transmission contains an ASCII character PLUS a special character.
000102                    ;
000103                    ;---------------------------------------------------------------------------------------
000104                    ; Block FF08: SYSTEM COUNTERS
000105                    ;---------------------------------------------------------------------------------------
000106                    ;
000107                    ; CYCLE-COUNT-registers
000108                    ;
000109                    IO$CYC_LO                   .EQU 0xFF08                      ; low word of 48-bit counter
000110                    IO$CYC_MID                  .EQU 0xFF09                      ; middle word of 48-bit counter
000111                    IO$CYC_HI                   .EQU 0xFF0A                      ; high word of 48-bit counter
000112                    IO$CYC_STATE                .EQU 0xFF0B                      ; status register
000113                    ; Bit 0 (write only): Reset counter to zero and start counting, i.e.
000114                    ; bit 1 is automatically set to 1 when resetting
000115                    ; Bit 1 (read/write): Start/stop counter
000116                    ;
000117                    ; INSTRUCTION-COUNT-registers
000118                    ;
000119                    IO$INS_LO                   .EQU 0xFF0C                      ; low word of 48-bit counter
000120                    IO$INS_MID                  .EQU 0xFF0D                      ; middle word of 48-bit counter
000121                    IO$INS_HI                   .EQU 0xFF0E                      ; high word of 48-bit counter
000122                    IO$INS_STATE                .EQU 0xFF0F                      ; status register
000123                    ; Bit 0 (write only): Reset counter to zero and start counting, i.e.
000124                    ; bit 1 is automatically set to 1 when resetting
000125                    ; Bit 1 (read/write): Start/stop counter
000126                    ;
000127                    ;---------------------------------------------------------------------------------------
000128                    ; Block FF10: UART
000129                    ;---------------------------------------------------------------------------------------
000130                    ;
000131                    ; QNICE-FPGA supports: IO$UART_SRA, IO$UART_RHRA and IO$UART_THRA
000132                    ; The other registers are mentioned for completeness to map real hardware (16550)
000133                    ;
000134                    IO$UART_BASE_ADDRESS        .EQU 0xFF10
000135                    IO$UART_MR1A                .EQU 0xFF10                      ; n/a
000136                    IO$UART_MR1B                .EQU 0xFF10                      ; n/a
000137                    IO$UART_SRA                 .EQU 0xFF11                      ; Status register (relative to base address)
000138                    IO$UART_RHRA                .EQU 0xFF12                      ; Receiving register (relative to base address)
000139                    IO$UART_THRA                .EQU 0xFF13                      ; Transmitting register (relative to base address)
000140                    ;
000141                    ;---------------------------------------------------------------------------------------
000142                    ; Block FF18: EAE
000143                    ;---------------------------------------------------------------------------------------
000144                    ;
000145                    ; EAE (Extended Arithmetic Element) registers:
000146                    ;
000147                    IO$EAE_OPERAND_0            .EQU 0xFF18
000148                    IO$EAE_OPERAND_1            .EQU 0xFF19
000149                    IO$EAE_RESULT_LO            .EQU 0xFF1A
000150                    IO$EAE_RESULT_HI            .EQU 0xFF1B
000151                    IO$EAE_CSR                  .EQU 0xFF1C                      ; Command and Status Register
000152                    ;
000153                    ; EAE-Opcodes (CSR): 0x0000 MULU 32-bit result in LO HI
000154                    ; 0x0001 MULS 32-bit result in LO HI
000155                    ; 0x0002 DIVU result in LO, modulo in HI
000156                    ; 0x0003 DIVS result in LO, modulo in HI
000157                    ; Bit 15 of CSR is the busy bit. If it is set, the EAE is still busy crunching numbers.
000158                    ;
000159                    ;---------------------------------------------------------------------------------------
000160                    ; Block FF20: SD CARD
000161                    ;---------------------------------------------------------------------------------------
000162                    ;
000163                    ; SD CARD INTERFACE registers
000164                    ;
000165                    IO$SD_BASE_ADDRESS          .EQU 0xFF20
000166                    IO$SD_ADDR_LO               .EQU 0xFF20                      ; low word of 32bit linear SD card block address
000167                    IO$SD_ADDR_HI               .EQU 0xFF21                      ; high word of 32bit linear SD card block address
000168                    IO$SD_DATA_POS              .EQU 0xFF22 ; "Cursor" to navigate the 512-byte data buffer
000169                    IO$SD_DATA                  .EQU 0xFF23                      ; read/write 1 byte from/to the 512-byte data buffer
000170                    IO$SD_ERROR                 .EQU 0xFF24                      ; error code of last operation (read only)
000171                    IO$SD_CSR                   .EQU 0xFF25                      ; Command and Status Register (write to execute command)
000172                    ;
000173                    ; SD-Opcodes (CSR): 0x0000 Reset SD card
000174                    ; 0x0001 Read 512 bytes from the linear block address
000175                    ; 0x0002 Write 512 bytes to the linear block address
000176                    ; Bits 0 .. 2 are write-only (reading always returns 0)
000177                    ; Bits 13 .. 12 return the card type: 00 = no card / unknown card
000178                    ; 01 = SD V1
000179                    ; 10 = SD V2
000180                    ; 11 = SDHC
000181                    ; Bit 14 of the CSR is the error bit: 1, if the last operation failed. In such
000182                    ; a case, the error code is in IO$SD_ERROR and
000183                    ; you need to reset the controller to go on
000184                    ; Bit 15 of the CSR is the busy bit: 1, if current operation is still running
000185                    ;
000186                    ;---------------------------------------------------------------------------------------
000187                    ; Block FF28: TIMER 0 and 1
000188                    ;---------------------------------------------------------------------------------------
000189                    ;
000190                    ; Interrupt timer: There are two timers capable of generating interrupts.
000191                    ; Each timer is controlled by three 16 bit registers:
000192                    ;
000193                    ; IO$TIMER_x_PRE: The 100 kHz timer clock is divided by the value stored in
000194                    ; this device register. 100 (which corresponds to 0x0064 in
000195                    ; the prescaler register) yields a 1 millisecond pulse which
000196                    ; in turn is fed to the actual counter.
000197                    ; IO$TIMER_x_CNT: When the number of output pulses from the prescaler circuit
000198                    ; equals the number stored in this register, an interrupt will
000199                    ; be generated (if the interrupt address is 0x0000, the
000200                    ; interrupt will be suppressed).
000201                    ; IO$TIMER_x_INT: This register contains the address of the desired interrupt
000202                    ; service routine.
000203                    ;
000204                    IO$TIMER_BASE_ADDRESS       .EQU 0xFF28
000205                    IO$TIMER_0_PRE              .EQU 0xFF28
000206                    IO$TIMER_0_CNT              .EQU 0xFF29
000207                    IO$TIMER_0_INT              .EQU 0xFF2A
000208                    IO$TIMER_1_PRE              .EQU 0xFF2B
000209                    IO$TIMER_1_CNT              .EQU 0xFF2C
000210                    IO$TIMER_1_INT              .EQU 0xFF2D
000211                    ;
000212                    ;---------------------------------------------------------------------------------------
000213                    ; Block FF30: VGA (double block, 16 registers)
000214                    ;---------------------------------------------------------------------------------------
000215                    ;
000216                    VGA$STATE                   .EQU 0xFF30                      ; VGA status register
000217                                                ; Bits 11-10: Hardware scrolling / offset enable: Bit #10 enables the use
000218                                                ; of the offset register #4 (display offset) and bit #11
000219                                                ; enables the use of register #5 (read/write offset).
000220                                                ; Bit 9: Busy: VGA is currently busy, e.g. clearing the screen,
000221                                                ; printing, etc. While busy, commands will be ignored, but
000222                                                ; they can still be written into the registers, though
000223                                                ; Bit 8: Set bit to clear screen. Read bit to find out, if clear
000224                                                ; screen is still active
000225                                                ; Bit 7: VGA enable (1 = on; 0: no VGA signal is generated)
000226                                                ; Bit 6: Hardware cursor enable
000227                                                ; Bit 5: Hardware cursor blink enable
000228                                                ; Bit 4: Hardware cursor mode: 1 - small
000229                                                ; 0 - large
000230                                                ; Bits 2-0: Output color for the whole screen, bits (2, 1, 0) = RGB
000231                    VGA$CR_X                    .EQU 0xFF31                      ; VGA cursor X position
000232                    VGA$CR_Y                    .EQU 0xFF32                      ; VGA cursor Y position
000233                    VGA$CHAR                    .EQU 0xFF33                      ; write: VGA character to be displayed
000234                                                ; read: character "under" the cursor
000235                    VGA$OFFS_DISPLAY            .EQU 0xFF34                      ; Offset in bytes that is used when displaying
000236                                                ; the video RAM. Scrolling forward one line
000237                                                ; means adding 0x50 to this register.
000238                                                ; Only works, if bit #10 in VGA$STATE is set.
000239                    VGA$OFFS_RW                 .EQU 0xFF35                      ; Offset in bytes that is used, when you read
000240                                                ; or write to the video RAM using VGA$CHAR.
000241                                                ; Works independently from VGA$OFFS_DISPLAY.
000242                                                ; Active, when bit #11 in VGA$STATE is set.
000243                    VGA$HDMI_H_MIN              .EQU 0xFF36                      ; HDMI Data Enable: X: minimum valid column
000244                    VGA$HDMI_H_MAX              .EQU 0xFF37                      ; HDMI Data Enable: X: maximum valid column
000245                    VGA$HDMI_V_MAX              .EQU 0xFF38                      ; HDMI Data Enable: Y: maximum row (line)
000246                    ;
000247                    ;---------------------------------------------------------------------------------------
000248                    ; Block FFF0: MEGA65 (double block, 16 registers)
000249                    ;---------------------------------------------------------------------------------------
000250                    ;
000251                    ; HyperRAM
000252                    ;
000253                    IO$M65HRAM_LO               .EQU 0xFFF0                      ; Low word of address (15 downto 0)
000254                    IO$M65HRAM_HI               .EQU 0xFFF1                      ; High word of address (26 downto 16)
000255                    IO$M65HRAM_DATA8            .EQU 0xFFF2                      ; HyperRAM native 8-bit data in/out
000256                    IO$M65HRAM_DATA16           .EQU 0xFFF3                      ; HyperRAM 16-bit data in/out
000257                    
000258                    ;
000259                    ;***************************************************************************************
000260                    ;* Constant definitions
000261                    ;***************************************************************************************
000262                    ;
000263                    
000264                    ; ========== VGA ==========
000265                    
000266                    VGA$MAX_X                   .EQU 79                          ; Max. X-coordinate in decimal!
000267                    VGA$MAX_Y                   .EQU 39                          ; Max. Y-coordinate in decimal!
000268                    VGA$MAX_CHARS               .EQU 3200                        ; 80 * 40 chars
000269                    VGA$CHARS_PER_LINE          .EQU 80
000270                    
000271                    VGA$EN_HW_CURSOR            .EQU 0x0040                      ; Show hardware cursor
000272                    VGA$EN_HW_SCRL              .EQU 0x0C00                      ; Hardware scrolling enable
000273                    VGA$CLR_SCRN                .EQU 0x0100                      ; Clear screen
000274                    VGA$BUSY                    .EQU 0x0200                      ; VGA is currently performing a task
000275                    
000276                    VGA$COLOR_RED               .EQU 0x0004
000277                    VGA$COLOR_GREEN             .EQU 0x0002
000278                    VGA$COLOR_BLUE              .EQU 0x0001
000279                    VGA$COLOR_WHITE             .EQU 0x0007
000280                    
000281                    ; ========== CYCLE COUNTER ==========
000282                    
000283                    CYC$RESET                   .EQU 0x0001                      ; Reset cycle counter
000284                    CYC$RUN                     .EQU 0x0002                      ; Start/stop counter
000285                    
000286                    ; ========== CYCLE COUNTER ==========
000287                    
000288                    INS$RESET                   .EQU 0x0001                      ; Reset instruction counter
000289                    INS$RUN                     .EQU 0x0002                      ; Start/stop counter
000290                    
000291                    ; ========== EAE ==========
000292                    
000293                    EAE$MULU                    .EQU 0x0000                      ; Unsigned 16 bit multiplication
000294                    EAE$MULS                    .EQU 0x0001                      ; Signed 16 bit multiplication
000295                    EAE$DIVU                    .EQU 0x0002                      ; Unsigned 16 bit division with remainder
000296                    EAE$DIVS                    .EQU 0x0003                      ; Signed 16 bit division with remainder
000297                    EAE$BUSY                    .EQU 0x8000                      ; Busy flag (1 = operation still running)
000298                    
000299                    ; ========== SD CARD ==========
000300                    
000301                    SD$CMD_RESET                .EQU 0x0000                      ; Reset SD card
000302                    SD$CMD_READ                 .EQU 0x0001                      ; Read 512 bytes from SD to internal buffer
000303                    SD$CMD_WRITE                .EQU 0x0002                      ; Write 512 bytes from int. buf. to SD
000304                    SD$BIT_ERROR                .EQU 0x4000                      ; Error flag: 1, if last operation failed
000305                    SD$BIT_BUSY                 .EQU 0x8000                      ; Busy flag: 1, if current op. is still running
000306                    SD$TIMEOUT_MID              .EQU 0x0479                      ; equals ~75.000.000 cycles, i.e. 1.5sec @ 50 MHz
000307                    
000308                    SD$ERR_MASK                 .EQU 0x00FF                      ; AND mask for errors: HI byte = state machine info, so mask it for error checks
000309                    SD$ERR_R1_ERROR             .EQU 0x0001                      ; SD Card R1 error (R1 bit 6-0)
000310                    SD$ERR_CRC_OR_TIMEOUT       .EQU 0x0002                      ; Read CRC error or Write Timeout error
000311                    SD$ERR_RESPONSE_TOKEN       .EQU 0x0003                      ; Data Response Token error (Token bit 3)
000312                    SD$ERR_ERROR_TOKEN          .EQU 0x0004                      ; Data Error Token error (Token bit 3-0)
000313                    SD$ERR_WRITE_PROTECT        .EQU 0x0005                      ; SD Card Write Protect switch
000314                    SD$ERR_CARD_UNUSABLE        .EQU 0x0006                      ; Unusable SD card
000315                    SD$ERR_NO_CARD              .EQU 0x0007                      ; No SD card (no response from CMD0)
000316                    SD$ERR_READ_TIMEOUT         .EQU 0x0008 ; Timeout while trying to receive the read start token "FE"
000317                    SD$ERR_READWRITEJAM         .EQU 0xEE21                      ; Trying to write while pending read or trying to read while pending write
000318                    SD$ERR_TIMEOUT              .EQU 0xEEFF                      ; General timeout
000319                    
000320                    SD$CT_SD_V1                 .EQU 0x0001                      ; Card type: SD Version 1
000321                    SD$CT_SD_V2                 .EQU 0x0002                      ; Card type: SD Version 2
000322                    SD$CT_SDHC                  .EQU 0x0003                      ; Card type: SDHC (or SDXC)
000323                    
000324                    ; ========== FAT32 =============
000325                    
000326                    ; FAT32 ERROR CODES
000327                    
000328                    FAT32$ERR_MBR               .EQU 0xEE10                      ; no or illegal Master Boot Record (MBR) found
000329                    FAT32$ERR_PARTITION_NO      .EQU 0xEE11                      ; the partition number needs to be in the range 1 .. 4
000330                    FAT32$ERR_PARTTBL           .EQU 0xEE12                      ; no or illegal partition table entry found (e.g. no FAT32 partition)
000331                    FAT32$ERR_NOTIMPL           .EQU 0xEE13                      ; functionality is not implemented
000332                    FAT32$ERR_SIZE              .EQU 0xEE14                      ; partition size or volume size too large (see doc/constraints.txt)
000333                    FAT32$ERR_NOFAT32           .EQU 0xEE15                      ; illegal volume id (either not 512 bytes per sector, or not 2 FATs or wrong magic)
000334                    FAT32$ERR_ILLEGAL_SIC       .EQU 0xEE16                      ; trying to read/write a sector within a cluster that is out of range
000335                    FAT32$ERR_ILLEGAL_CLUS      .EQU 0xEE17                      ; trying to access an illegal cluster number
000336                    FAT32$ERR_CORRUPT_DH        .EQU 0xEE18                      ; corrupt directory handle (e.g. because current to-be-read offs > sector size)
000337                    FAT32$ERR_DIRNOTFOUND       .EQU 0xEE19                      ; directory not found (illegal path name passed to change directory command)
000338                    FAT32$ERR_FILENOTFOUND      .EQU 0xEE20                      ; file not found
000339                    FAT23$ERR_SEEKTOOLARGE      .EQU 0xEE21                      ; seek position > file size
000340                    
000341                    ; FAT32 STATUS CODES
000342                    
000343                    FAT32$EOF                   .EQU 0xEEEE                      ; end of file reached
000344                    
000345                    ; LAYOUT OF THE MOUNT DATA STRUCTURE (DEVICE HANDLE)
000346                    
000347                    FAT32$DEV_RESET             .EQU 0x0000                      ; pointer to device reset function
000348                    FAT32$DEV_BLOCK_READ        .EQU 0x0001                      ; pointer to 512-byte block read function
000349                    FAT32$DEV_BLOCK_WRITE       .EQU 0x0002                      ; pointer to 512-byte block write function
000350                    FAT32$DEV_BYTE_READ         .EQU 0x0003                      ; pointer to 1-byte read function (within block buffer)
000351                    FAT32$DEV_BYTE_WRITE        .EQU 0x0004                      ; pointer to 1-byte write function (within block buffer)
000352                    FAT32$DEV_PARTITION         .EQU 0x0005                      ; number of partition to be mounted
000353                    FAT32$DEV_FS_LO             .EQU 0x0006                      ; file system start address (LBA): low word
000354                    FAT32$DEV_FS_HI             .EQU 0x0007                      ; file system start address (LBA): high word
000355                    FAT32$DEV_FAT_LO            .EQU 0x0008                      ; fat start address (LBA): low word
000356                    FAT32$DEV_FAT_HI            .EQU 0x0009                      ; fat start address (LBA): high word
000357                    FAT32$DEV_CLUSTER_LO        .EQU 0x000A                      ; cluster start address (LBA): low word
000358                    FAT32$DEV_CLUSTER_HI        .EQU 0x000B                      ; cluster start address (LBA): high word
000359                    FAT32$DEV_SECT_PER_CLUS     .EQU 0x000C                      ; sectors per cluster
000360                    FAT32$DEV_RD_1STCLUS_LO     .EQU 0x000D                      ; root directory first cluster: low word
000361                    FAT32$DEV_RD_1STCLUS_HI     .EQU 0x000E                      ; root directory first cluster: high word
000362                    FAT32$DEV_AD_1STCLUS_LO     .EQU 0x000F                      ; currently active directory first cluster: low word
000363                    FAT32$DEV_AD_1STCLUS_HI     .EQU 0x0010                      ; currently active directory first cluster: high word
000364                    FAT32$DEV_BUFFERED_FDH      .EQU 0x0011                      ; FDH which is responsible for the current 512 byte hardware buffer filling
000365                    
000366                    FAT32$DEV_STRUCT_SIZE       .EQU 0x0012                      ; size (words) of the mount data structure (device handle)
000367                    
000368                    ; LAYOUT OF THE FILE HANDLE AND DIRECTORY HANDLE (FDH)
000369                    
000370                    FAT32$FDH_DEVICE            .EQU 0x0000                      ; pointer to the device handle
000371                    FAT32$FDH_CLUSTER_LO        .EQU 0x0001                      ; current cluster (low word)
000372                    FAT32$FDH_CLUSTER_HI        .EQU 0x0002                      ; current cluster (high word)
000373                    FAT32$FDH_SECTOR            .EQU 0x0003                      ; current sector
000374                    FAT32$FDH_INDEX             .EQU 0x0004                      ; current byte index within current sector
000375                    FAT32$FDH_SIZE_LO           .EQU 0x0005                      ; only if FDH is a file: low word of file size, otherwise undefined
000376                    FAT32$FDH_SIZE_HI           .EQU 0x0006                      ; only if FDH is a file: high word of file size, otherwise undefined
000377                    FAT32$FDH_ACCESS_LO         .EQU 0x0007                      ; only if FDH is a file: low word of already read/written amount of bytes
000378                    FAT32$FDH_ACCESS_HI         .EQU 0x0008                      ; only if FDH is a file: high word of already read/written amount of bytes
000379                    FAT32$FDH_START_CLUS_LO     .EQU 0x0009                      ; only if FDH is a file: start of file: cluster (low word)
000380                    FAT32$FDH_START_CLUS_HI     .EQU 0x000A                      ; only if FDH is a file: start of file: cluster (high word)
000381                    FAT32$FDH_FLAGS             .EQU 0x000B                      ; status flags
000382                    
000383                    FAT32$FDH_STRUCT_SIZE       .EQU 0x000C                      ; size of the directory handle structure
000384                    
000385                    ; Flags used by FAT32$FDH_FLAGS
000386                    
000387                    FAT32$FDHF_DIRTY            .EQU 0x0001                      ; bit 0: sector buffer is dirty due to a write access
000388                    
000389                    ; FILE ATTRIBUTES
000390                    
000391                    FAT32$FA_READ_ONLY          .EQU 0x0001                      ; read only file
000392                    FAT32$FA_HIDDEN             .EQU 0x0002                      ; hidden file
000393                    FAT32$FA_SYSTEM             .EQU 0x0004                      ; system file
000394                    FAT32$FA_VOLUME_ID          .EQU 0x0008                      ; volume id (name of the volume)
000395                    FAT32$FA_DIR                .EQU 0x0010                      ; directory
000396                    FAT32$FA_ARCHIVE            .EQU 0x0020                      ; archive flag
000397                    
000398                    FAT32$FA_DEFAULT            .EQU 0x0035                      ; browse for non hidden files and directories but not for the volume id
000399                    FAT32$FA_ALL                .EQU 0x0037                      ; browse for all files, but not for the volume id
000400                    
000401                    ; LAYOUT OF THE DIRECTORY ENTRY STRUCTURE
000402                    
000403                    FAT32$DE_NAME               .EQU 0x0000                      ; volume, file or directory name, zero terminated (max 256 characters)
000404                    FAT32$DE_ATTRIB             .EQU 0x0101                      ; file attributes (read-only, hidden, system, volume id, directory, archive)
000405                    FAT32$DE_SIZE_LO            .EQU 0x0102                      ; file size: low word
000406                    FAT32$DE_SIZE_HI            .EQU 0x0103                      ; file size: high word
000407                    FAT32$DE_YEAR               .EQU 0x0104                      ; last file write: year (valid range 1980 .. 2107)
000408                    FAT32$DE_MONTH              .EQU 0x0105                      ; last file write: month
000409                    FAT32$DE_DAY                .EQU 0x0106                      ; last file write: day
000410                    FAT32$DE_HOUR               .EQU 0x0107                      ; last file write: hour
000411                    FAT32$DE_MINUTE             .EQU 0x0108                      ; last file write: minute
000412                    FAT32$DE_SECOND             .EQU 0x0109                      ; last file write: second (in 2 second steps, valid range 0 .. 58)
000413                    FAT32$DE_CLUS_LO            .EQU 0x010A                      ; start cluster: low word
000414                    FAT32$DE_CLUS_HI            .EQU 0x010B                      ; start cluster: high word
000415                    
000416                    FAT32$DE_STRUCT_SIZE        .EQU 0x010C                      ; size (words) of the directory entry data structure of the
000417                    
000418                    ; DISPLAY FLAGS FOR FILE ENTRY PRETTY PRINTER
000419                    
000420                    FAT32$PRINT_SHOW_DIR        .EQU 0x0001 ; show "<DIR>" indicator
000421                    FAT32$PRINT_SHOW_ATTRIB     .EQU 0x0002 ; show attributes as "HRSA"
000422                    FAT32$PRINT_SHOW_SIZE       .EQU 0x0004                      ; show file size
000423                    FAT32$PRINT_SHOW_DATE       .EQU 0x0008                      ; show file date as YYYY-MM-DD
000424                    FAT32$PRINT_SHOW_TIME       .EQU 0x0010                      ; show file time as HH:MM
000425                    
000426                    FAT32$PRINT_DEFAULT         .EQU 0x001D                      ; print <DIR> indicator, size, date and time (no attributes)
000427                    FAT32$PRINT_ALL             .EQU 0x001F                      ; print all details
000428                    
000429                    ; ========== KEYBOARD ==========
000430                    
000431                    ; STATUS REGISTER
000432                    
000433                    KBD$NEW_ASCII               .EQU 0x0001                      ; new ascii character available
000434                    KBD$NEW_SPECIAL             .EQU 0x0002                      ; new special key available
000435                    KBD$NEW_ANY                 .EQU 0x0003                      ; any new key available
000436                    
000437                    KBD$ASCII                   .EQU 0x00FF                      ; mask the special keys
000438                    KBD$SPECIAL                 .EQU 0xFF00                      ; mask the ascii keys
000439                    
000440                    KBD$LOCALE                  .EQU 0x001C                      ; bit mask for checking locales
000441                    KBD$LOCALE_US               .EQU 0x0000                      ; default: US keyboard layout
000442                    KBD$LOCALE_DE               .EQU 0x0004                      ; DE: German keyboard layout
000443                    
000444                    KBD$MODIFIERS               .EQU 0x00E0                      ; bit mask for checking modifiers
000445                    KBD$SHIFT                   .EQU 0x0020 ; modifier "SHIFT" pressed
000446                    KBD$ALT                     .EQU 0x0040 ; modifier "ALT" pressed
000447                    KBD$CTRL                    .EQU 0x0080 ; modifier "CTRL" pressed
000448                    
000449                    ; READ REGISTER: COMMON ASCII CODES
000450                    
000451                    KBD$SPACE                   .EQU 0x0020
000452                    KBD$ENTER                   .EQU 0x000D
000453                    KBD$ESC                     .EQU 0x001B
000454                    KBD$TAB                     .EQU 0x0009
000455                    KBD$BACKSPACE               .EQU 0x0008
000456                    
000457                    ; READ REGISTER: SPECIAL KEYS
000458                    
000459                    KBD$F1                      .EQU 0x0100
000460                    KBD$F2                      .EQU 0x0200
000461                    KBD$F3                      .EQU 0x0300
000462                    KBD$F4                      .EQU 0x0400
000463                    KBD$F5                      .EQU 0x0500
000464                    KBD$F6                      .EQU 0x0600
000465                    KBD$F7                      .EQU 0x0700
000466                    KBD$F8                      .EQU 0x0800
000467                    KBD$F9                      .EQU 0x0900
000468                    KBD$F10                     .EQU 0x0A00
000469                    KBD$F11                     .EQU 0x0B00
000470                    KBD$F12                     .EQU 0x0C00
000471                    
000472                    KBD$CUR_UP                  .EQU 0x1000
000473                    KBD$CUR_DOWN                .EQU 0x1100
000474                    KBD$CUR_LEFT                .EQU 0x1200
000475                    KBD$CUR_RIGHT               .EQU 0x1300
000476                    KBD$PG_UP                   .EQU 0x1400
000477                    KBD$PG_DOWN                 .EQU 0x1500
000478                    KBD$HOME                    .EQU 0x1600
000479                    KBD$END                     .EQU 0x1700
000480                    KBD$INS                     .EQU 0x1800
000481                    KBD$DEL                     .EQU 0x1900
000482                    
000483                    ; READ REGISTER: CTRL + character is also mapped to an ASCII code
000484                    
000485                    KBD$CTRL_A                  .EQU 0x0001
000486                    KBD$CTRL_B                  .EQU 0x0002
000487                    KBD$CTRL_C                  .EQU 0x0003
000488                    KBD$CTRL_D                  .EQU 0x0004
000489                    KBD$CTRL_E                  .EQU 0x0005
000490                    KBD$CTRL_F                  .EQU 0x0006
000491                    KBD$CTRL_G                  .EQU 0x0007
000492                    KBD$CTRL_H                  .EQU 0x0008
000493                    KBD$CTRL_I                  .EQU 0x0009
000494                    KBD$CTRL_J                  .EQU 0x000A
000495                    KBD$CTRL_K                  .EQU 0x000B
000496                    KBD$CTRL_L                  .EQU 0x000C
000497                    KBD$CTRL_M                  .EQU 0x000D
000498                    KBD$CTRL_N                  .EQU 0x000E
000499                    KBD$CTRL_O                  .EQU 0x000F
000500                    KBD$CTRL_P                  .EQU 0x0010
000501                    KBD$CTRL_Q                  .EQU 0x0011
000502                    KBD$CTRL_R                  .EQU 0x0012
000503                    KBD$CTRL_S                  .EQU 0x0013
000504                    KBD$CTRL_T                  .EQU 0x0014
000505                    KBD$CTRL_U                  .EQU 0x0015
000506                    KBD$CTRL_V                  .EQU 0x0016
000507                    KBD$CTRL_W                  .EQU 0x0017
000508                    KBD$CTRL_X                  .EQU 0x0018
000509                    KBD$CTRL_Y                  .EQU 0x0019
000510                    KBD$CTRL_Z                  .EQU 0x001A
000511                    
000512                    ;
000513                    ; Useful ASCII constants:
000514                    ;
000515                    CHR$BELL                    .EQU 0x0007                      ; ASCII-BELL character
000516                    CHR$TAB                     .EQU 0x0009                      ; ASCII-TAB character
000517                    CHR$SPACE                   .EQU 0x0020                      ; ASCII-Space
000518                    CHR$CR                      .EQU 0x000d                      ; Carriage return
000519                    CHR$LF                      .EQU 0x000a                      ; Line feed
000520                    ;;
000521                    ;; This is an automatically generated definition file!
000522                    ;; Do NOT change manually!
000523                    ;;
000524                    reset                       .EQU 0x0000
000525                    getc                        .EQU 0x0002
000526                    putc                        .EQU 0x0004
000527                    gets                        .EQU 0x0006
000528                    puts                        .EQU 0x0008
000529                    crlf                        .EQU 0x000A
000530                    til                         .EQU 0x000C
000531                    muls                        .EQU 0x000E
000532                    memset                      .EQU 0x0010
000533                    memcpy                      .EQU 0x0012
000534                    wait                        .EQU 0x0014
000535                    exit                        .EQU 0x0016
000536                    chr2upper                   .EQU 0x0018
000537                    str2upper                   .EQU 0x001A
000538                    strlen                      .EQU 0x001C
000539                    chomp                       .EQU 0x001E
000540                    strcmp                      .EQU 0x0020
000541                    strchr                      .EQU 0x0022
000542                    gethex                      .EQU 0x0024
000543                    puthex                      .EQU 0x0026
000544                    mulu                        .EQU 0x0028
000545                    vga_cls                     .EQU 0x002A
000546                    divu                        .EQU 0x002C
000547                    divs                        .EQU 0x002E
000548                    chr2lower                   .EQU 0x0030
000549                    mulu32                      .EQU 0x0032
000550                    divu32                      .EQU 0x0034
000551                    split                       .EQU 0x0036
000552                    h2dstr                      .EQU 0x0038
000553                    sd_reset                    .EQU 0x003A
000554                    sd_r_block                  .EQU 0x003C
000555                    sd_w_block                  .EQU 0x003E
000556                    sd_r_byte                   .EQU 0x0040
000557                    sd_w_byte                   .EQU 0x0042
000558                    f32_mnt_sd                  .EQU 0x0044
000559                    f32_mnt                     .EQU 0x0046
000560                    f32_od                      .EQU 0x0048
000561                    f32_ld                      .EQU 0x004A
000562                    f32_cd                      .EQU 0x004C
000563                    f32_pd                      .EQU 0x004E
000564                    f32_fopen                   .EQU 0x0050
000565                    f32_fread                   .EQU 0x0052
000566                    f32_fseek                   .EQU 0x0054
000567                    gets_s                      .EQU 0x0056
000568                    gets_slf                    .EQU 0x0058
000569                    vga_init                    .EQU 0x005A
000570                    in_range_u                  .EQU 0x005C
000571                    enter                       .EQU 0x005E
000572                    leave                       .EQU 0x0060
000573                    strcpy                      .EQU 0x0062
000574                    strstr                      .EQU 0x0064
000575                    f32_fwrite                  .EQU 0x0066
000576                    f32_fflush                  .EQU 0x0068
000577                    f32_fclose                  .EQU 0x006A
000578                    strrplchr                   .EQU 0x006C
000579                    ; ****************************************************************************
000580                    ; MiSTer2MEGA65 (M2M) QNICE ROM
000581                    ;
000582                    ; System definition file for registers and MMIO
000583                    ;
000584                    ; done by sy2002 in 2022 and licensed under GPL v3
000585                    ; ****************************************************************************
000586                    
000587                    ; ----------------------------------------------------------------------------
000588                    ; Control and status register
000589                    ; ----------------------------------------------------------------------------
000590                    
000591                    M2M$CSR                     .EQU 0xFFE0
000592                                                ; Bit 0: Reset the MiSTer core
000593                                                ; Bit 1: Pause the MiSTer core
000594                                                ; Bit 2: Show On-Screen-Menu (OSM) as an overlay over core output
000595                                                ; Bit 3: Keyboard connection between M65 keyb. and the core
000596                                                ; Bit 4: Joy. port 1 connection between M65 joy. port and core
000597                                                ; Bit 5: Joy. port 2 connection between M65 joy. port and core
000598                                                ; Bit 6: SD Card: Mode: 0=Auto: SD card automatically switches
000599                                                ; between the internal card (bottom tray) and the external
000600                                                ; card (back slot). The external card has higher precedence.
000601                                                ; Bit 7: SD Card: If Mode=1: 0=force internal / 1=force external
000602                                                ; Bit 8: SD Card: Currently active: 0=internal / 1=external
000603                                                ; Bit 9: SD Card: Internal SD card detected
000604                                                ; Bit 10: SD Card: External SD card detected
000605                                                ; Bit 11: Ascal autoset: If set to 1: M2M$ASCAL_MODE (which is
000606                                                ; controlling QNICE ouput port ascal_mode_o) is automatically
000607                                                ; kept in sync with ascal_mode_i
000608                                                ; Bits 12..15: RESERVED
000609                                                ;
000610                                                ; Bits 8, 9, 10 are read-only
000611                    
000612                    M2M$CSR_RESET               .EQU 0x0001
000613                    M2M$CSR_UN_RESET            .EQU 0xFFFE
000614                    M2M$CSR_PAUSE               .EQU 0x0002
000615                    M2M$CSR_UN_PAUSE            .EQU 0xFFFD
000616                    M2M$CSR_OSM                 .EQU 0x0004
000617                    M2M$CSR_UN_OSM              .EQU 0xFFFB
000618                    M2M$CSR_KBD                 .EQU 0x0008
000619                    M2M$CSR_UN_KBD              .EQU 0xFFF7
000620                    M2M$CSR_JOY1                .EQU 0x0010
000621                    M2M$CSR_UN_JOY1             .EQU 0xFFEF
000622                    M2M$CSR_JOY2                .EQU 0x0020
000623                    M2M$CSR_UN_JOY2             .EQU 0xFFDF
000624                    M2M$CSR_SD_MODE             .EQU 0x0040
000625                    M2M$CSR_UN_SD_MODE          .EQU 0xFFBF
000626                    M2M$CSR_SD_FORCE            .EQU 0x0080
000627                    M2M$CSR_UN_SD_FORCE         .EQU 0xFF7F
000628                    M2M$CSR_SD_ACTIVE           .EQU 0x0100
000629                    M2M$CSR_UN_SD_ACTIVE        .EQU 0xFEFF
000630                    M2M$CSR_SD_DET_INT          .EQU 0x0200
000631                    M2M$CSR_UN_SD_DET_INT       .EQU 0xFDFF
000632                    M2M$CSR_SD_DET_EXT          .EQU 0x0400
000633                    M2M$CSR_UN_SD_DET_EXT       .EQU 0xFBFF
000634                    M2M$CSR_ASCAL_AUTO          .EQU 0x0800
000635                    M2M$CSR_UN_ASCAL_AUTO       .EQU 0xF7FF
000636                    
000637                    M2M$CSR_KBD_JOY             .EQU 0x0038
000638                    M2M$CSR_UN_KBD_JOY          .EQU 0xFFC7
000639                    
000640                    ; ----------------------------------------------------------------------------
000641                    ; VGA and On-Screen-Menu (OSM)
000642                    ; ----------------------------------------------------------------------------
000643                    
000644                    ; All coordinates and sizes in the OSM context are specified in characters
000645                    ; The high-byte of the 16-bit value is always x or dx and the low-byte y or dy
000646                    
000647                    ; When bit 2 of the CSR = 1, then the OSM is shown at the coordinates
000648                    ; and in the size given by these two registers, i.e. these registers are used
000649                    ; by the display hardware
000650                    M2M$OSM_XY                  .EQU 0xFFE1                      ; x|y coordinates
000651                    M2M$OSM_DXDY                .EQU 0xFFE2                      ; dx|dy width and height
000652                    
000653                    ; Screen attributes: Single bits
000654                    M2M$SA_INVERSE              .EQU 0x80
000655                    M2M$SA_DARK                 .EQU 0x40
000656                    M2M$SA_BG_RED               .EQU 0x20
000657                    M2M$SA_BG_GREEN             .EQU 0x10
000658                    M2M$SA_BG_BLUE              .EQU 0x08
000659                    M2M$SA_FG_RED               .EQU 0x04
000660                    M2M$SA_FG_GREEN             .EQU 0x02
000661                    M2M$SA_FG_BLUE              .EQU 0x01
000662                    
000663                    ; Screen attributes: Common bit-combinations
000664                    M2M$SA_COL_STD              .EQU 0x0B                        ; cyan font on blue background
000665                    M2M$SA_COL_STD_INV          .EQU 0x8B                        ; inverse standard
000666                    M2M$SA_COL_TTLE             .EQU 0x0E                        ; Title: Yellow on blue background
000667                    M2M$SA_COL_TTLE_INV         .EQU 0x8E                        ; inverse Title
000668                    M2M$SA_COL_SEL              .EQU 0x0F                        ; selection: white font on blue background
000669                    
000670                    ; Special characters in font Anikki-16x16
000671                    M2M$FC_TL                   .EQU 201                         ; fat top/left corner
000672                    M2M$FC_SH                   .EQU 205                         ; fat straight horizontal
000673                    M2M$FC_TR                   .EQU 187                         ; fat top/right corner
000674                    M2M$FC_SV                   .EQU 186                         ; fat straight vertical
000675                    M2M$FC_BL                   .EQU 200                         ; fat bottom/left corner
000676                    M2M$FC_BR                   .EQU 188                         ; fat bottom/right corner
000677                    M2M$FC_HE_LEFT              .EQU 185                         ; fat straight horiz. line ends: left part
000678                    M2M$FC_HE_RIGHT             .EQU 204                         ; fat straight horiz. line ends: right part
000679                    M2M$NC_SH                   .EQU 196                         ; normal straight horizontal
000680                    M2M$NC_VE_LEFT              .EQU 199                         ; normal vertical line end: left part
000681                    M2M$NC_VE_RIGHT             .EQU 182                         ; normal vertical line end: right part
000682                    M2M$DIR_L                   .EQU 17                          ; left char for displaying a directory
000683                    M2M$DIR_R                   .EQU 16                          ; right char for displaying a directory
000684                    M2M$OPT_SEL_MULTI           .EQU 7                           ; selection char for options menu: multi-sel.
000685                    M2M$OPT_SEL_SINGLE          .EQU 61                          ; ditto for single select
000686                    M2M$LD_PROGRESS             .EQU 254                         ; character used for progress bar
000687                    M2M$LD_SPACE                .EQU 32                          ; space character
000688                    
000689                    ; ----------------------------------------------------------------------------
000690                    ; HDMI: Avalon Scaler (ascal.vhd)
000691                    ; ----------------------------------------------------------------------------
000692                    
000693                    M2M$ASCAL_MODE              .EQU 0xFFE3                      ; ascal mode register
000694                                                ; this reg. is read-only if CSR bit 11 = 1
000695                    
000696                    ; ascal mode: bits 2 downto 0
000697                    M2M$ASCAL_NEAREST           .EQU 0x0000                      ; Nearest neighbor
000698                    M2M$ASCAL_BILINEAR          .EQU 0x0001                      ; Bilinear
000699                    M2M$ASCAL_SBILINEAR         .EQU 0x0002                      ; Sharp Bilinear
000700                    M2M$ASCAL_BICUBIC           .EQU 0x0003                      ; Bicubic
000701                    M2M$ASCAL_POLYPHASE         .EQU 0x0004                      ; Polyphase filter (used for CRT emulation)
000702                    
000703                    ; ascal Polyphase addresses
000704                    M2M$ASCAL_PP_HORIZ          .EQU 0x0000
000705                    M2M$ASCAL_PP_VERT           .EQU 0x0100
000706                    
000707                    ; ascal mode: bits 3 and 4
000708                    M2M$ASCAL_TRIPLEBUF         .EQU 0x0008                      ; Activate triple-buffering
000709                    M2M$ASCAL_RESERVED          .EQU 0x0010                      ; reserved (see ascal.vhd)
000710                    
000711                    ; ----------------------------------------------------------------------------
000712                    ; Special-purpose and general-purpose 16-bit input flags
000713                    ; Read-only; direct pass through from SOC inputs, not buffered in a register.
000714                    ; (Currently reserved and not used, yet)
000715                    ; ----------------------------------------------------------------------------
000716                    
000717                    ; special-purpose register that gets its semantics via the Shell firmware
000718                    M2M$SPECIAL                 .EQU 0xFFE4
000719                    
000720                    ; general-purpose register, can be freely used and is not used by the Shell
000721                    M2M$GENERAL                 .EQU 0xFFE5
000722                    
000723                    ; ----------------------------------------------------------------------------
000724                    ; Keyboard for the framework (independent from the keyboard of the core)
000725                    ; ----------------------------------------------------------------------------
000726                    
000727                    ; Low active realtime snapshot of the currently pressed keys (read-only)
000728                    ; (MMIO "qnice_keys_o" register of m2m_keys.vhd)
000729                    M2M$KEYBOARD                .EQU 0xFFE8
000730                    
000731                    ; Typematic delay (DLY) and typematic repeat (SPD)
000732                    ; DLY: How long needs the key to be pressed, until the typematic repeat starts
000733                    ; SPD: How fast will the pressed key be repeated
000734                    ; IMPORTANT: These values are empiric and relative to QNICE V1.61
000735                    M2M$TYPEMATIC_DLY           .EQU 0x8000                      ; ~0.5sec in QNICE V1.61
000736                    M2M$TYPEMATIC_SPD           .EQU 0x1000                      ; ~12 per sec
000737                    
000738                    ; Definition of the bits in M2M$KEYBOARD
000739                    M2M$KEY_UP                  .EQU 0x0001
000740                    M2M$KEY_DOWN                .EQU 0x0002
000741                    M2M$KEY_LEFT                .EQU 0x0004
000742                    M2M$KEY_RIGHT               .EQU 0x0008
000743                    M2M$KEY_RETURN              .EQU 0x0010
000744                    M2M$KEY_SPACE               .EQU 0x0020
000745                    M2M$KEY_RUNSTOP             .EQU 0x0040
000746                    M2M$KEY_HELP                .EQU 0x0080
000747                    M2M$KEY_F1                  .EQU 0x0100
000748                    M2M$KEY_F3                  .EQU 0x0200
000749                    
000750                    ; ----------------------------------------------------------------------------
000751                    ; 256-bit General purpose control flags
000752                    ; ----------------------------------------------------------------------------
000753                    
000754                    ; 256-bit directly controled by the programmer (not used by the Shell)
000755                    ; Select a window between 0 and 15 in M2M$CFD_ADDR and access the control
000756                    ; flags sliced into 16-bit chunks via M2M$CFD_DATA
000757                    ; exposed by QNICE via control_d_o
000758                    M2M$CFD_ADDR                .EQU 0xFFF0
000759                    M2M$CFD_DATA                .EQU 0xFFF1
000760                    
000761                    ; 256-bit controled by the Shell via the options menu, i.e. the menu that
000762                    ; opens when the core is running and the user presses "Help" on the keyboard:
000763                    ; the bit order is: bit 0 = topmost menu entry, the mapping is 1-to-1 to
000764                    ; OPTM_ITEMS / OPTM_GROUPS in config.vhd
000765                    ; exposed by QNICE via control_m_o; M2M$CFM_ADDR runs from 0 to 15
000766                    M2M$CFM_ADDR                .EQU 0xFFF2
000767                    M2M$CFM_DATA                .EQU 0xFFF3
000768                    
000769                    ; ----------------------------------------------------------------------------
000770                    ; MMIO 4k-segmented access to RAMs, ROMs and similarily behaving devices
000771                    ; ----------------------------------------------------------------------------
000772                    
000773                    M2M$RAMROM_DEV              .EQU 0xFFF4
000774                                                ; Devices 0x0000 .. 0x00FF: RESERVED (see below)
000775                                                ; Devices 0x0100 .. 0xFFFF: Free to be used for any RAM, ROM or device
000776                                                ; that behaves like a RAM or ROM from the
000777                                                ; perspective of QNICE
000778                    
000779                    M2M$VRAM_DATA               .EQU 0x0000                      ; Device for VRAM: Data
000780                    M2M$VRAM_ATTR               .EQU 0x0001                      ; Device for VRAM: Attributes
000781                    M2M$CONFIG                  .EQU 0x0002                      ; Static Shell config data (config.vhd)
000782                    M2M$ASCAL_PPHASE            .EQU 0x0003                      ; ascal.vhd Polyphase filter RAM
000783                    M2M$HYPERRAM                .EQU 0x0004                      ; Device for the built-in 8MB of HyperRAM
000784                    M2M$SDRAM                   .EQU 0x0005                      ; @TODO/RESERVED for future R4 boards
000785                    
000786                    M2M$SYS_INFO                .EQU 0x00FF                      ; Device for System Info
000787                    
000788                    M2M$RAMROM_4KWIN            .EQU 0xFFF5                      ; 4k window selector
000789                    M2M$RAMROM_DATA             .EQU 0x7000                      ; 4k MMIO window to read/write
000790                    
000791                    ; ----------------------------------------------------------------------------
000792                    ; Sysinfo device: Selectors and addresses
000793                    ; ----------------------------------------------------------------------------
000794                    
000795                    ; Selectors (4k windows)
000796                    M2M$SYS_VDRIVES             .EQU 0x0000                      ; vdrives constants (globals.vhd)
000797                    M2M$SYS_VGA                 .EQU 0x0010                      ; gfx adaptor 0: VGA
000798                    M2M$SYS_HDMI                .EQU 0x0011                      ; gfx adaptor 1: HDMI
000799                    M2M$SYS_CRTSANDROMS         .EQU 0x0020                      ; sim. CRTs. & ROMs (globals.vhd)
000800                    M2M$SYS_CORE                .EQU 0x0030                      ; info about the MiSTer core
000801                    
000802                    ; The following read-only registers are meant to be used by the QNICE
000803                    ; firmware. They enable the ability to specify the hardware screen resolution
000804                    ; in characters as well as the start coordinates and size of the main screen.
000805                    ; The position and size of the option menu is deducted.
000806                    M2M$SYS_DXDY                .EQU 0x7000
000807                    M2M$SHELL_M_XY              .EQU 0x7001                      ; main screen: x|y start coordinates
000808                    M2M$SHELL_M_DXDY            .EQU 0x7002                      ; main screen: dx|dy width and height
000809                    
000810                    ; M2M$SYS_CORE registers: measurement from ASCAL
000811                    M2M$SYS_CORE_X              .EQU 0x7000                      ; visible dx measurement from ASCAL
000812                    M2M$SYS_CORE_Y              .EQU 0x7001                      ; visible dy measurement from ASCAL
000813                    
000814                    ; M2M$SYS_CORE registers: measurement from M2M component
000815                    M2M$SYS_CORE_H_PXLS         .EQU 0x7002                      ; visible dx
000816                    M2M$SYS_CORE_V_PXLS         .EQU 0x7003                      ; visible dy
000817                    M2M$SYS_CORE_H_PLSE         .EQU 0x7004                      ; horizontal pulse
000818                    M2M$SYS_CORE_H_BP           .EQU 0x7005                      ; horizontal back porch
000819                    M2M$SYS_CORE_H_FP           .EQU 0x7006                      ; horizontal front porch
000820                    M2M$SYS_CORE_V_PLSE         .EQU 0x7007                      ; vertical pulse
000821                    M2M$SYS_CORE_V_BP           .EQU 0x7008                      ; vertical back porch
000822                    M2M$SYS_CORE_V_FP           .EQU 0x7009                      ; vertical front porch
000823                    M2M$SYS_CORE_H_FREQ         .EQU 0x700A                      ; horizontal frequency in Hz
000824                    
000825                    ; ----------------------------------------------------------------------------
000826                    ; Static Shell configuration data (config.vhd): Selectors and addresses
000827                    ; ----------------------------------------------------------------------------
000828                    
000829                    ; Selectors (4k windows)
000830                    
000831                    M2M$CFG_WHS                 .EQU 0x1000                      ; Welcome & Help screens
000832                    M2M$CFG_DIR_START           .EQU 0x0100                      ; Start folder for file browser
000833                    M2M$CFG_CFG_FILE            .EQU 0x0101                      ; Config file for OSM persistence
000834                    M2M$CFG_GENERAL             .EQU 0x0110                      ; General configuration settings
000835                    M2M$CFG_CORENAME            .EQU 0x0200                      ; String: name and version of core
000836                    
000837                    M2M$CFG_OPTM_ITEMS          .EQU 0x0300 ; "Help" menu / Options menu items
000838                    M2M$CFG_OPTM_GROUPS         .EQU 0x0301                      ; Menu groups
000839                    M2M$CFG_OPTM_STDSEL         .EQU 0x0302                      ; Menu items that are selected by default
000840                    M2M$CFG_OPTM_LINES          .EQU 0x0303                      ; Separator lines
000841                    M2M$CFG_OPTM_START          .EQU 0x0304                      ; Position of very first cursor pos
000842                    M2M$CFG_OPTM_ICOUNT         .EQU 0x0305                      ; Amount of menu items
000843                    M2M$CFG_OPTM_MOUNT          .EQU 0x0306                      ; Menu item = mount a drive
000844                    M2M$CFG_OPTM_SINGLE         .EQU 0x0307                      ; Single-select menu item
000845                    M2M$CFG_OPTM_MSTR           .EQU 0x0308                      ; Mount string to display instead of %s
000846                    M2M$CFG_OPTM_DIM            .EQU 0x0309                      ; DX and DY of Options/Help menu
000847                    M2M$CFG_OPTM_SSTR           .EQU 0x030A                      ; Saving string to display instead of %s
000848                    M2M$CFG_OPTM_HELP           .EQU 0x0310                      ; Menu item = show a help menu
000849                    M2M$CFG_OPTM_CRTROM         .EQU 0x0311                      ; Menu item = manually load CRT/ROM
000850                    M2M$CFG_OPTM_CRSTR          .EQU 0x0312                      ; CRT/ROM load str. to show instead of %s
000851                    
000852                    ; M2M$CFG_WHS
000853                    
000854                    M2M$WHS_PAGES               .EQU 0x7FFF                      ; Amount of pages in current WHS element
000855                    M2M$WHS_WELCOME             .EQU 0x0000                      ; WHS array element: Welcome page
000856                    M2M$WHS_HELP_INDEX          .EQU 0x0001                      ; WHS array: Help pages start with index 1
000857                    M2M$WHS_HELP_NEXT           .EQU 0x0100                      ; WHS array element: Next help structure
000858                    M2M$WHS_PAGE_NEXT           .EQU 0x0001                      ; WHS array element: Next page / prev page
000859                    
000860                    ; M2M$CFG_OPTM_DIM: Addresses
000861                    
000862                    M2M$SHELL_O_DX              .EQU 0x7000                      ; Width of Help/Options menu
000863                    M2M$SHELL_O_DY              .EQU 0x7001                      ; Height of Help/Options menu
000864                    
000865                    ; M2M$CFG_GENERAL Addresses
000866                    
000867                    M2M$CFG_RP_COUNTER          .EQU 0x7001 ; keep reset for a "QNICE loop while"
000868                    M2M$CFG_RP_PAUSE            .EQU 0x7002                      ; pause core when any OSD opens
000869                    M2M$CFG_RP_WELCOME          .EQU 0x7003                      ; show the welcome screen in general
000870                    M2M$CFG_RP_WLCM_RST         .EQU 0x7004                      ; show welcome screen after reset
000871                    M2M$CFG_RP_KB_RST           .EQU 0x7005                      ; connect the keyboard at reset
000872                    M2M$CFG_RP_J1_RST           .EQU 0x7006                      ; connect the joystick 1 at reset
000873                    M2M$CFG_RP_J2_RST           .EQU 0x7007                      ; connect the joystick 2 at reset
000874                    M2M$CFG_RP_KB_OSD           .EQU 0x7008                      ; connect the keyboard at OSD
000875                    M2M$CFG_RP_J1_OSD           .EQU 0x7009                      ; connect the joystick 1 at OSD
000876                    M2M$CFG_RP_J2_OSD           .EQU 0x700A                      ; connect the joystick 2 at OSD
000877                    
000878                    M2M$CFG_ASCAL_USAGE         .EQU 0x700B                      ; firmware treatment of ascal mode
000879                    M2M$CFG_ASCAL_MODE          .EQU 0x700C                      ; hardcoded ascal mode, if applicable
000880                    
000881                    M2M$CFG_VD_AT_DELAY         .EQU 0x700D                      ; Anti-Thrashing delay (virtual drives)
000882                    M2M$CFG_VD_ITERSIZE         .EQU 0x700E                      ; Bytes that are saving per flushing-iter.
000883                    
000884                    M2M$CFG_SAVEOSDCFG          .EQU 0x700F                      ; Remember on-screen-menu settings
000885                    
000886                    ; M2M$CFG_ASCAL_USAGE modes
000887                    M2M$CFG_AUSE_CFG            .EQU 0x0000                      ; use ASCAL_MODE from config.vhd
000888                    M2M$CFG_AUSE_CUSTOM         .EQU 0x0001                      ; controlled via custom QNICE assembly
000889                    M2M$CFG_AUSE_AUTO           .EQU 0x0002                      ; auto-sync via M2M$CFG_ASCAL_USAGE
000890                    
000891                    ; ----------------------------------------------------------------------------
000892                    ; Virtual Drives Device for MiSTer "SD" interface (vdrives.vhd)
000893                    ; ----------------------------------------------------------------------------
000894                    
000895                    ; sysinfo addresses (data is configured by the user in globals.vhd)
000896                    VD_NUM                      .EQU 0x7000                      ; amount of virtual drives
000897                    VD_DEVICE                   .EQU 0x7001                      ; address of the vdrives.vhd device
000898                    VD_RAM_BUFFERS              .EQU 0x7100                      ; array of RAM buffers to store dsk images
000899                    VD_BUF_SDDIRECT             .EQU 0xAAAA ; "buffer" value: no RAM buffer, the image
000900                                                ; stays on the SD card and blocks are
000901                                                ; transferred on request (see shell.asm)
000902                    
000903                    ; window selectors for vdrives.vhd
000904                    VD_WIN_CAD                  .EQU 0x0000                      ; control and data registers
000905                    VD_WIN_DRV                  .EQU 0x0001                      ; drive 0, next window = drive 1, ...
000906                    
000907                    ; VD_WIN_CAD: control and data registers
000908                    VD_IMG_MOUNT                .EQU 0x7000                      ; image mounted, lowest bit = drive 0
000909                    VD_RO                       .EQU 0x7001                      ; read-only for currently mounted drive
000910                    VD_SIZE_L                   .EQU 0x7002                      ; image file size, low word
000911                    VD_SIZE_H                   .EQU 0x7003                      ; image file size, high word
000912                    VD_TYPE                     .EQU 0x7004                      ; image file type (2-bit value)
000913                    VD_B_ADDR                   .EQU 0x7005                      ; drive buffer: address
000914                    VD_B_DOUT                   .EQU 0x7006                      ; drive buffer: data out (to drive)
000915                    VD_B_WREN                   .EQU 0x7007                      ; drive buffer: write enable (also needs ack)
000916                    VD_VDNUM                    .EQU 0x7008                      ; number of virtual drives
000917                    VD_BLKSZ                    .EQU 0x7009                      ; block size for LBA in bytes
000918                    VD_DRV_MOUNT                .EQU 0x700A                      ; drive mounted, lowest bit = drive 0
000919                    
000920                    ; VD_WIN_DRV (and onwards): virtual drive specific registers
000921                    VD_LBA_L                    .EQU 0x7000                      ; SD LBA low word
000922                    VD_LBA_H                    .EQU 0x7001                      ; SD LBA high word
000923                    VD_BLKCNT                   .EQU 0x7002                      ; SD block count
000924                    VD_BYTES_L                  .EQU 0x7003                      ; SD block address in bytes: low word
000925                    VD_BYTES_H                  .EQU 0x7004                      ; SD block address in bytes: high word
000926                    VD_SIZEB                    .EQU 0x7005                      ; SD block data amount in bytes
000927                    VD_4K_WIN                   .EQU 0x7006                      ; SD block address in 4k win logic: window
000928                    VD_4K_OFFS                  .EQU 0x7007                      ; SD block address in 4k win logic: offset
000929                    VD_RD                       .EQU 0x7008                      ; SD read request
000930                    VD_WR                       .EQU 0x7009                      ; SD write request
000931                    VD_ACK                      .EQU 0x700A                      ; SD acknowledge
000932                    VD_B_DIN                    .EQU 0x700B                      ; drive buffer: data in (from drive)
000933                    VD_CACHE_DIRTY              .EQU 0x700C                      ; cache dirty flag
000934                    VD_CACHE_FLUSHING           .EQU 0x700D                      ; cache flushing flag
000935                    VD_CACHE_FLUSH_ST           .EQU 0x700E                      ; cache flushing can start now
000936                    VD_CACHE_FLUSH_DE           .EQU 0x700F                      ; delay in ms between VD_WR and FLUSH_ST
000937                    
000938                    ; ----------------------------------------------------------------------------
000939                    ; Automatically and manually loadable cartridges and ROMs
000940                    ; ----------------------------------------------------------------------------
000941                    
000942                    ; sysinfo addresses (data is configured by the user in globals.vhd)
000943                    CRTROM_MAN_NUM_A            .EQU 0x7000                      ; amount of manually loadable CRTs/ROMs
000944                    CRTROM_AUT_NUM_A            .EQU 0x7001                      ; amount of automatically loadable ROMs
000945                    CRTROM_MAN_BUFFERS          .EQU 0x7100                      ; array of records: manually loadable
000946                    CRTROM_AUT_BUFFERS          .EQU 0x7200                      ; array of records: automatically loadable
000947                    CRTROM_AUT_FILES            .EQU 0x7300                      ; auto-load filesnames
000948                    
000949                    ; Type of byte streaming device for receiving the CRT/ROM data
000950                    CRTROM_TYPE_DEVICE          .EQU 0x0000                      ; any QNICE compatible device
000951                    CRTROM_TYPE_HYPRAM          .EQU 0x0001                      ; HyperRAM
000952                    CRTROM_TYPE_SDRAM           .EQU 0x0002                      ; @TODO/RESERVED for future R4 boards
000953                    CRTROM_TYPE_MNDTRY          .EQU 0x0003                      ; mandatory ROM
000954                    CTRROM_TYPE_OPTNL           .EQU 0x0004                      ; optional ROM
000955                    
000956                    ; Control and status registers of a CRT/ROM device
000957                    CRTROM_CSR_4KWIN            .EQU 0xFFFF                      ; 4K window in the device addr. space
000958                    
000959                    CRTROM_CSR_STATUS           .EQU 0x7000                      ; QNICE to device: load status (see below)
000960                    CRTROM_CSR_FS_LO            .EQU 0x7001                      ; filesize of CRT/ROM: low word
000961                    CRTROM_CSR_FS_HI            .EQU 0x7002                      ; filesize of CRT/ROM: high word
000962                    CRTROM_CSR_PARSEST          .EQU 0x7010                      ; device to QNICE: parse status
000963                    CRTROM_CSR_PARSEE1          .EQU 0x7011                      ; device to QNICE: error code
000964                    CRTROM_CSR_ADDR_LO          .EQU 0x7012                      ; device to QNICE: load address low word
000965                    CRTROM_CSR_ADDR_HI          .EQU 0x7013                      ; device to QNICE: load address high word
000966                    CRTROM_CSR_ERR_STRT         .EQU 0x7100                      ; device to QNICE: status string
000967                    
000968                    ; QNICE to device: CRT/ROM load status
000969                    CRTROM_CSR_ST_IDLE          .EQU 0x0000                      ; device is initialized, no loading
000970                    CRTROM_CSR_ST_LDNG          .EQU 0x0001                      ; loading takes place
000971                    CRTROM_CSR_ST_ERR           .EQU 0x0002                      ; loading failed
000972                    CRTROM_CSR_ST_OK            .EQU 0x0003                      ; loading successful
000973                    
000974                    ; Device to QNICE: Parsing status
000975                    CRTROM_CSR_PT_IDLE          .EQU 0x0000                      ; parser is idle
000976                    CRTROM_CSR_PT_PRSNG         .EQU 0x0001                      ; parser is parsing
000977                    CRTROM_CSR_PT_OK            .EQU 0x0002                      ; parsing successful
000978                    CRTROM_CSR_PT_ERR           .EQU 0x0003                      ; parsing error
000979                    
000980                    ; ----------------------------------------------------------------------------
000981                    ; Situation and context identifiers for custom messages
000982                    ; ----------------------------------------------------------------------------
000983                    
000984                    CTX_MASK_CTX                .EQU 0xFF00                      ; used to mask out the lower byte
000985                    CTX_MASK_PARAM              .EQU 0x00FF                      ; used to mask out the higher byte
000986                    
000987                    ; Trying to mount a disk or a rom image. The lower byte contains the
000988                    ; core-specific disk or rom image type and core specific code can use this
000989                    ; to filter for the right types and to output context-sensitive messages
000990                    CTX_MOUNT_DISKIMG           .EQU 0x0100                      ; trying to mount a disk image
000991                    CTX_LOAD_ROM                .EQU 0x0200                      ; trying to mount a rom image
000992                    
000993                    ; The filter function returned an empty linked list. This happens when there
000994                    ; is no file that fits the criteria in the root folder and additionally the
000995                    ; root folder has no sub-directory
000996                    CMSG_BROWSENOTHING          .EQU 0x0001
000997                    
000998                                                .ORG 0x8000
000999  8000  0FB4  FEE0                              MOVE 0xFEE0, R13
001000                    
001001                                                ; ---- mount the SD card
001002  8002  0FA0  8D40                              MOVE HANDLE_DEV, R8
001003  8004  0FA4  0001                              MOVE 1, R9
001004  8006  FF90  0044                              ASUB f32_mnt_sd, 1
001005  8008  CFA4  0000                              CMP 0, R9
001006  800A  FFA3  000A                              RBRA _MOUNTED, Z
001007  800C  0FA0  8A42                              MOVE S_EMNT, R8
001008  800E  FF90  0008                              ASUB puts, 1
001009  8010  0920                                    MOVE R9, R8
001010  8011  FF90  0026                              ASUB puthex, 1
001011  8013  FF90  000A                              ASUB crlf, 1
001012  8015  E000                                    HALT
001013                    
001014                    ; ============================================================================
001015                    ; Test 1: the 42 MB, contiguous image file
001016                    ; ============================================================================
001017  8016  0FA0  8AF2  _MOUNTED                    MOVE S_T1, R8
001018  8018  FF90  0008                              ASUB puts, 1
001019  801A  0FA0  89FB                              MOVE F_FREEDOS, R8
001020  801C  FFB0  0276                              RSUB OPEN, 1
001021                    
001022                                                ; the one-off mount time cost: walking 1344 cluster chain
001023                                                ; entries, in emulator instructions
001024  801E  0FA0  FF0B                              MOVE IO$CYC_STATE, R8
001025  8020  0FA1  0001                              MOVE 1, @R8
001026  8022  0FA0  FF08                              MOVE IO$CYC_LO, R8
001027  8024  0850                                    MOVE @R8, R4
001028  8025  0FA0  FF09                              MOVE IO$CYC_MID, R8
001029  8027  0854                                    MOVE @R8, R5
001030  8028  0FA0  89E3                              MOVE HANDLE_FILE, R8
001031  802A  0FA4  8D65                              MOVE SDB_VD_MAPS, R9
001032  802C  FFB0  065A                              RSUB SDB_MAP_BUILD, 1
001033  802E  0FA0  FF08                              MOVE IO$CYC_LO, R8
001034  8030  0858                                    MOVE @R8, R6
001035  8031  0FA0  FF09                              MOVE IO$CYC_MID, R8
001036  8033  085C                                    MOVE @R8, R7
001037  8034  3418                                    SUB R4, R6
001038  8035  451C                                    SUBC R5, R7
001039  8036  0FA0  8A76                              MOVE S_MAPC, R8
001040  8038  FF90  0008                              ASUB puts, 1
001041  803A  0720                                    MOVE R7, R8
001042  803B  FF90  0026                              ASUB puthex, 1
001043  803D  0620                                    MOVE R6, R8
001044  803E  FF90  0026                              ASUB puthex, 1
001045  8040  FF90  000A                              ASUB crlf, 1
001046                    
001047  8042  0FA0  8D65                              MOVE SDB_VD_MAPS, R8
001048  8044  FFB0  0268                              RSUB PRMAP, 1
001049                    
001050                                                ; blocks to check: first, second, around the 64 sector
001051                                                ; cluster boundary, a marker block, the last one, and two
001052                                                ; blocks past the end of the file
001053  8046  0F80  8D18                              MOVE T1_BLKS, R0
001054  8048  00A4        _T1_L                       MOVE @R0++, R9                   ; block index lo
001055  8049  00A8                                    MOVE @R0++, R10                  ; block index hi
001056  804A  00AC                                    MOVE @R0++, R11                  ; expectation: 0=ok 1=nomap
001057  804B  CFAC  FFFF                              CMP 0xFFFF, R11
001058  804D  FFA3  0008                              RBRA _T1B, Z
001059  804F  0FA0  89E3                              MOVE HANDLE_FILE, R8
001060  8051  FFB0  0353                              RSUB CHKBLK, 1
001061  8053  FFB0  043F                              RSUB VERDICT, 1
001062  8055  FFA0  FFF1                              RBRA _T1_L, 1
001063                    
001064                                                ; and 16 pseudo random blocks spread over the whole image
001065  8057  0FA0  8B17  _T1B                        MOVE S_T1B, R8
001066  8059  FF90  0008                              ASUB puts, 1
001067  805B  0F80  0010                              MOVE 16, R0                      ; R0: blocks still to check
001068  805D  0F84  1234                              MOVE 0x1234, R1                  ; R1/R2: LCG state
001069  805F  0F88  5678                              MOVE 0x5678, R2
001070  8061  B30C                                    XOR R3, R3                       ; R3: amount of bad blocks
001071  8062  0FA0  4E6D  _T1B_L                      MOVE 0x4E6D, R8                  ; state = state * 0x41C64E6D
001072  8064  0FA4  41C6                              MOVE 0x41C6, R9                  ; .. + 12345 (the classic one)
001073  8066  0128                                    MOVE R1, R10
001074  8067  022C                                    MOVE R2, R11
001075  8068  FF90  0032                              ASUB mulu32, 1
001076  806A  1FA0  3039                              ADD 0x3039, R8
001077  806C  2FA4  0000                              ADDC 0, R9
001078  806E  0804                                    MOVE R8, R1
001079  806F  0908                                    MOVE R9, R2
001080  8070  0228                                    MOVE R2, R10                     ; block = state >> 16, which
001081  8071  9FA8  0001                              AND 0x0001, R10                  ; .. is 0 .. 131071, then
001082  8073  0124                                    MOVE R1, R9                      ; .. masked into the image
001083  8074  CFA8  0001                              CMP 1, R10
001084  8076  FFAB  0005                              RBRA _T1B_C, !Z
001085  8078  CFA4  5000                              CMP 0x5000, R9                   ; keep it below 86016
001086  807A  FFA4  0001                              RBRA _T1B_C, N                   ; still inside the image
001087  807C  BA28                                    XOR R10, R10                     ; no: fold it down
001088  807D  0FA0  89E3  _T1B_C                      MOVE HANDLE_FILE, R8
001089  807F  FFB0  0325                              RSUB CHKBLK, 1
001090  8081  CFA0  0000                              CMP 0, R8
001091  8083  FFA3  0002                              RBRA _T1B_N, Z
001092  8085  1F8C  0001                              ADD 1, R3
001093  8087  3F80  0001  _T1B_N                      SUB 1, R0
001094  8089  FFAB  FFD7                              RBRA _T1B_L, !Z
001095  808B  0320                                    MOVE R3, R8
001096  808C  FFB0  0429                              RSUB VERDICT0, 1
001097                    
001098                    ; ============================================================================
001099                    ; Test 2: a file that is not one block long and not block aligned
001100                    ; ============================================================================
001101  808E  0FA0  8B35  _T2                         MOVE S_T2, R8
001102  8090  FF90  0008                              ASUB puts, 1
001103  8092  B820                                    XOR R8, R8                       ; virtual drive 0
001104  8093  0FA4  89E3                              MOVE HANDLE_FILE, R9
001105  8095  BA28                                    XOR R10, R10                     ; byte position 0
001106  8096  BB2C                                    XOR R11, R11
001107  8097  0FB0  0100                              MOVE 0x0100, R12                 ; 256 bytes: not a block
001108  8099  FFB0  07FE                              RSUB SDB_VD_RDBLK, 1
001109  809B  FFA2  0004                              RBRA _T2_F1, C
001110  809D  0FA0  8A5D                              MOVE S_OK, R8
001111  809F  FFA0  0004                              RBRA _T2_P1, 1
001112  80A1  0FA0  8A62  _T2_F1                      MOVE S_FAIL, R8
001113  80A3  FFB0  042B                              RSUB BUMPFAIL, 1
001114  80A5  FF90  0008  _T2_P1                      ASUB puts, 1
001115                    
001116  80A7  0FA0  8B5C                              MOVE S_T2B, R8
001117  80A9  FF90  0008                              ASUB puts, 1
001118  80AB  B820                                    XOR R8, R8
001119  80AC  0FA4  89E3                              MOVE HANDLE_FILE, R9
001120  80AE  0FA8  0100                              MOVE 0x0100, R10                 ; byte position 256
001121  80B0  BB2C                                    XOR R11, R11
001122  80B1  0FB0  0200                              MOVE 0x0200, R12
001123  80B3  FFB0  07E4                              RSUB SDB_VD_RDBLK, 1
001124  80B5  FFA2  0004                              RBRA _T2_F2, C
001125  80B7  0FA0  8A5D                              MOVE S_OK, R8
001126  80B9  FFA0  0004                              RBRA _T2_P2, 1
001127  80BB  0FA0  8A62  _T2_F2                      MOVE S_FAIL, R8
001128  80BD  FFB0  0411                              RSUB BUMPFAIL, 1
001129  80BF  FF90  0008  _T2_P2                      ASUB puts, 1
001130                    
001131                    ; ============================================================================
001132                    ; Test 3: read after write, both directions
001133                    ; ============================================================================
001134  80C1  0FA0  8B82                              MOVE S_T3, R8
001135  80C3  FF90  0008                              ASUB puts, 1
001136                    
001137                                                ; (a) direct write, then read back through the FAT32 library
001138  80C5  0FA0  B000                              MOVE BUF_A, R8
001139  80C7  0FA4  0055                              MOVE 0x0055, R9
001140  80C9  FFB0  0214                              RSUB PATTERN, 1
001141  80CB  0FA4  8D3C                              MOVE T3_BLK, R9
001142  80CD  0964                                    MOVE @R9, R9
001143  80CE  BA28                                    XOR R10, R10
001144  80CF  FFB0  0274                              RSUB WRBLK, 1                    ; fills the drive buffer and
001145  80D1  FFAA  0044                              RBRA _T3_NOMAP, !C               ; ..calls SDB_VD_WRBLK
001146                    
001147  80D3  0FA4  8D3C                              MOVE T3_BLK, R9
001148  80D5  0964                                    MOVE @R9, R9
001149  80D6  BA28                                    XOR R10, R10
001150  80D7  0FA0  89E3                              MOVE HANDLE_FILE, R8
001151  80D9  FFB0  0226                              RSUB RDSLOW, 1                   ; f32 read into BUF_B
001152  80DB  0FA0  B000                              MOVE BUF_A, R8
001153  80DD  0FA4  B200                              MOVE BUF_B, R9
001154  80DF  FFB0  02B0                              RSUB CMP512, 1
001155  80E1  FFB0  03D4                              RSUB VERDICT0, 1
001156                    
001157                                                ; (b) the same block through the fast read path
001158  80E3  0FA0  8BA1                              MOVE S_T3B, R8
001159  80E5  FF90  0008                              ASUB puts, 1
001160  80E7  0FA0  89E3                              MOVE HANDLE_FILE, R8
001161  80E9  0FA4  8D3C                              MOVE T3_BLK, R9
001162  80EB  0964                                    MOVE @R9, R9
001163  80EC  BA28                                    XOR R10, R10
001164  80ED  FFB0  02B7                              RSUB CHKBLK, 1                   ; fast vs slow, both re-read
001165  80EF  FFB0  03C6                              RSUB VERDICT0, 1
001166                    
001167                                                ; (c) write through the FAT32 library, read through the fast
001168                                                ; path: this is the direction that would show a stale
001169                                                ; buffer if SDB_FLUSHINV were missing
001170  80F1  0FA0  8BC0                              MOVE S_T3C, R8
001171  80F3  FF90  0008                              ASUB puts, 1
001172  80F5  0FA0  B000                              MOVE BUF_A, R8
001173  80F7  0FA4  00A7                              MOVE 0x00A7, R9
001174  80F9  FFB0  01E4                              RSUB PATTERN, 1
001175  80FB  0FA0  89E3                              MOVE HANDLE_FILE, R8
001176  80FD  0FA4  8D3C                              MOVE T3_BLK, R9
001177  80FF  0964                                    MOVE @R9, R9
001178  8100  BA28                                    XOR R10, R10
001179  8101  FFB0  020C                              RSUB WRSLOW, 1                   ; f32_fwrite + f32_fflush
001180  8103  0FA0  89E3                              MOVE HANDLE_FILE, R8
001181  8105  0FA4  8D3C                              MOVE T3_BLK, R9
001182  8107  0964                                    MOVE @R9, R9
001183  8108  BA28                                    XOR R10, R10
001184  8109  FFB0  021C                              RSUB RDFAST, 1                   ; SDB_VD_RDBLK into BUF_B
001185  810B  FFAA  000A                              RBRA _T3_NOMAP, !C
001186  810D  0FA0  B000                              MOVE BUF_A, R8
001187  810F  0FA4  B200                              MOVE BUF_B, R9
001188  8111  FFB0  027E                              RSUB CMP512, 1
001189  8113  FFB0  03A2                              RSUB VERDICT0, 1
001190  8115  FFA0  0006                              RBRA _T4, 1
001191  8117  0FA0  8A62  _T3_NOMAP                   MOVE S_FAIL, R8
001192  8119  FF90  0008                              ASUB puts, 1
001193  811B  FFB0  03B3                              RSUB BUMPFAIL, 1
001194                    
001195                    ; ============================================================================
001196                    ; Test 4: a file with three extents - all of its blocks, byte for byte
001197                    ; ============================================================================
001198  811D  0FA0  8BDF  _T4                         MOVE S_T4, R8
001199  811F  FF90  0008                              ASUB puts, 1
001200  8121  0FA0  8A08                              MOVE F_FRAG3, R8
001201  8123  FFB0  016F                              RSUB OPEN, 1
001202  8125  0FA0  89E3                              MOVE HANDLE_FILE, R8
001203  8127  0FA4  8D65                              MOVE SDB_VD_MAPS, R9
001204  8129  FFB0  055D                              RSUB SDB_MAP_BUILD, 1
001205  812B  0FA0  8D65                              MOVE SDB_VD_MAPS, R8
001206  812D  FFB0  017F                              RSUB PRMAP, 1
001207                    
001208  812F  0FA0  8D65                              MOVE SDB_VD_MAPS, R8
001209  8131  1FA0  0002                              ADD SDB_M_TBLK_LO, R8
001210  8133  0840                                    MOVE @R8, R0                     ; R0: amount of blocks
001211  8134  B104                                    XOR R1, R1                       ; R1: block index
001212  8135  B208                                    XOR R2, R2                       ; R2: amount of bad blocks
001213  8136  C100        _T4_L                       CMP R1, R0
001214  8137  FFA3  0010                              RBRA _T4_D, Z
001215  8139  0FA0  89E3                              MOVE HANDLE_FILE, R8
001216  813B  0124                                    MOVE R1, R9
001217  813C  BA28                                    XOR R10, R10
001218  813D  FFB0  0267                              RSUB CHKBLK, 1
001219  813F  CFA0  0000                              CMP 0, R8
001220  8141  FFA3  0002                              RBRA _T4_N, Z
001221  8143  1F88  0001                              ADD 1, R2
001222  8145  1F84  0001  _T4_N                       ADD 1, R1
001223  8147  FFA0  FFED                              RBRA _T4_L, 1
001224  8149  0020        _T4_D                       MOVE R0, R8
001225  814A  FF90  0026                              ASUB puthex, 1
001226  814C  0FA0  8AAF                              MOVE S_BLOCKS, R8
001227  814E  FF90  0008                              ASUB puts, 1
001228  8150  0220                                    MOVE R2, R8
001229  8151  FFB0  0364                              RSUB VERDICT0, 1
001230                    
001231                    ; ============================================================================
001232                    ; Test 5: a file with twelve extents - must fall back, silently
001233                    ; ============================================================================
001234  8153  0FA0  8BFE                              MOVE S_T5, R8
001235  8155  FF90  0008                              ASUB puts, 1
001236  8157  0FA0  8A13                              MOVE F_FRAG16, R8
001237  8159  FFB0  0139                              RSUB OPEN, 1
001238  815B  0FA0  89E3                              MOVE HANDLE_FILE, R8
001239  815D  0FA4  8D65                              MOVE SDB_VD_MAPS, R9
001240  815F  FFB0  0527                              RSUB SDB_MAP_BUILD, 1
001241  8161  0FA0  8D65                              MOVE SDB_VD_MAPS, R8
001242  8163  FFB0  0149                              RSUB PRMAP, 1
001243  8165  0FA0  8D65                              MOVE SDB_VD_MAPS, R8
001244  8167  CFA1  0000                              CMP 0, @R8 ; must be "no map"
001245  8169  FFAB  000F                              RBRA _T5_F, !Z
001246  816B  B820                                    XOR R8, R8                       ; ..and the entry point must
001247  816C  0FA4  89E3                              MOVE HANDLE_FILE, R9             ; ..report the fallback
001248  816E  BA28                                    XOR R10, R10
001249  816F  BB2C                                    XOR R11, R11
001250  8170  0FB0  0200                              MOVE 0x0200, R12
001251  8172  FFB0  0725                              RSUB SDB_VD_RDBLK, 1
001252  8174  FFA2  0004                              RBRA _T5_F, C
001253  8176  0FA0  8A5D                              MOVE S_OK, R8
001254  8178  FFA0  0004                              RBRA _T5_P, 1
001255  817A  0FA0  8A62  _T5_F                       MOVE S_FAIL, R8
001256  817C  FFB0  0352                              RSUB BUMPFAIL, 1
001257  817E  FF90  0008  _T5_P                       ASUB puts, 1
001258                    
001259                    ; ============================================================================
001260                    ; Test 6: SDB_FREAD_FAST, the CRT/ROM loader path
001261                    ; 6a: a file that fits into one 4k window, all bytes are checked
001262                    ; 6b: a 16 KB file, so that the 4k window wrap is exercised; the last
001263                    ; window and the byte-wise tail are checked
001264                    ; ============================================================================
001265  8180  0FA0  8C1D                              MOVE S_T6A, R8
001266  8182  FF90  0008                              ASUB puts, 1
001267  8184  0FA0  8A2C                              MOVE F_SMALL, R8
001268  8186  0FA4  0664                              MOVE 1636, R9                    ; file size
001269  8188  FFB0  0254                              RSUB CHKROM, 1
001270                    
001271  818A  0FA0  8C40                              MOVE S_T6B, R8
001272  818C  FF90  0008                              ASUB puts, 1
001273  818E  0FA0  8A1F                              MOVE F_TESTROM, R8
001274  8190  0FA4  412C                              MOVE 16684, R9                   ; file size
001275  8192  FFB0  024A                              RSUB CHKROM, 1
001276                    
001277                                                ; A file that ends exactly on a cluster boundary. Seeking such
001278                                                ; a file to its very end walks one step past the last cluster,
001279                                                ; and FAT32$RW_SIC then issues a block read at a wild LBA,
001280                                                ; which latches the error state of the real SD controller.
001281                                                ; The fast path must stop one whole block short, so that the
001282                                                ; position it hands over is always strictly inside the file.
001283  8194  0FA0  8C62                              MOVE S_T6C, R8
001284  8196  FF90  0008                              ASUB puts, 1
001285  8198  0FA0  8A37                              MOVE F_EXACT, R8
001286  819A  0FA4  8000                              MOVE 32768, R9                   ; exactly one 64 sector cluster
001287  819C  FFB0  0240                              RSUB CHKROM, 1
001288                    
001289                    ; ============================================================================
001290                    ; Test 7: after a map build that gives up, the FAT32 library must be exactly
001291                    ; where it was. This is the property that broke on real hardware.
001292                    ; ============================================================================
001293  819E  0FA0  8C8E                              MOVE S_T7, R8
001294  81A0  FF90  0008                              ASUB puts, 1
001295  81A2  0FA0  8A13                              MOVE F_FRAG16, R8                ; twelve extents: always bails
001296  81A4  FFB0  00EE                              RSUB OPEN, 1
001297  81A6  0FA0  89E3                              MOVE HANDLE_FILE, R8             ; reference: read 512 bytes
001298  81A8  0FA4  B000                              MOVE BUF_A, R9                   ; ..before doing anything
001299  81AA  FFB0  01D0                              RSUB FREAD512, 1
001300  81AC  0FA0  89E3                              MOVE HANDLE_FILE, R8
001301  81AE  B924                                    XOR R9, R9
001302  81AF  BA28                                    XOR R10, R10
001303  81B0  FF90  0054                              ASUB f32_fseek, 1
001304  81B2  0FA0  89E3                              MOVE HANDLE_FILE, R8             ; now let the map build run
001305  81B4  0FA4  8DDD                              MOVE SDB_RM_MAP, R9              ; ..and give up half way
001306  81B6  FFB0  04D0                              RSUB SDB_MAP_BUILD, 1
001307  81B8  0FA0  89E3                              MOVE HANDLE_FILE, R8             ; the very next library read
001308  81BA  0FA4  B200                              MOVE BUF_B, R9                   ; ..must still be correct
001309  81BC  FFB0  01BE                              RSUB FREAD512, 1
001310  81BE  0FA0  B000                              MOVE BUF_A, R8
001311  81C0  0FA4  B200                              MOVE BUF_B, R9
001312  81C2  FFB0  01CD                              RSUB CMP512, 1
001313  81C4  FFB0  02F1                              RSUB VERDICT0, 1
001314                    
001315                                                ; the same for a vdrive block read that uses the fast path:
001316                                                ; it must not disturb a second, unrelated file handle
001317  81C6  0FA0  8CB9                              MOVE S_T7B, R8
001318  81C8  FF90  0008                              ASUB puts, 1
001319  81CA  0FA0  89FB                              MOVE F_FREEDOS, R8
001320  81CC  FFB0  00C6                              RSUB OPEN, 1
001321  81CE  0FA0  89E3                              MOVE HANDLE_FILE, R8
001322  81D0  0FA4  8D65                              MOVE SDB_VD_MAPS, R9
001323  81D2  FFB0  04B4                              RSUB SDB_MAP_BUILD, 1
001324  81D4  0FA0  8D40                              MOVE HANDLE_DEV, R8              ; a second file, positioned
001325  81D6  0FA4  89EF                              MOVE HANDLE_FILE2, R9            ; ..somewhere in the middle
001326  81D8  0FA8  8A08                              MOVE F_FRAG3, R10
001327  81DA  BB2C                                    XOR R11, R11
001328  81DB  FF90  0050                              ASUB f32_fopen, 1
001329  81DD  0FA0  89EF                              MOVE HANDLE_FILE2, R8
001330  81DF  0FA4  2600                              MOVE 0x2600, R9                  ; byte 9728, inside extent 1
001331  81E1  BA28                                    XOR R10, R10
001332  81E2  FF90  0054                              ASUB f32_fseek, 1
001333  81E4  0FA0  89EF                              MOVE HANDLE_FILE2, R8            ; reference bytes
001334  81E6  0FA4  B000                              MOVE BUF_A, R9
001335  81E8  FFB0  0192                              RSUB FREAD512, 1
001336  81EA  0FA0  89EF                              MOVE HANDLE_FILE2, R8
001337  81EC  0FA4  2600                              MOVE 0x2600, R9
001338  81EE  BA28                                    XOR R10, R10
001339  81EF  FF90  0054                              ASUB f32_fseek, 1
001340  81F1  B820                                    XOR R8, R8                       ; a fast vdrive block read in
001341  81F2  0FA4  89E3                              MOVE HANDLE_FILE, R9             ; ..between, on the other file
001342  81F4  0FA8  0000                              MOVE 0x0000, R10
001343  81F6  0FAC  0002                              MOVE 0x0002, R11                 ; byte 131072 of freedos.vhd
001344  81F8  0FB0  0200                              MOVE 0x0200, R12
001345  81FA  FFB0  069D                              RSUB SDB_VD_RDBLK, 1
001346  81FC  FFAA  0015                              RBRA _T7B_NO, !C
001347  81FE  B820                                    XOR R8, R8
001348  81FF  FFB0  062E                              RSUB SDB_SD2VD, 1
001349  8201  FFB0  06CA                              RSUB SDB_VD_RDDONE, 1
001350  8203  0FA0  89EF                              MOVE HANDLE_FILE2, R8            ; ..and the second handle must
001351  8205  0FA4  B200                              MOVE BUF_B, R9                   ; ..still read the same bytes
001352  8207  FFB0  0173                              RSUB FREAD512, 1
001353  8209  0FA0  B000                              MOVE BUF_A, R8
001354  820B  0FA4  B200                              MOVE BUF_B, R9
001355  820D  FFB0  0182                              RSUB CMP512, 1
001356  820F  FFB0  02A6                              RSUB VERDICT0, 1
001357  8211  FFA0  0006                              RBRA _T7B_D, 1
001358  8213  0FA0  8A68  _T7B_NO                     MOVE S_NOMAP, R8
001359  8215  FF90  0008                              ASUB puts, 1
001360  8217  FFB0  02B7                              RSUB BUMPFAIL, 1
001361  8219  0FA0  8D17  _T7B_D                      MOVE S_NUL, R8
001362  821B  FF90  0008                              ASUB puts, 1
001363                    
001364                    ; ============================================================================
001365                    ; Test 8: the FAT32 library reads a sector immediately after the fast path
001366                    ; overwrote the hardware buffer with a *different* sector.
001367                    ;
001368                    ; This is the check that the "mark the buffer as unknown instead of
001369                    ; reading it back" scheme stands or falls on: if the marking did not
001370                    ; happen, the library would happily serve the block we put there.
001371                    ; ============================================================================
001372  821D  0FA0  8CE3                              MOVE S_T8, R8
001373  821F  FF90  0008                              ASUB puts, 1
001374  8221  0FA0  89FB                              MOVE F_FREEDOS, R8
001375  8223  FFB0  006F                              RSUB OPEN, 1
001376  8225  0FA0  89E3                              MOVE HANDLE_FILE, R8
001377  8227  0FA4  8D65                              MOVE SDB_VD_MAPS, R9
001378  8229  FFB0  045D                              RSUB SDB_MAP_BUILD, 1
001379                    
001380                                                ; reference: what block B really contains
001381  822B  0FA0  89E3                              MOVE HANDLE_FILE, R8
001382  822D  0FA4  8D3E                              MOVE T8_BLKB, R9
001383  822F  0964                                    MOVE @R9, R9
001384  8230  BA28                                    XOR R10, R10
001385  8231  FFB0  00CE                              RSUB RDSLOW, 1                   ; f32 read into BUF_B
001386  8233  0FA0  B200                              MOVE BUF_B, R8
001387  8235  0FA4  B000                              MOVE BUF_A, R9
001388  8237  FFB0  0199                              RSUB COPY512, 1
001389                    
001390                                                ; put the library on block B, so that it owns the buffer and
001391                                                ; believes it holds B's sector
001392  8239  0FA0  89E3                              MOVE HANDLE_FILE, R8
001393  823B  0FA4  8D3E                              MOVE T8_BLKB, R9
001394  823D  0964                                    MOVE @R9, R9
001395  823E  BA28                                    XOR R10, R10
001396  823F  FFB0  0386                              RSUB SDB_BLK2B, 1
001397  8241  FF90  0054                              ASUB f32_fseek, 1
001398  8243  CFA4  0000                              CMP 0, R9
001399  8245  FFAB  002E                              RBRA _T8_BAD, !Z
001400                    
001401                                                ; now let the fast path overwrite the buffer with block A
001402  8247  0FA4  8D3D                              MOVE T8_BLKA, R9
001403  8249  0964                                    MOVE @R9, R9
001404  824A  BA28                                    XOR R10, R10
001405  824B  FFB0  037A                              RSUB SDB_BLK2B, 1
001406  824D  0A2C                                    MOVE R10, R11
001407  824E  0928                                    MOVE R9, R10
001408  824F  B820                                    XOR R8, R8                       ; virtual drive 0
001409  8250  0FA4  89E3                              MOVE HANDLE_FILE, R9
001410  8252  0FB0  0200                              MOVE 0x0200, R12
001411  8254  FFB0  0643                              RSUB SDB_VD_RDBLK, 1
001412  8256  FFAA  0015                              RBRA _T8_NOMAP, !C
001413  8258  B820                                    XOR R8, R8
001414  8259  FFB0  05D4                              RSUB SDB_SD2VD, 1
001415  825B  FFB0  0670                              RSUB SDB_VD_RDDONE, 1
001416                    
001417                                                ; the library must still deliver block B, not block A
001418  825D  0FA0  89E3                              MOVE HANDLE_FILE, R8
001419  825F  0FA4  B200                              MOVE BUF_B, R9
001420  8261  FFB0  0119                              RSUB FREAD512, 1
001421  8263  0FA0  B000                              MOVE BUF_A, R8
001422  8265  0FA4  B200                              MOVE BUF_B, R9
001423  8267  FFB0  0128                              RSUB CMP512, 1
001424  8269  FFB0  024C                              RSUB VERDICT0, 1
001425  826B  FFA0  000E                              RBRA _T8_D, 1
001426  826D  0FA0  8A68  _T8_NOMAP                   MOVE S_NOMAP, R8
001427  826F  FF90  0008                              ASUB puts, 1
001428  8271  FFB0  025D                              RSUB BUMPFAIL, 1
001429  8273  FFA0  0006                              RBRA _T8_D, 1
001430  8275  0FA0  8A62  _T8_BAD                     MOVE S_FAIL, R8
001431  8277  FF90  0008                              ASUB puts, 1
001432  8279  FFB0  0255                              RSUB BUMPFAIL, 1
001433  827B  0FA0  8D17  _T8_D                       MOVE S_NUL, R8
001434  827D  FF90  0008                              ASUB puts, 1
001435                    
001436                    ; ============================================================================
001437  827F  0FA0  8AE8                              MOVE S_SUM, R8
001438  8281  FF90  0008                              ASUB puts, 1
001439  8283  0FA0  8D3F                              MOVE NFAIL, R8
001440  8285  0860                                    MOVE @R8, R8
001441  8286  FFAB  0005                              RBRA _SUM_F, !Z
001442  8288  0FA0  8AC1                              MOVE S_PASS, R8
001443  828A  FF90  0008                              ASUB puts, 1
001444  828C  E000                                    HALT
001445  828D  FF90  0026  _SUM_F                      ASUB puthex, 1
001446  828F  0FA0  8AD5                              MOVE S_FAILS, R8
001447  8291  FF90  0008                              ASUB puts, 1
001448  8293  E000                                    HALT
001449                    
001450                    ; ============================================================================
001451                    ; Helpers
001452                    ; ============================================================================
001453                    
001454                    ; open a file, R8 = name
001455  8294  E0C0        OPEN                        INCRB
001456  8295  0800                                    MOVE R8, R0
001457  8296  0FA0  8D40                              MOVE HANDLE_DEV, R8
001458  8298  0FA4  89E3                              MOVE HANDLE_FILE, R9
001459  829A  0028                                    MOVE R0, R10
001460  829B  BB2C                                    XOR R11, R11
001461  829C  FF90  0050                              ASUB f32_fopen, 1
001462  829E  CFA8  0000                              CMP 0, R10
001463  82A0  FFA3  000A                              RBRA _OPEN_R, Z
001464  82A2  0FA0  8A50                              MOVE S_EOPEN, R8
001465  82A4  FF90  0008                              ASUB puts, 1
001466  82A6  0A20                                    MOVE R10, R8
001467  82A7  FF90  0026                              ASUB puthex, 1
001468  82A9  FF90  000A                              ASUB crlf, 1
001469  82AB  E000                                    HALT
001470  82AC  E100        _OPEN_R                     DECRB
001471  82AD  0DBC                                    MOVE @R13++, R15
001472                    
001473                    ; print the interesting parts of a block map, R8 = map
001474  82AE  E0C0        PRMAP                       INCRB
001475  82AF  0800                                    MOVE R8, R0
001476  82B0  0FA0  8A94                              MOVE S_MAPE, R8
001477  82B2  FF90  0008                              ASUB puts, 1
001478  82B4  0060                                    MOVE @R0, R8
001479  82B5  FF90  0026                              ASUB puthex, 1
001480  82B7  0FA0  8A9F                              MOVE S_MAPT, R8
001481  82B9  FF90  0008                              ASUB puts, 1
001482  82BB  0020                                    MOVE R0, R8
001483  82BC  1FA0  0003                              ADD SDB_M_TBLK_HI, R8
001484  82BE  0860                                    MOVE @R8, R8
001485  82BF  FF90  0026                              ASUB puthex, 1
001486  82C1  0020                                    MOVE R0, R8
001487  82C2  1FA0  0002                              ADD SDB_M_TBLK_LO, R8
001488  82C4  0860                                    MOVE @R8, R8
001489  82C5  FF90  0026                              ASUB puthex, 1
001490  82C7  0FA0  8AA8                              MOVE S_MAPL, R8
001491  82C9  FF90  0008                              ASUB puts, 1
001492  82CB  0020                                    MOVE R0, R8
001493  82CC  1FA0  0005                              ADD SDB_M_EXT, R8
001494  82CE  1FA0  0003                              ADD SDB_E_LBA_HI, R8
001495  82D0  0860                                    MOVE @R8, R8
001496  82D1  FF90  0026                              ASUB puthex, 1
001497  82D3  0020                                    MOVE R0, R8
001498  82D4  1FA0  0005                              ADD SDB_M_EXT, R8
001499  82D6  1FA0  0002                              ADD SDB_E_LBA_LO, R8
001500  82D8  0860                                    MOVE @R8, R8
001501  82D9  FF90  0026                              ASUB puthex, 1
001502  82DB  FF90  000A                              ASUB crlf, 1
001503  82DD  E100                                    DECRB
001504  82DE  0DBC                                    MOVE @R13++, R15
001505                    
001506                    ; ---- fill a 512 word buffer with a seeded pattern. R8: buffer, R9: seed
001507  82DF  E0C0        PATTERN                     INCRB
001508  82E0  0800                                    MOVE R8, R0
001509  82E1  0904                                    MOVE R9, R1
001510  82E2  B208                                    XOR R2, R2
001511  82E3  0102        _PAT_L                      MOVE R1, @R0++
001512  82E4  1F84  001F                              ADD 0x001F, R1
001513  82E6  9F84  00FF                              AND 0x00FF, R1
001514  82E8  1F88  0001                              ADD 1, R2
001515  82EA  CF88  0200                              CMP 0x0200, R2
001516  82EC  FFAB  FFF5                              RBRA _PAT_L, !Z
001517  82EE  E100                                    DECRB
001518  82EF  0DBC                                    MOVE @R13++, R15
001519                    
001520                    ; ---- copy the 512 byte SD controller buffer into a word buffer. R8: buffer
001521  82F0  E0C0        SD2MEM                      INCRB
001522  82F1  0F80  FF22                              MOVE IO$SD_DATA_POS, R0
001523  82F3  0F84  FF23                              MOVE IO$SD_DATA, R1
001524  82F5  0808                                    MOVE R8, R2
001525  82F6  B30C                                    XOR R3, R3
001526  82F7  0301        _S2M_L                      MOVE R3, @R0
001527  82F8  014A                                    MOVE @R1, @R2++
001528  82F9  1F8C  0001                              ADD 1, R3
001529  82FB  CF8C  0200                              CMP 0x0200, R3
001530  82FD  FFAB  FFF8                              RBRA _S2M_L, !Z
001531  82FF  E100                                    DECRB
001532  8300  0DBC                                    MOVE @R13++, R15
001533                    
001534                    ; ---- read a block through the FAT32 library into BUF_B
001535                    ; R8: FDH, R9/R10: block index lo/hi
001536  8301  E0C0        RDSLOW                      INCRB
001537  8302  0800                                    MOVE R8, R0
001538  8303  FFB0  02C2                              RSUB SDB_BLK2B, 1
001539  8305  FF90  0054                              ASUB f32_fseek, 1
001540  8307  0020                                    MOVE R0, R8
001541  8308  0FA4  B200                              MOVE BUF_B, R9
001542  830A  FFB0  0070                              RSUB FREAD512, 1
001543  830C  0020                                    MOVE R0, R8
001544  830D  E100                                    DECRB
001545  830E  0DBC                                    MOVE @R13++, R15
001546                    
001547                    ; ---- write a block through the FAT32 library from BUF_A
001548                    ; R8: FDH, R9/R10: block index lo/hi
001549  830F  E0C0        WRSLOW                      INCRB
001550  8310  0800                                    MOVE R8, R0
001551  8311  FFB0  02B4                              RSUB SDB_BLK2B, 1
001552  8313  FF90  0054                              ASUB f32_fseek, 1
001553  8315  0F84  B000                              MOVE BUF_A, R1
001554  8317  0F88  0200                              MOVE 0x0200, R2
001555  8319  0020        _WRS_L                      MOVE R0, R8
001556  831A  01A4                                    MOVE @R1++, R9
001557  831B  FF90  0066                              ASUB f32_fwrite, 1
001558  831D  3F88  0001                              SUB 1, R2
001559  831F  FFAB  FFF8                              RBRA _WRS_L, !Z
001560  8321  0020                                    MOVE R0, R8
001561  8322  FF90  0068                              ASUB f32_fflush, 1
001562  8324  0020                                    MOVE R0, R8
001563  8325  E100                                    DECRB
001564  8326  0DBC                                    MOVE @R13++, R15
001565                    
001566                    ; ---- read a block through the fast path into BUF_B
001567                    ; R8: FDH, R9/R10: block index lo/hi; Carry=1 if the fast path was used
001568  8327  E0C0        RDFAST                      INCRB
001569  8328  0800                                    MOVE R8, R0
001570  8329  FFB0  029C                              RSUB SDB_BLK2B, 1
001571  832B  0A2C                                    MOVE R10, R11
001572  832C  0928                                    MOVE R9, R10
001573  832D  B820                                    XOR R8, R8
001574  832E  0024                                    MOVE R0, R9
001575  832F  0FB0  0200                              MOVE 0x0200, R12
001576  8331  FFB0  0566                              RSUB SDB_VD_RDBLK, 1
001577  8333  FFAA  000B                              RBRA _RDF_NO, !C
001578  8335  0FA0  B200                              MOVE BUF_B, R8
001579  8337  FFB0  FFB7                              RSUB SD2MEM, 1
001580  8339  FFB0  0592                              RSUB SDB_VD_RDDONE, 1            ; hand the buffer back
001581  833B  0020                                    MOVE R0, R8
001582  833C  AFB8  0004                              OR 0x0004, R14
001583  833E  FFA0  0003                              RBRA _RDF_R, 1
001584  8340  0020        _RDF_NO                     MOVE R0, R8
001585  8341  9FB8  FFFB                              AND 0xFFFB, R14
001586  8343  E100        _RDF_R                      DECRB
001587  8344  0DBC                                    MOVE @R13++, R15
001588                    
001589                    ; ---- write a block through the fast path from BUF_A. The virtual drive
001590                    ; buffer is not emulated, so the bytes are staged in the SD controller
001591                    ; buffer and SDB_VD_WRBLK is told to write exactly that block: this
001592                    ; exercises the mapping, the flush/invalidate and the SD write, but not
001593                    ; the vdrives.vhd register protocol (only hardware can show that).
001594                    ; R9/R10: block index lo/hi; Carry=1 on success
001595  8345  E0C0        WRBLK                       INCRB
001596  8346  0900                                    MOVE R9, R0
001597  8347  0A04                                    MOVE R10, R1
001598  8348  FFB0  027D                              RSUB SDB_BLK2B, 1
001599  834A  0908                                    MOVE R9, R2                      ; R2/R3: byte position
001600  834B  0A0C                                    MOVE R10, R3
001601                    
001602  834C  0FA0  8D65                              MOVE SDB_VD_MAPS, R8             ; LBA of that block
001603  834E  0024                                    MOVE R0, R9
001604  834F  0128                                    MOVE R1, R10
001605  8350  FFB0  02DB                              RSUB SDB_LBA, 1
001606  8352  FFAA  0024                              RBRA _WRB_NO, !C
001607  8354  0910                                    MOVE R9, R4                      ; R4/R5: LBA
001608  8355  0A14                                    MOVE R10, R5
001609                    
001610  8356  FFB0  01DD                              RSUB SDB_GUARD_IN, 1             ; same order as SDB_VD_WRBLK
001611  8358  FFAA  001E                              RBRA _WRB_NO, !C
001612  835A  0F98  FF22                              MOVE IO$SD_DATA_POS, R6
001613  835C  0F9C  FF23                              MOVE IO$SD_DATA, R7
001614  835E  0FA0  B000                              MOVE BUF_A, R8
001615  8360  B924                                    XOR R9, R9
001616  8361  0919        _WRB_L                      MOVE R9, @R6
001617  8362  089D                                    MOVE @R8++, @R7
001618  8363  1FA4  0001                              ADD 1, R9
001619  8365  CFA4  0200                              CMP 0x0200, R9
001620  8367  FFAB  FFF8                              RBRA _WRB_L, !Z
001621  8369  0420                                    MOVE R4, R8
001622  836A  0524                                    MOVE R5, R9
001623  836B  FF90  003E                              ASUB sd_w_block, 1
001624  836D  080C                                    MOVE R8, R3                      ; remember the error code
001625  836E  FFB0  020E                              RSUB SDB_GUARD_OUT, 1            ; hand the buffer back
001626  8370  CF8C  0000                              CMP 0, R3
001627  8372  FFAB  0004                              RBRA _WRB_NO, !Z
001628  8374  AFB8  0004                              OR 0x0004, R14
001629  8376  FFA0  0002                              RBRA _WRB_R, 1
001630  8378  9FB8  FFFB  _WRB_NO                     AND 0xFFFB, R14
001631  837A  E100        _WRB_R                      DECRB
001632  837B  0DBC                                    MOVE @R13++, R15
001633                    
001634                    ; ---- read 512 bytes with f32_fread. R8: FDH, R9: destination buffer
001635  837C  E0C0        FREAD512                    INCRB
001636  837D  0800                                    MOVE R8, R0
001637  837E  0904                                    MOVE R9, R1
001638  837F  0F88  0200                              MOVE 0x0200, R2
001639  8381  0020        _FR5_L                      MOVE R0, R8
001640  8382  FF90  0052                              ASUB f32_fread, 1
001641  8384  CFA8  0000                              CMP 0, R10
001642  8386  FFA3  0001                              RBRA _FR5_1, Z
001643  8388  B924                                    XOR R9, R9                       ; EOF and errors read as zero
001644  8389  0906        _FR5_1                      MOVE R9, @R1++
001645  838A  3F88  0001                              SUB 1, R2
001646  838C  FFAB  FFF3                              RBRA _FR5_L, !Z
001647  838E  0020                                    MOVE R0, R8
001648  838F  E100                                    DECRB
001649  8390  0DBC                                    MOVE @R13++, R15
001650                    
001651                    ; ---- compare two 512 word buffers. R8, R9 -> R8 = 0 if equal, else the
001652                    ; index of the first difference plus one
001653  8391  E0C0        CMP512                      INCRB
001654  8392  0800                                    MOVE R8, R0
001655  8393  0904                                    MOVE R9, R1
001656  8394  B208                                    XOR R2, R2
001657  8395  C086        _C5_L                       CMP @R0++, @R1++
001658  8396  FFAB  0009                              RBRA _C5_NE, !Z
001659  8398  1F88  0001                              ADD 1, R2
001660  839A  CF88  0200                              CMP 0x0200, R2
001661  839C  FFAB  FFF7                              RBRA _C5_L, !Z
001662  839E  B820                                    XOR R8, R8
001663  839F  FFA0  0003                              RBRA _C5_R, 1
001664  83A1  0220        _C5_NE                      MOVE R2, R8
001665  83A2  1FA0  0001                              ADD 1, R8
001666  83A4  E100        _C5_R                       DECRB
001667  83A5  0DBC                                    MOVE @R13++, R15
001668                    
001669                    ; ---- the central comparison: read one block of the file through the fast
001670                    ; path and through the FAT32 library and compare byte for byte.
001671                    ; R8: FDH, R9/R10: block index lo/hi
001672                    ; Returns R8: 0 = identical, 1 = no fast path, else difference index + 2
001673  83A6  FF90  005E  CHKBLK                      ASUB enter, 1
001674  83A8  0800                                    MOVE R8, R0
001675  83A9  0904                                    MOVE R9, R1
001676  83AA  0A08                                    MOVE R10, R2
001677                    
001678  83AB  0020                                    MOVE R0, R8
001679  83AC  0124                                    MOVE R1, R9
001680  83AD  0228                                    MOVE R2, R10
001681  83AE  FFB0  FF77                              RSUB RDFAST, 1
001682  83B0  FFA2  0004                              RBRA _CB_MAP, C
001683  83B2  0FA0  0001                              MOVE 1, R8
001684  83B4  FFA0  0017                              RBRA _CB_RET, 1
001685  83B6  0FA0  B200  _CB_MAP                     MOVE BUF_B, R8                   ; keep the fast result
001686  83B8  0FA4  B000                              MOVE BUF_A, R9
001687  83BA  FFB0  0016                              RSUB COPY512, 1
001688  83BC  0020                                    MOVE R0, R8
001689  83BD  0124                                    MOVE R1, R9
001690  83BE  0228                                    MOVE R2, R10
001691  83BF  FFB0  FF40                              RSUB RDSLOW, 1
001692  83C1  0FA0  B000                              MOVE BUF_A, R8
001693  83C3  0FA4  B200                              MOVE BUF_B, R9
001694  83C5  FFB0  FFCA                              RSUB CMP512, 1
001695  83C7  CFA0  0000                              CMP 0, R8
001696  83C9  FFA3  0002                              RBRA _CB_RET, Z
001697  83CB  1FA0  0001                              ADD 1, R8
001698  83CD  0837        _CB_RET                     MOVE R8, @--R13
001699  83CE  FF90  0060                              ASUB leave, 1
001700  83D0  0DA0                                    MOVE @R13++, R8
001701  83D1  0DBC                                    MOVE @R13++, R15
001702                    
001703  83D2  E0C0        COPY512                     INCRB
001704  83D3  0800                                    MOVE R8, R0
001705  83D4  0904                                    MOVE R9, R1
001706  83D5  0F88  0200                              MOVE 0x0200, R2
001707  83D7  0086        _CP5_L                      MOVE @R0++, @R1++
001708  83D8  3F88  0001                              SUB 1, R2
001709  83DA  FFAB  FFFB                              RBRA _CP5_L, !Z
001710  83DC  E100                                    DECRB
001711  83DD  0DBC                                    MOVE @R13++, R15
001712                    
001713                    ; ---- CRT/ROM loader check.
001714                    ; R8: file name, R9: file size in bytes (< 64 KB)
001715                    ;
001716                    ; Works out for itself what SDB_FREAD_FAST is supposed to do: it takes
001717                    ; all whole 512-byte blocks except the last one, so
001718                    ; blocks = size/512 - 1, bytes = blocks*512,
001719                    ; window = bytes/4096, address = 0x7000 + bytes mod 4096
001720                    ; Then it checks
001721                    ; (a) the returned 4k window and address,
001722                    ; (b) that the handed-over file position is exactly "bytes",
001723                    ; (c) that reading the rest byte-wise yields exactly (size - bytes)
001724                    ; bytes and then EOF, with the right content, read through a
001725                    ; second file handle on the same device so that the two handles
001726                    ; fight over the FAT32 library's one sector buffer,
001727                    ; (d) every byte still visible in the 4k window against f32_fread.
001728  83DE  FF90  005E  CHKROM                      ASUB enter, 1
001729  83E0  0900                                    MOVE R9, R0                      ; R0: file size
001730  83E1  0808                                    MOVE R8, R2                      ; R2: file name
001731  83E2  FFB0  FEB0                              RSUB OPEN, 1
001732                    
001733  83E4  0004                                    MOVE R0, R1                      ; R1: bytes taken by the
001734  83E5  9FB8  FFFB                              AND 0xFFFB, R14                  ; ..fast path
001735  83E7  6F84  0009                              SHR 9, R1
001736  83E9  3F84  0001                              SUB 1, R1
001737  83EB  9FB8  FFFD                              AND 0xFFFD, R14
001738  83ED  5F84  0009                              SHL 9, R1
001739                    
001740  83EF  010C                                    MOVE R1, R3                      ; R3: expected 4k window
001741  83F0  9FB8  FFFB                              AND 0xFFFB, R14
001742  83F2  6F8C  000C                              SHR 12, R3
001743  83F4  0110                                    MOVE R1, R4                      ; R4: expected address
001744  83F5  9F90  0FFF                              AND 0x0FFF, R4
001745  83F7  1F90  7000                              ADD M2M$RAMROM_DATA, R4
001746                    
001747  83F9  0FA0  89E3                              MOVE HANDLE_FILE, R8
001748  83FB  0FA4  8DDD                              MOVE SDB_RM_MAP, R9
001749  83FD  FFB0  0289                              RSUB SDB_MAP_BUILD, 1
001750  83FF  0FA0  89E3                              MOVE HANDLE_FILE, R8
001751  8401  0FA4  8DDD                              MOVE SDB_RM_MAP, R9
001752  8403  0FA8  00AB                              MOVE 0x00AB, R10                 ; target device (ignored here)
001753  8405  BB2C                                    XOR R11, R11                     ; target 4k window
001754  8406  0FB0  7000                              MOVE M2M$RAMROM_DATA, R12        ; plain RAM in the emulator
001755  8408  FFB0  0531                              RSUB SDB_FREAD_FAST, 1
001756  840A  FFAA  0079                              RBRA _CR_NO, !C
001757  840C  C32C                                    CMP R3, R11                      ; (a) window as expected?
001758  840D  FFAB  007C                              RBRA _CR_BAD, !Z
001759  840F  C430                                    CMP R4, R12                      ; address as expected?
001760  8410  FFAB  0079                              RBRA _CR_BAD, !Z
001761                    
001762                                                ; (b) the file position must be exactly R1
001763  8412  0FA0  89E3                              MOVE HANDLE_FILE, R8
001764  8414  1FA0  0008                              ADD FAT32$FDH_ACCESS_HI, R8
001765  8416  CFA1  0000                              CMP 0, @R8
001766  8418  FFAB  0071                              RBRA _CR_BAD, !Z
001767  841A  0FA0  89E3                              MOVE HANDLE_FILE, R8
001768  841C  1FA0  0007                              ADD FAT32$FDH_ACCESS_LO, R8
001769  841E  C121                                    CMP R1, @R8
001770  841F  FFAB  006A                              RBRA _CR_BAD, !Z
001771                    
001772                                                ; (c) the tail, alternating between two file handles
001773  8421  0FA0  8D40                              MOVE HANDLE_DEV, R8
001774  8423  0FA4  89EF                              MOVE HANDLE_FILE2, R9
001775  8425  0228                                    MOVE R2, R10
001776  8426  BB2C                                    XOR R11, R11
001777  8427  FF90  0050                              ASUB f32_fopen, 1
001778  8429  CFA8  0000                              CMP 0, R10
001779  842B  FFAB  005E                              RBRA _CR_BAD, !Z
001780  842D  0FA0  89EF                              MOVE HANDLE_FILE2, R8
001781  842F  0124                                    MOVE R1, R9
001782  8430  BA28                                    XOR R10, R10
001783  8431  FF90  0054                              ASUB f32_fseek, 1
001784  8433  CFA4  0000                              CMP 0, R9
001785  8435  FFAB  0054                              RBRA _CR_BAD, !Z
001786                    
001787  8437  001C                                    MOVE R0, R7                      ; R7: tail bytes still to go
001788  8438  311C                                    SUB R1, R7
001789  8439  CF9C  0000  _CR_TL                      CMP 0, R7
001790  843B  FFA3  0018                              RBRA _CR_TD, Z
001791  843D  0FA0  89E3                              MOVE HANDLE_FILE, R8
001792  843F  FF90  0052                              ASUB f32_fread, 1
001793  8441  CFA8  0000                              CMP 0, R10                       ; tail must not be short
001794  8443  FFAB  0046                              RBRA _CR_BAD, !Z
001795  8445  0914                                    MOVE R9, R5
001796  8446  0FA0  89EF                              MOVE HANDLE_FILE2, R8
001797  8448  FF90  0052                              ASUB f32_fread, 1
001798  844A  CFA8  0000                              CMP 0, R10
001799  844C  FFAB  003D                              RBRA _CR_BAD, !Z
001800  844E  C524                                    CMP R5, R9                       ; both handles must agree
001801  844F  FFAB  003A                              RBRA _CR_BAD, !Z
001802  8451  3F9C  0001                              SUB 1, R7
001803  8453  FFA0  FFE4                              RBRA _CR_TL, 1
001804  8455  0FA0  89E3  _CR_TD                      MOVE HANDLE_FILE, R8
001805  8457  FF90  0052                              ASUB f32_fread, 1
001806  8459  CFA8  EEEE                              CMP FAT32$EOF, R10               ; ..and must not be long
001807  845B  FFAB  002E                              RBRA _CR_BAD, !Z
001808                    
001809                                                ; (d) the bytes that are still visible in the 4k window
001810  845D  0314                                    MOVE R3, R5                      ; R5: their file offset
001811  845E  9FB8  FFFD                              AND 0xFFFD, R14
001812  8460  5F94  000C                              SHL 12, R5
001813  8462  011C                                    MOVE R1, R7                      ; R7: how many of them
001814  8463  351C                                    SUB R5, R7
001815  8464  FFA3  001B                              RBRA _CR_OK, Z                   ; the window is empty
001816  8466  0FA0  89E3                              MOVE HANDLE_FILE, R8
001817  8468  0524                                    MOVE R5, R9
001818  8469  BA28                                    XOR R10, R10
001819  846A  FF90  0054                              ASUB f32_fseek, 1
001820  846C  CFA4  0000                              CMP 0, R9
001821  846E  FFAB  001B                              RBRA _CR_BAD, !Z
001822  8470  0F98  7000                              MOVE M2M$RAMROM_DATA, R6
001823  8472  0FA0  89E3  _CR_CL                      MOVE HANDLE_FILE, R8
001824  8474  FF90  0052                              ASUB f32_fread, 1
001825  8476  CFA8  0000                              CMP 0, R10
001826  8478  FFAB  0011                              RBRA _CR_BAD, !Z
001827  847A  C6A4                                    CMP @R6++, R9
001828  847B  FFAB  000E                              RBRA _CR_BAD, !Z
001829  847D  3F9C  0001                              SUB 1, R7
001830  847F  FFAB  FFF1                              RBRA _CR_CL, !Z
001831                    
001832  8481  0FA0  8A5D  _CR_OK                      MOVE S_OK, R8
001833  8483  FFA0  000A                              RBRA _CR_P, 1
001834  8485  0FA0  8A68  _CR_NO                      MOVE S_NOMAP, R8
001835  8487  FFB0  0047                              RSUB BUMPFAIL, 1
001836  8489  FFA0  0004                              RBRA _CR_P, 1
001837  848B  0FA0  8A62  _CR_BAD                     MOVE S_FAIL, R8
001838  848D  FFB0  0041                              RSUB BUMPFAIL, 1
001839  848F  FF90  0008  _CR_P                       ASUB puts, 1
001840  8491  FF90  0060                              ASUB leave, 1
001841  8493  0DBC                                    MOVE @R13++, R15
001842                    
001843                    ; ---- verdict for CHKBLK, honouring the expectation in R11 (0 = must be
001844                    ; readable through the fast path, 1 = must fall back)
001845  8494  E0C0        VERDICT                     INCRB
001846  8495  0800                                    MOVE R8, R0
001847  8496  CFAC  0001                              CMP 1, R11
001848  8498  FFAB  0006                              RBRA _VD_WANT_OK, !Z
001849  849A  CF80  0001                              CMP 1, R0                        ; fallback expected
001850  849C  FFA3  0013                              RBRA _VD_OK, Z
001851  849E  FFA0  0004                              RBRA _VD_BAD, 1
001852  84A0  CF80  0000  _VD_WANT_OK                 CMP 0, R0
001853  84A2  FFA3  000D                              RBRA _VD_OK, Z
001854  84A4  0FA0  8A62  _VD_BAD                     MOVE S_FAIL, R8
001855  84A6  FF90  0008                              ASUB puts, 1
001856  84A8  0020                                    MOVE R0, R8
001857  84A9  FF90  0026                              ASUB puthex, 1
001858  84AB  FF90  000A                              ASUB crlf, 1
001859  84AD  FFB0  0021                              RSUB BUMPFAIL, 1
001860  84AF  FFA0  0004                              RBRA _VD_R, 1
001861  84B1  0FA0  8A5D  _VD_OK                      MOVE S_OK, R8
001862  84B3  FF90  0008                              ASUB puts, 1
001863  84B5  E100        _VD_R                       DECRB
001864  84B6  0DBC                                    MOVE @R13++, R15
001865                    
001866                    ; ---- verdict for a plain "must be zero" result in R8
001867  84B7  E0C0        VERDICT0                    INCRB
001868  84B8  0800                                    MOVE R8, R0
001869  84B9  CF80  0000                              CMP 0, R0
001870  84BB  FFA3  000D                              RBRA _VD0_OK, Z
001871  84BD  0FA0  8A62                              MOVE S_FAIL, R8
001872  84BF  FF90  0008                              ASUB puts, 1
001873  84C1  0020                                    MOVE R0, R8
001874  84C2  FF90  0026                              ASUB puthex, 1
001875  84C4  FF90  000A                              ASUB crlf, 1
001876  84C6  FFB0  0008                              RSUB BUMPFAIL, 1
001877  84C8  FFA0  0004                              RBRA _VD0_R, 1
001878  84CA  0FA0  8A5D  _VD0_OK                     MOVE S_OK, R8
001879  84CC  FF90  0008                              ASUB puts, 1
001880  84CE  E100        _VD0_R                      DECRB
001881  84CF  0DBC                                    MOVE @R13++, R15
001882                    
001883  84D0  E0C0        BUMPFAIL                    INCRB
001884  84D1  0F80  8D3F                              MOVE NFAIL, R0
001885  84D3  1F81  0001                              ADD 1, @R0
001886  84D5  E100                                    DECRB
001887  84D6  0DBC                                    MOVE @R13++, R15
001888                    
001889                    ; ============================================================================
001890                    ; ****************************************************************************
001891                    ; MiSTer2MEGA65 (M2M) QNICE ROM
001892                    ;
001893                    ; sdblock.asm: direct 512-byte block access to files on the SD card
001894                    ;
001895                    ; The FAT32 library of the QNICE Monitor only offers a byte-wise API
001896                    ; (f32_fread / f32_fwrite). Every single byte revalidates the cluster and the
001897                    ; sector of the file handle, which costs about 107 instructions per byte, and
001898                    ; f32_fseek walks the cluster chain from the start of the file, which makes a
001899                    ; random access at the far end of a 42 MB image cost seconds.
001900                    ;
001901                    ; This module resolves the on-disk layout of a file *once* into a compact
001902                    ; extent table and can then map "block N of the file" to an absolute SD card
001903                    ; LBA. A block is then one SD$READ_BLOCK plus a tight copy loop out of the
001904                    ; 512-byte buffer of the SD controller.
001905                    ;
001906                    ; ----------------------------------------------------------------------------
001907                    ; THE TWO RULES
001908                    ; ----------------------------------------------------------------------------
001909                    ;
001910                    ; (1) The FAT32 library must never be able to tell that we were here.
001911                    ;
001912                    ; The 512-byte "sector buffer" of the FAT32 library IS the 512-byte
001913                    ; hardware buffer of the SD controller; the device handle only remembers
001914                    ; *which* file handle filled it (FAT32$DEV_BUFFERED_FDH). Every direct
001915                    ; access destroys the library's buffer while the library still believes
001916                    ; it holds a particular sector.
001917                    ;
001918                    ; Earlier versions of this file solved that by pointing
001919                    ; FAT32$DEV_BUFFERED_FDH at a dummy handle, i.e. by reaching into the
001920                    ; library's bookkeeping. That is not done any more. Instead:
001921                    ;
001922                    ; * SDB_GUARD_IN works out, *before* anything is touched, which sector
001923                    ; the library believes is in the buffer and whether that sector can
001924                    ; be read back. If it cannot, the fast path is refused and nothing
001925                    ; is touched at all.
001926                    ; * a dirty buffer is written back through the library first.
001927                    ; * SDB_GUARD_OUT reads that very sector back, so the buffer holds
001928                    ; exactly what it held before.
001929                    ; * SDB_FREAD_FAST, which moves the file position anyway, restores the
001930                    ; library state the library's own way: with an f32_fseek, which
001931                    ; unconditionally re-reads the sector and re-claims ownership.
001932                    ;
001933                    ; The one remaining poke, SDB_ORPHAN, exists only for the case where the
001934                    ; restoring read itself fails, i.e. where the card is already broken. It
001935                    ; is strictly better than leaving the library with a buffer that holds
001936                    ; something else than it thinks.
001937                    ;
001938                    ; (2) Any error anywhere leaves the caller with "nothing happened".
001939                    ;
001940                    ; Every entry point returns Carry=0 on any problem, and the byte-wise
001941                    ; FAT32 path then does all of the work exactly as it did before this
001942                    ; file existed. In particular:
001943                    ;
001944                    ; * an SD card error latches the controller into its error state (see
001945                    ; the IO$SD_CSR description in sysdef.asm: "you need to reset the
001946                    ; controller to go on"), which would make every *subsequent* library
001947                    ; access fail too. SDB_SDERR therefore issues SD$RESET after any
001948                    ; failed SD operation before we hand back control.
001949                    ; * SDB_FREAD_FAST never seeks to the end of the file. It always leaves
001950                    ; at least one whole block to the byte loop, so the file position it
001951                    ; hands over is strictly inside the file and the caller reaches EOF
001952                    ; through the library, the way it always did.
001953                    ; * every seek is verified against FAT32$FDH_ACCESS afterwards.
001954                    ;
001955                    ; ----------------------------------------------------------------------------
001956                    ; Serial logging
001957                    ; ----------------------------------------------------------------------------
001958                    ; The switch is SDB_DEBUG in M2M/rom/sdblock_cfg.asm, which shell.asm includes
001959                    ; as its very first line. It must NOT be defined here: this file is included
001960                    ; at the end of shell.asm, and the C preprocessor runs once from top to
001961                    ; bottom, so a #define here would be invisible to every #ifdef above it.
001962                    ;
001963                    ; This file needs the environment of shell.asm.
001964                    ;
001965                    ; done for the PCXT-EGA-MEGA65 port and licensed under GPL v3
001966                    ; ****************************************************************************
001967                    
001968                    ; ----------------------------------------------------------------------------
001969                    ; Layout of a block map (see SDB_VD_MAPS / SDB_RM_MAP in shell_vars.asm)
001970                    ; ----------------------------------------------------------------------------
001971                    
001972                    ; Maximum amount of extents (runs of physically consecutive clusters) that we
001973                    ; are willing to remember for one file. A freshly copied image file normally
001974                    ; is one single extent. Files that would need more extents than this fall
001975                    ; back to the FAT32 library path.
001976                    SDB_MAX_EXT                 .EQU 8
001977                    
001978                    SDB_M_NEXT                  .EQU 0                           ; amount of valid extents; 0 = no map
001979                    SDB_M_FDH                   .EQU 1                           ; FDH this map was built for
001980                    SDB_M_TBLK_LO               .EQU 2                           ; amount of *whole* 512-byte blocks..
001981                    SDB_M_TBLK_HI               .EQU 3                           ; ..in the file (filesize / 512)
001982                    SDB_M_BAIL                  .EQU 4                           ; why there is no map (SDB_B_*)
001983                    SDB_M_EXT                   .EQU 5                           ; start of the extent array
001984                    
001985                    ; one extent: amount of blocks (lo/hi) and the absolute SD card LBA (lo/hi)
001986                    ; of the first of them
001987                    SDB_E_NBLK_LO               .EQU 0
001988                    SDB_E_NBLK_HI               .EQU 1
001989                    SDB_E_LBA_LO                .EQU 2
001990                    SDB_E_LBA_HI                .EQU 3
001991                    SDB_E_SIZE                  .EQU 4
001992                    
001993                    ; size of one map in words: SDB_M_EXT + SDB_E_SIZE * SDB_MAX_EXT = 5 + 4*8
001994                    ; = 37, rounded up to 40 to leave room
001995                    SDB_M_SIZE                  .EQU 40
001996                    
001997                    ; Amount of virtual drives that SDB_VD_MAPS in shell_vars.asm has room for.
001998                    ; The QNICE assembler cannot evaluate expressions in .BLOCK, so the size of
001999                    ; SDB_VD_MAPS is the literal SDB_M_SIZE * SDB_VD_MAX_N and both have to be
002000                    ; kept in sync by hand. Virtual drives beyond SDB_VD_MAX_N are not broken,
002001                    ; they just always use the (slow) FAT32 library path.
002002                    SDB_VD_MAX_N                .EQU 3
002003                    
002004                    ; Why a map could not be built. Logged, and also readable from SDB_M_BAIL.
002005                    SDB_B_OK                    .EQU 0
002006                    SDB_B_NOMAP                 .EQU 1                           ; no map slot for this drive
002007                    SDB_B_NODEV                 .EQU 2                           ; file handle has no device handle
002008                    SDB_B_NOSPC                 .EQU 3                           ; sectors per cluster is zero
002009                    SDB_B_EMPTY                 .EQU 4                           ; file is shorter than one block
002010                    SDB_B_BADSTART              .EQU 5                           ; start cluster < 2
002011                    SDB_B_FRAG                  .EQU 6                           ; more extents than SDB_MAX_EXT
002012                    SDB_B_FATERR                .EQU 7                           ; could not read a FAT sector
002013                    SDB_B_BADCLUS               .EQU 8                           ; illegal cluster in the chain
002014                    SDB_B_SHORT                 .EQU 9                           ; chain ends before the file does
002015                    SDB_B_LBA                   .EQU 10                          ; LBA arithmetic out of range
002016                    SDB_B_GUARD                 .EQU 11                          ; buffer could not be made restorable
002017                    SDB_B_SEEK                  .EQU 12                          ; restoring seek failed
002018                    
002019                    ; Why one virtual drive block request did or did not take the fast path.
002020                    ; Left in SDB_RD_STAT by SDB_VD_RDBLK / SDB_VD_WRBLK after every request, so
002021                    ; it can be read out even in a build without the serial log.
002022                    SDB_R_OK                    .EQU 0                           ; fast path taken
002023                    SDB_R_SIZE                  .EQU 1                           ; VD_SIZEB is not exactly 512
002024                    SDB_R_ALIGN                 .EQU 2                           ; byte position is not block aligned
002025                    SDB_R_MAP                   .EQU 3                           ; no usable map for this drive/handle
002026                    SDB_R_RANGE                 .EQU 4                           ; block is outside the mapped file
002027                    SDB_R_GUARD                 .EQU 5                           ; buffer could not be made restorable
002028                    SDB_R_SDERR                 .EQU 6                           ; the SD card operation failed
002029                    
002030                    ; end-of-chain marker: everything >= 0x0FFFFFF8 terminates a FAT32 chain,
002031                    ; and everything >= 0x0FFFFFF0 is reserved, so refuse all of it
002032                    SDB_EOC_HI                  .EQU 0x0FFF
002033                    SDB_EOC_LO                  .EQU 0xFFF0
002034                    
002035                    ; ----------------------------------------------------------------------------
002036                    ; Housekeeping
002037                    ; ----------------------------------------------------------------------------
002038                    
002039                    ; SDB_INVAL_ALL
002040                    ; Invalidates all block maps, i.e. everything falls back to the FAT32 library
002041                    ; until the maps are rebuilt. Called from VD_INIT and whenever the SD card
002042                    ; changes. Also clears the two zero-filled helper structures, because the
002043                    ; variables live in uninitialized RAM.
002044                    ;
002045                    ; Input: none
002046                    ; Output: none, all registers unchanged
002047  84D7  E0C0        SDB_INVAL_ALL               INCRB
002048  84D8  0F80  8D65                              MOVE SDB_VD_MAPS, R0
002049  84DA  0F84  0003                              MOVE SDB_VD_MAX_N, R1
002050  84DC  0F81  0000  _SDBIA_L                    MOVE 0, @R0
002051  84DE  1F80  0028                              ADD SDB_M_SIZE, R0
002052  84E0  3F84  0001                              SUB 1, R1
002053  84E2  FFAB  FFF8                              RBRA _SDBIA_L, !Z
002054  84E4  0F80  8DDD                              MOVE SDB_RM_MAP, R0
002055  84E6  0F81  0000                              MOVE 0, @R0
002056  84E8  0F80  8E05                              MOVE SDB_NULL_MAP, R0
002057  84EA  0F81  0000                              MOVE 0, @R0
002058  84EC  0F80  8E12                              MOVE SDB_G_VAL, R0
002059  84EE  0F81  0000                              MOVE 0, @R0
002060                    
002061                                                ; SDB_DUMMY_FDH must read as an all-zero, and therefore never
002062                                                ; dirty, file handle: SDB_ORPHAN hands it to FAT32$FLUSH
002063  84F0  0F80  8E06                              MOVE SDB_DUMMY_FDH, R0
002064  84F2  0F84  000C                              MOVE FAT32$FDH_STRUCT_SIZE, R1
002065  84F4  0F82  0000  _SDBIA_L2                   MOVE 0, @R0++
002066  84F6  3F84  0001                              SUB 1, R1
002067  84F8  FFAB  FFFA                              RBRA _SDBIA_L2, !Z
002068  84FA  E100                                    DECRB
002069  84FB  0DBC                                    MOVE @R13++, R15
002070                    
002071                    ; SDB_VDMAP
002072                    ; Returns the block map that belongs to a virtual drive. Drives that have no
002073                    ; map (see SDB_VD_MAX_N) get the permanently empty SDB_NULL_MAP, which makes
002074                    ; SDB_CHECK fail and therefore forces the FAT32 library path.
002075                    ;
002076                    ; Input: R8: virtual drive number
002077                    ; Output: R8: pointer to the block map
002078  84FC  E0C0        SDB_VDMAP                   INCRB
002079  84FD  0800                                    MOVE R8, R0
002080  84FE  0F84  0003                              MOVE SDB_VD_MAX_N, R1
002081  8500  C100                                    CMP R1, R0                       ; drive number < maximum?
002082  8501  FFA4  0004                              RBRA _SDBVM_OK, N                ; yes
002083  8503  0FA0  8E05                              MOVE SDB_NULL_MAP, R8            ; no: never mapped
002084  8505  FFA0  000C                              RBRA _SDBVM_D, 1
002085  8507  0FA0  8D65  _SDBVM_OK                   MOVE SDB_VD_MAPS, R8
002086  8509  CF80  0000  _SDBVM_L                    CMP 0, R0
002087  850B  FFA3  0006                              RBRA _SDBVM_D, Z
002088  850D  1FA0  0028                              ADD SDB_M_SIZE, R8
002089  850F  3F80  0001                              SUB 1, R0
002090  8511  FFA0  FFF6                              RBRA _SDBVM_L, 1
002091  8513  E100        _SDBVM_D                    DECRB
002092  8514  0DBC                                    MOVE @R13++, R15
002093                    
002094                    ; SDB_CHECK
002095                    ; Is the given map valid and does it belong to the given file handle?
002096                    ;
002097                    ; Input: R8: pointer to the block map
002098                    ; R9: file handle (FDH)
002099                    ; Output: Carry=1 if the map can be used, all registers unchanged
002100  8515  E0C0        SDB_CHECK                   INCRB
002101  8516  CFA1  0000                              CMP 0, @R8                       ; any extents?
002102  8518  FFA3  000A                              RBRA _SDBC_NO, Z                 ; no: unusable
002103  851A  0800                                    MOVE R8, R0
002104  851B  1F80  0001                              ADD SDB_M_FDH, R0
002105  851D  C064                                    CMP @R0, R9                      ; built for this file handle?
002106  851E  FFAB  0004                              RBRA _SDBC_NO, !Z                ; no: unusable
002107  8520  AFB8  0004                              OR 0x0004, R14                   ; set Carry
002108  8522  FFA0  0002                              RBRA _SDBC_R, 1
002109  8524  9FB8  FFFB  _SDBC_NO                    AND 0xFFFB, R14                  ; clear Carry
002110  8526  E100        _SDBC_R                     DECRB
002111  8527  0DBC                                    MOVE @R13++, R15
002112                    
002113                    ; ----------------------------------------------------------------------------
002114                    ; Every SD card access of the fast path goes through these two wrappers, so
002115                    ; that the time the card itself needs can be measured separately from
002116                    ; everything else, and so that the number of card accesses per virtual drive
002117                    ; request is countable. Without SDB_DEBUG they are a plain call.
002118                    ; ----------------------------------------------------------------------------
002119                    
002120                    ; SDB_SDRD: read one 512-byte block into the SD controller's buffer
002121                    ; Input: R8/R9 = LBA lo/hi
002122                    ; Output: R8 = 0, or the error code
002123  8528              SDB_SDRD                    
002124                    
002125                    
002126                    
002127  8528  FF90  003C                              ASUB sd_r_block, 1
002128                    
002129                    
002130                    
002131  852A  0DBC                                    MOVE @R13++, R15
002132                    
002133                    ; SDB_SDWR: write the SD controller's buffer to one 512-byte block
002134                    ; Input: R8/R9 = LBA lo/hi
002135                    ; Output: R8 = 0, or the error code
002136  852B              SDB_SDWR                    
002137                    
002138                    
002139                    
002140  852B  FF90  003E                              ASUB sd_w_block, 1
002141                    
002142                    
002143                    
002144  852D  0DBC                                    MOVE @R13++, R15
002145                    ; SDB_SDERR
002146                    ; Called after a failed SD card operation. The controller latches its error
002147                    ; state and refuses everything until it is reset, which would turn our
002148                    ; problem into a fatal error in the *next* FAT32 library call. Reset it, so
002149                    ; that the fallback path starts from a clean controller.
002150                    ;
002151                    ; Input: R8: the error code (only used for logging)
002152                    ; Output: none, R8 unchanged
002153  852E  E0C0        SDB_SDERR                   INCRB
002154  852F  0800                                    MOVE R8, R0
002155                    
002156                    
002157                    
002158                    
002159                    
002160                    
002161                    
002162  8530  FF90  003A                              ASUB sd_reset, 1
002163  8532  0020                                    MOVE R0, R8
002164  8533  E100                                    DECRB
002165  8534  0DBC                                    MOVE @R13++, R15
002166                    
002167                    ; ----------------------------------------------------------------------------
002168                    ; Guarding the FAT32 library's sector buffer
002169                    ; ----------------------------------------------------------------------------
002170                    
002171                    ; SDB_GUARD_IN
002172                    ; Prepares for direct SD card access. Writes the FAT32 library's sector
002173                    ; buffer back first if it is dirty, and notes whether a real file handle
002174                    ; currently claims the buffer, so that SDB_GUARD_OUT can tell that handle
002175                    ; afterwards that the contents are no longer what it thinks. Refuses
002176                    ; (Carry=0) without touching anything if the write-back fails.
002177                    ;
002178                    ; This used to remember the sector's LBA and read it back in
002179                    ; SDB_GUARD_OUT. That was a second SD card access per virtual drive request,
002180                    ; about 1.5 ms of hardware time out of 3.4 ms, for something that the
002181                    ; library's own re-read mechanism does for free. It also could only ever
002182                    ; satisfy one of the two device handles that share the one hardware buffer,
002183                    ; whereas marking tells both.
002184                    ;
002185                    ; Input: none
002186                    ; Output: Carry=1: direct access is allowed
002187                    ; Carry=0: do not touch the SD card, nothing has been touched
002188                    ; all registers unchanged
002189  8535  FF90  005E  SDB_GUARD_IN                ASUB enter, 1
002190                    
002191  8537  0FA0  8E12                              MOVE SDB_G_VAL, R8               ; nobody to tell yet
002192  8539  0FA1  0000                              MOVE 0, @R8
002193                    
002194  853B  0FA0  8D40                              MOVE HANDLE_DEV, R8              ; who claims the buffer?
002195  853D  FFB0  0027                              RSUB _SDB_OWNER, 1
002196  853F  FFA2  0008                              RBRA _SDBGI_HAVE, C
002197  8541  0FA0  8D52                              MOVE CONFIG_DEVH, R8
002198  8543  FFB0  0021                              RSUB _SDB_OWNER, 1
002199  8545  FFA2  0002                              RBRA _SDBGI_HAVE, C
002200  8547  FFA0  0014                              RBRA _SDBGI_OK, 1                ; nobody: nothing to do
002201                    
002202                                                ; R8: device handle, R9: owning FDH
002203  8549  0904        _SDBGI_HAVE                 MOVE R9, R1
002204                    
002205  854A  0120                                    MOVE R1, R8                      ; dirty? then write it back
002206  854B  1FA0  000B                              ADD FAT32$FDH_FLAGS, R8
002207  854D  0860                                    MOVE @R8, R8
002208  854E  9FA0  0001                              AND FAT32$FDHF_DIRTY, R8
002209  8550  FFA3  0007                              RBRA _SDBGI_CLEAN, Z
002210  8552  0120                                    MOVE R1, R8
002211  8553  FF90  0068                              ASUB f32_fflush, 1
002212  8555  CFA4  0000                              CMP 0, R9
002213  8557  FFAB  0008                              RBRA _SDBGI_NO, !Z               ; cannot write back: refuse
002214                    
002215  8559  0FA0  8E12  _SDBGI_CLEAN                MOVE SDB_G_VAL, R8               ; a real handle owns it, so
002216  855B  0FA1  0001                              MOVE 1, @R8                      ; ..it has to be told later
002217                    
002218  855D  AFB8  0004  _SDBGI_OK                   OR 0x0004, R14                   ; set Carry
002219  855F  FFA0  0002                              RBRA _SDBGI_RET, 1
002220  8561  9FB8  FFFB  _SDBGI_NO                   AND 0xFFFB, R14                  ; clear Carry
002221  8563  FF90  0060  _SDBGI_RET                  ASUB leave, 1
002222  8565  0DBC                                    MOVE @R13++, R15
002223                    
002224                    ; Input: R8: device handle
002225                    ; Output: Carry=1 and R9 = the FDH that claims the buffer, R8 unchanged
002226                    ;
002227                    ; SDB_DUMMY_FDH is our own "the contents are unknown" marker and must not be
002228                    ; reported as an owner: otherwise the request after an orphaned one would try
002229                    ; to write back and mark a handle that is not a real file, and - since the
002230                    ; dummy has cluster 0 - would have been refused outright by the old
002231                    ; restore-based guard.
002232  8566  E0C0        _SDB_OWNER                  INCRB
002233  8567  CFA1  0000                              CMP 0, @R8                       ; device handle initialized?
002234  8569  FFA3  000F                              RBRA _SDB_OWN_NO, Z
002235  856B  0800                                    MOVE R8, R0
002236  856C  1F80  0011                              ADD FAT32$DEV_BUFFERED_FDH, R0
002237  856E  0064                                    MOVE @R0, R9
002238  856F  FFA3  0009                              RBRA _SDB_OWN_NO, Z              ; nobody claims it
002239  8571  0F80  8E06                              MOVE SDB_DUMMY_FDH, R0
002240  8573  C024                                    CMP R0, R9                       ; already marked as unknown?
002241  8574  FFA3  0004                              RBRA _SDB_OWN_NO, Z              ; then there is no owner
002242  8576  AFB8  0004                              OR 0x0004, R14
002243  8578  FFA0  0002                              RBRA _SDB_OWN_R, 1
002244  857A  9FB8  FFFB  _SDB_OWN_NO                 AND 0xFFFB, R14
002245  857C  E100        _SDB_OWN_R                  DECRB
002246  857D  0DBC                                    MOVE @R13++, R15
002247                    
002248                    ; SDB_GUARD_OUT
002249                    ; The direct access is done and the hardware buffer now holds our block. Tell
002250                    ; whoever claimed it that its contents are unknown, so that the FAT32 library
002251                    ; re-reads instead of trusting it.
002252                    ;
002253                    ; Input: none
002254                    ; Output: none, all registers unchanged
002255  857E  FF90  005E  SDB_GUARD_OUT               ASUB enter, 1
002256  8580  0FA0  8E12                              MOVE SDB_G_VAL, R8
002257  8582  CFA1  0000                              CMP 0, @R8
002258  8584  FFA3  0004                              RBRA _SDBGO_RET, Z               ; nobody had claimed it
002259  8586  0FA1  0000                              MOVE 0, @R8
002260  8588  FFB0  000A                              RSUB SDB_ORPHAN, 1
002261  858A  FF90  0060  _SDBGO_RET                  ASUB leave, 1
002262  858C  0DBC                                    MOVE @R13++, R15
002263                    
002264                    ; SDB_GUARD_CLR
002265                    ; The library has been put back by other means - SDB_FREAD_FAST finishes with
002266                    ; an f32_fseek, which re-reads the sector and re-claims ownership itself - so
002267                    ; there is nothing left to mark.
002268                    ;
002269                    ; Input: none
002270                    ; Output: none, all registers unchanged
002271  858D  E0C0        SDB_GUARD_CLR               INCRB
002272  858E  0F80  8E12                              MOVE SDB_G_VAL, R0
002273  8590  0F81  0000                              MOVE 0, @R0
002274  8592  E100                                    DECRB
002275  8593  0DBC                                    MOVE @R13++, R15
002276                    
002277                    ; SDB_ORPHAN
002278                    ; Tells both device handles that the contents of the 512-byte hardware buffer
002279                    ; are unknown, so that the library re-reads rather than serving something we
002280                    ; overwrote. This is the same mechanism the library uses on itself: READ_FDH
002281                    ; compares FAT32$DEV_BUFFERED_FDH with the handle it was called for and
002282                    ; re-reads through FAT32$RW_SIC whenever they differ.
002283                    ;
002284                    ; "Unknown" is expressed by handing the buffer to SDB_DUMMY_FDH, an all-zero
002285                    ; and therefore never dirty file handle, and not by the obvious 0: FAT32$FLUSH
002286                    ; returns immediately when called with R8 = 0 and then leaves R9 - its error
002287                    ; code - untouched, and FAT32$FILE_SEEK checks that stale R9 right after
002288                    ; calling it, so a seek would silently do nothing.
002289                    ;
002290                    ; Note what this does NOT do: it issues no SD card access of its own, so it
002291                    ; cannot produce an LBA, and therefore cannot reproduce anything of the shape
002292                    ; that made hardware run 1 fatal (a wild LBA latching the controller's error
002293                    ; state). All of the guards against that - stopping one block short of the
002294                    ; end of a file, verifying FAT32$FDH_ACCESS after every seek, validating every
002295                    ; LBA in SDB_CLULBA, and resetting the controller after a failed access - are
002296                    ; untouched.
002297                    ;
002298                    ; Input: none
002299                    ; Output: none, all registers unchanged
002300  8594  FF90  005E  SDB_ORPHAN                  ASUB enter, 1
002301                    
002302                    
002303                    
002304                    
002305                    
002306  8596  0FA0  8D40                              MOVE HANDLE_DEV, R8
002307  8598  FFB0  000B                              RSUB _SDB_ORPH1, 1
002308  859A  0FA0  8D52                              MOVE CONFIG_DEVH, R8
002309  859C  FFB0  0007                              RSUB _SDB_ORPH1, 1
002310  859E  0FA0  8E12                              MOVE SDB_G_VAL, R8               ; everybody has been told
002311  85A0  0FA1  0000                              MOVE 0, @R8
002312  85A2  FF90  0060                              ASUB leave, 1
002313  85A4  0DBC                                    MOVE @R13++, R15
002314                    
002315  85A5  E0C0        _SDB_ORPH1                  INCRB
002316  85A6  0804                                    MOVE R8, R1
002317  85A7  CFA1  0000                              CMP 0, @R8
002318  85A9  FFA3  0006                              RBRA _SDB_ORPH_R, Z
002319  85AB  0800                                    MOVE R8, R0
002320  85AC  1F80  0011                              ADD FAT32$DEV_BUFFERED_FDH, R0
002321  85AE  0F88  8E06                              MOVE SDB_DUMMY_FDH, R2
002322  85B0  0201                                    MOVE R2, @R0
002323  85B1  0120        _SDB_ORPH_R                 MOVE R1, R8
002324  85B2  E100                                    DECRB
002325  85B3  0DBC                                    MOVE @R13++, R15
002326                    
002327                    ; ----------------------------------------------------------------------------
002328                    ; 32-bit helpers
002329                    ; ----------------------------------------------------------------------------
002330                    
002331                    ; SDB_B2BLK
002332                    ; Converts a byte position into a 512-byte block index (unsigned 32 bit).
002333                    ;
002334                    ; Input: R9/R10: byte position lo/hi
002335                    ; Output: R9/R10: block index lo/hi
002336  85B4  E0C0        SDB_B2BLK                   INCRB
002337  85B5  0A00                                    MOVE R10, R0
002338  85B6  9F80  01FF                              AND 0x01FF, R0                   ; bits that move down into..
002339  85B8  9FB8  FFFD                              AND 0xFFFD, R14                  ; ..the low word; clear X so..
002340  85BA  5F80  0007                              SHL 7, R0                        ; ..SHL shifts in zeros
002341  85BC  9FB8  FFFB                              AND 0xFFFB, R14                  ; clear C so SHR shifts in 0
002342  85BE  6FA4  0009                              SHR 9, R9
002343  85C0  1024                                    ADD R0, R9
002344  85C1  9FB8  FFFB                              AND 0xFFFB, R14
002345  85C3  6FA8  0009                              SHR 9, R10
002346  85C5  E100                                    DECRB
002347  85C6  0DBC                                    MOVE @R13++, R15
002348                    
002349                    ; SDB_BLK2B
002350                    ; Converts a 512-byte block index into a byte position (unsigned 32 bit).
002351                    ;
002352                    ; Input: R9/R10: block index lo/hi
002353                    ; Output: R9/R10: byte position lo/hi
002354  85C7  E0C0        SDB_BLK2B                   INCRB
002355  85C8  0900                                    MOVE R9, R0
002356  85C9  9FB8  FFFB                              AND 0xFFFB, R14                  ; clear C so SHR shifts in 0
002357  85CB  6F80  0007                              SHR 7, R0                        ; bits that move up into..
002358  85CD  9FB8  FFFD                              AND 0xFFFD, R14                  ; ..the high word; clear X
002359  85CF  5FA8  0009                              SHL 9, R10
002360  85D1  1028                                    ADD R0, R10
002361  85D2  9FB8  FFFD                              AND 0xFFFD, R14
002362  85D4  5FA4  0009                              SHL 9, R9
002363  85D6  E100                                    DECRB
002364  85D7  0DBC                                    MOVE @R13++, R15
002365                    
002366                    ; SDB_CLULBA
002367                    ; The absolute SD card LBA of one sector within one cluster, i.e. exactly
002368                    ; what FAT32$RW_SIC computes, with every range check spelled out.
002369                    ;
002370                    ; Input: R8: device handle
002371                    ; R9/R10: cluster lo/hi
002372                    ; R11: sector within the cluster
002373                    ; Output: Carry=1: R9/R10 = LBA lo/hi
002374                    ; Carry=0: the cluster or the sector is out of range
002375                    ; R8, R11 unchanged
002376  85D8  E0C0        SDB_CLULBA                  INCRB
002377  85D9  0800                                    MOVE R8, R0                      ; R0: device handle
002378  85DA  0B04                                    MOVE R11, R1                     ; R1: sector
002379                    
002380  85DB  CFA8  0000                              CMP 0, R10                       ; cluster >= 2?
002381  85DD  FFAB  0006                              RBRA _SDBCL_C1, !Z
002382  85DF  CFA4  0001                              CMP 1, R9
002383  85E1  FFA4  0044                              RBRA _SDBCL_NO, N                ; cluster = 0
002384  85E3  FFA3  0042                              RBRA _SDBCL_NO, Z                ; cluster = 1
002385  85E5  CFA8  0FFF  _SDBCL_C1                   CMP SDB_EOC_HI, R10              ; cluster < 0x0FFFFFF0?
002386  85E7  FFAB  0006                              RBRA _SDBCL_C2, !Z
002387  85E9  C93E  FFF0                              CMP R9, SDB_EOC_LO
002388  85EB  FFA4  003A                              RBRA _SDBCL_NO, N
002389  85ED  FFA3  0038                              RBRA _SDBCL_NO, Z
002390  85EF  CA3E  0FFF  _SDBCL_C2                   CMP R10, 0x0FFF                  ; and inside 28 bits at all?
002391  85F1  FFA4  0034                              RBRA _SDBCL_NO, N
002392                    
002393  85F3  0008                                    MOVE R0, R2                      ; R2: sectors per cluster
002394  85F4  1F88  000C                              ADD FAT32$DEV_SECT_PER_CLUS, R2
002395  85F6  0248                                    MOVE @R2, R2
002396  85F7  FFA3  002E                              RBRA _SDBCL_NO, Z
002397  85F9  020C                                    MOVE R2, R3
002398  85FA  3F8C  0001                              SUB 1, R3
002399  85FC  C10C                                    CMP R1, R3                       ; sector inside the cluster?
002400  85FD  FFA4  0028                              RBRA _SDBCL_NO, N
002401                    
002402  85FF  0920                                    MOVE R9, R8                      ; (cluster - 2) * spc
002403  8600  0A24                                    MOVE R10, R9
002404  8601  3FA0  0002                              SUB 2, R8
002405  8603  4FA4  0000                              SUBC 0, R9
002406  8605  0228                                    MOVE R2, R10
002407  8606  BB2C                                    XOR R11, R11
002408  8607  FF90  0032                              ASUB mulu32, 1                   ; R11|R10|R9|R8 = 64 bit
002409  8609  CFA8  0000                              CMP 0, R10                       ; more than 32 bits?
002410  860B  FFAB  001A                              RBRA _SDBCL_NO, !Z
002411  860D  CFAC  0000                              CMP 0, R11
002412  860F  FFAB  0016                              RBRA _SDBCL_NO, !Z
002413                    
002414  8611  002C                                    MOVE R0, R11                     ; plus cluster_begin_lba
002415  8612  1FAC  000A                              ADD FAT32$DEV_CLUSTER_LO, R11
002416  8614  0BA8                                    MOVE @R11++, R10
002417  8615  0B6C                                    MOVE @R11, R11
002418  8616  1A20                                    ADD R10, R8
002419  8617  2B24                                    ADDC R11, R9
002420  8618  FFA2  000D                              RBRA _SDBCL_NO, C                ; 32-bit overflow
002421  861A  1120                                    ADD R1, R8                       ; plus the sector
002422  861B  2FA4  0000                              ADDC 0, R9
002423  861D  FFA2  0008                              RBRA _SDBCL_NO, C
002424                    
002425  861F  0928                                    MOVE R9, R10                     ; return the LBA in R9/R10
002426  8620  0824                                    MOVE R8, R9
002427  8621  0020                                    MOVE R0, R8
002428  8622  012C                                    MOVE R1, R11
002429  8623  AFB8  0004                              OR 0x0004, R14                   ; set Carry
002430  8625  FFA0  0004                              RBRA _SDBCL_RET, 1
002431  8627  0020        _SDBCL_NO                   MOVE R0, R8
002432  8628  012C                                    MOVE R1, R11
002433  8629  9FB8  FFFB                              AND 0xFFFB, R14                  ; clear Carry
002434  862B  E100        _SDBCL_RET                  DECRB
002435  862C  0DBC                                    MOVE @R13++, R15
002436                    
002437                    ; SDB_LBA
002438                    ; Maps a block index within the file to an absolute SD card LBA.
002439                    ;
002440                    ; Input: R8: pointer to the block map
002441                    ; R9/R10: block index lo/hi
002442                    ; Output: Carry=1: R9/R10 = LBA lo/hi
002443                    ; Carry=0: the block cannot be mapped (use the FAT32 library)
002444                    ; R8 unchanged
002445  862D  E0C0        SDB_LBA                     INCRB
002446  862E  0800                                    MOVE R8, R0                      ; R0: map
002447  862F  0904                                    MOVE R9, R1                      ; R1/R2: remaining block idx
002448  8630  0A08                                    MOVE R10, R2
002449  8631  004C                                    MOVE @R0, R3                     ; R3: amount of extents
002450  8632  FFA3  0037                              RBRA _SDBL_NO, Z
002451                    
002452                                                ; reject anything that is not completely inside the file
002453  8634  0010                                    MOVE R0, R4
002454  8635  1F90  0003                              ADD SDB_M_TBLK_HI, R4
002455  8637  C211                                    CMP R2, @R4
002456  8638  FFA4  0031                              RBRA _SDBL_NO, N                 ; idx_hi > total_hi
002457  863A  FFAB  0008                              RBRA _SDBL_C1, !Z                ; idx_hi < total_hi: inside
002458  863C  0010                                    MOVE R0, R4
002459  863D  1F90  0002                              ADD SDB_M_TBLK_LO, R4
002460  863F  C111                                    CMP R1, @R4
002461  8640  FFA4  0029                              RBRA _SDBL_NO, N                 ; idx_lo > total_lo
002462  8642  FFA3  0027                              RBRA _SDBL_NO, Z                 ; idx_lo = total_lo: outside
002463                    
002464  8644  0010        _SDBL_C1                    MOVE R0, R4
002465  8645  1F90  0005                              ADD SDB_M_EXT, R4                ; R4: current extent
002466  8647  0454        _SDBL_LOOP                  MOVE @R4, R5                     ; R5/R6: blocks in extent
002467  8648  0418                                    MOVE R4, R6
002468  8649  1F98  0001                              ADD SDB_E_NBLK_HI, R6
002469  864B  0658                                    MOVE @R6, R6
002470  864C  C218                                    CMP R2, R6                       ; remainder < extent size?
002471  864D  FFA4  0014                              RBRA _SDBL_NEXT, N               ; rem_hi > ext_hi: no
002472  864F  FFAB  0005                              RBRA _SDBL_HIT, !Z               ; rem_hi < ext_hi: yes
002473  8651  C114                                    CMP R1, R5
002474  8652  FFA4  000F                              RBRA _SDBL_NEXT, N               ; rem_lo > ext_lo: no
002475  8654  FFA3  000D                              RBRA _SDBL_NEXT, Z               ; rem_lo = ext_lo: no
002476                    
002477  8656  0418        _SDBL_HIT                   MOVE R4, R6
002478  8657  1F98  0002                              ADD SDB_E_LBA_LO, R6
002479  8659  06A4                                    MOVE @R6++, R9                   ; R9/R10: LBA of the extent
002480  865A  0668                                    MOVE @R6, R10
002481  865B  1124                                    ADD R1, R9                       ; plus the remainder
002482  865C  2228                                    ADDC R2, R10
002483  865D  FFA2  000C                              RBRA _SDBL_NO, C                 ; 32-bit overflow
002484  865F  AFB8  0004                              OR 0x0004, R14                   ; set Carry
002485  8661  FFA0  000A                              RBRA _SDBL_RET, 1
002486                    
002487  8663  3504        _SDBL_NEXT                  SUB R5, R1                       ; remainder -= extent size
002488  8664  4608                                    SUBC R6, R2
002489  8665  1F90  0004                              ADD SDB_E_SIZE, R4               ; next extent
002490  8667  3F8C  0001                              SUB 1, R3
002491  8669  FFAB  FFDC                              RBRA _SDBL_LOOP, !Z
002492  866B  9FB8  FFFB  _SDBL_NO                    AND 0xFFFB, R14                  ; clear Carry
002493  866D  E100        _SDBL_RET                   DECRB
002494  866E  0DBC                                    MOVE @R13++, R15
002495                    
002496                    ; Unsigned 32-bit "A >= B" for two little-endian word pairs in memory.
002497                    ; The answer is returned in the Carry flag and not in N/Z, because MOVE @R13++, R15 is
002498                    ; a MOVE (see sysdef.asm) and a MOVE overwrites N and Z but not the Carry.
002499                    ; Input: R8: pointer to A (lo, hi), R9: pointer to B (lo, hi)
002500                    ; Output: Carry=1 if A >= B, R8 and R9 unchanged
002501  866F  E0C0        _SDB_GE32                   INCRB
002502  8670  0800                                    MOVE R8, R0
002503  8671  0904                                    MOVE R9, R1
002504  8672  1F80  0001                              ADD 1, R0
002505  8674  1F84  0001                              ADD 1, R1
002506  8676  C045                                    CMP @R0, @R1                     ; high words
002507  8677  FFA4  000B                              RBRA _SDB_G32Y, N                ; A_hi > B_hi
002508  8679  FFAB  0005                              RBRA _SDB_G32N, !Z               ; A_hi < B_hi
002509  867B  C865                                    CMP @R8, @R9                     ; low words
002510  867C  FFA4  0006                              RBRA _SDB_G32Y, N
002511  867E  FFA3  0004                              RBRA _SDB_G32Y, Z
002512  8680  9FB8  FFFB  _SDB_G32N                   AND 0xFFFB, R14                  ; clear Carry
002513  8682  FFA0  0002                              RBRA _SDB_G32R, 1
002514  8684  AFB8  0004  _SDB_G32Y                   OR 0x0004, R14                   ; set Carry
002515  8686  E100        _SDB_G32R                   DECRB
002516  8687  0DBC                                    MOVE @R13++, R15
002517                    
002518                    ; ----------------------------------------------------------------------------
002519                    ; Building the map
002520                    ; ----------------------------------------------------------------------------
002521                    
002522                    ; SDB_MAP_BUILD
002523                    ; Walks the FAT cluster chain of an open file once and stores the result as
002524                    ; an extent table, so that SDB_LBA can map blocks to LBAs afterwards. Costs
002525                    ; one SD card block read per 128 clusters of the file.
002526                    ;
002527                    ; Reads FAT sectors directly and therefore destroys the FAT32 library's
002528                    ; sector buffer, so it guards and restores it (see THE TWO RULES above). It
002529                    ; never modifies the file handle: the file position is the same afterwards.
002530                    ;
002531                    ; Input: R8: file handle (FDH)
002532                    ; R9: pointer to the block map to be filled
002533                    ; Output: none. The map is left invalid (extent count = 0, reason in
002534                    ; SDB_M_BAIL) when the file cannot be described, which makes all
002535                    ; callers fall back silently.
002536  8688  FF90  005E  SDB_MAP_BUILD               ASUB enter, 1
002537                    
002538  868A  0800                                    MOVE R8, R0                      ; R0: FDH
002539  868B  0904                                    MOVE R9, R1                      ; R1: map
002540                    
002541  868C  0F85  0000                              MOVE 0, @R1                      ; invalid until proven good
002542  868E  0108                                    MOVE R1, R2
002543  868F  1F88  0004                              ADD SDB_M_BAIL, R2
002544  8691  0F89  0001                              MOVE SDB_B_NOMAP, @R2
002545  8693  0F88  8E05                              MOVE SDB_NULL_MAP, R2            ; no real map for this drive?
002546  8695  C204                                    CMP R2, R1
002547  8696  FFA3  0100                              RBRA _SDBMB_RET, Z               ; then there is nothing to do
002548                    
002549  8698  0108                                    MOVE R1, R2
002550  8699  1F88  0001                              ADD SDB_M_FDH, R2
002551  869B  0009                                    MOVE R0, @R2                     ; remember the file handle
002552                    
002553  869C  0FA0  0002                              MOVE SDB_B_NODEV, R8
002554  869E  FFB0  00FB                              RSUB _SDB_BAIL, 1
002555  86A0  0008                                    MOVE R0, R2
002556  86A1  1F88  0000                              ADD FAT32$FDH_DEVICE, R2
002557  86A3  0248                                    MOVE @R2, R2                     ; R2: device handle
002558  86A4  FFA3  00F2                              RBRA _SDBMB_RET, Z
002559                    
002560  86A6  0FA0  0003                              MOVE SDB_B_NOSPC, R8
002561  86A8  FFB0  00F1                              RSUB _SDB_BAIL, 1
002562  86AA  020C                                    MOVE R2, R3
002563  86AB  1F8C  000C                              ADD FAT32$DEV_SECT_PER_CLUS, R3
002564  86AD  034C                                    MOVE @R3, R3                     ; R3: sectors per cluster
002565  86AE  FFA3  00E8                              RBRA _SDBMB_RET, Z
002566                    
002567                                                ; total amount of whole 512-byte blocks = filesize / 512
002568  86B0  0020                                    MOVE R0, R8
002569  86B1  1FA0  0005                              ADD FAT32$FDH_SIZE_LO, R8
002570  86B3  0864                                    MOVE @R8, R9
002571  86B4  0020                                    MOVE R0, R8
002572  86B5  1FA0  0006                              ADD FAT32$FDH_SIZE_HI, R8
002573  86B7  0868                                    MOVE @R8, R10
002574  86B8  FFB0  FEFA                              RSUB SDB_B2BLK, 1
002575  86BA  0120                                    MOVE R1, R8
002576  86BB  1FA0  0002                              ADD SDB_M_TBLK_LO, R8
002577  86BD  0921                                    MOVE R9, @R8
002578  86BE  0120                                    MOVE R1, R8
002579  86BF  1FA0  0003                              ADD SDB_M_TBLK_HI, R8
002580  86C1  0A21                                    MOVE R10, @R8
002581  86C2  0FA0  8E2A                              MOVE SDB_S_BLEFT, R8             ; blocks still to be mapped
002582  86C4  0922                                    MOVE R9, @R8++
002583  86C5  0A21                                    MOVE R10, @R8
002584                    
002585                    
002586                    
002587                    
002588                    
002589                    
002590                    
002591  86C6  0FA0  0004                              MOVE SDB_B_EMPTY, R8
002592  86C8  FFB0  00D1                              RSUB _SDB_BAIL, 1
002593  86CA  0FA0  8E2A                              MOVE SDB_S_BLEFT, R8
002594  86CC  CFA1  0000                              CMP 0, @R8
002595  86CE  FFAB  0006                              RBRA _SDBMB_C0, !Z
002596  86D0  1FA0  0001                              ADD 1, R8
002597  86D2  CFA1  0000                              CMP 0, @R8
002598  86D4  FFA3  00C2                              RBRA _SDBMB_RET, Z               ; less than one whole block
002599                    
002600                                                ; start cluster of the file
002601  86D6  0FA0  0005  _SDBMB_C0                   MOVE SDB_B_BADSTART, R8
002602  86D8  FFB0  00C1                              RSUB _SDB_BAIL, 1
002603  86DA  0020                                    MOVE R0, R8
002604  86DB  1FA0  0009                              ADD FAT32$FDH_START_CLUS_LO, R8
002605  86DD  0864                                    MOVE @R8, R9
002606  86DE  0020                                    MOVE R0, R8
002607  86DF  1FA0  000A                              ADD FAT32$FDH_START_CLUS_HI, R8
002608  86E1  0868                                    MOVE @R8, R10
002609  86E2  CFA8  0000                              CMP 0, R10                       ; cluster >= 2?
002610  86E4  FFAB  0006                              RBRA _SDBMB_C1, !Z
002611  86E6  CFA4  0001                              CMP 1, R9
002612  86E8  FFA4  00AE                              RBRA _SDBMB_RET, N               ; cluster = 0: unusable
002613  86EA  FFA3  00AC                              RBRA _SDBMB_RET, Z               ; cluster = 1: unusable
002614  86EC  0FA0  8E2E  _SDBMB_C1                   MOVE SDB_S_CLU, R8
002615  86EE  0922                                    MOVE R9, @R8++
002616  86EF  0A21                                    MOVE R10, @R8
002617                    
002618                                                ; from here on the SD controller buffer gets destroyed, so
002619                                                ; make sure we can put it back before touching anything
002620  86F0  0FA0  000B                              MOVE SDB_B_GUARD, R8
002621  86F2  FFB0  00A7                              RSUB _SDB_BAIL, 1
002622  86F4  FFB0  FE3F                              RSUB SDB_GUARD_IN, 1
002623  86F6  FFAA  00A0                              RBRA _SDBMB_RET, !C
002624                    
002625  86F8  0FA0  8E36                              MOVE SDB_S_FCVAL, R8             ; FAT sector cache is empty
002626  86FA  0FA1  0000                              MOVE 0, @R8
002627                    
002628  86FC  B410                                    XOR R4, R4                       ; R4: amount of extents
002629  86FD  0114                                    MOVE R1, R5
002630  86FE  1F94  0005                              ADD SDB_M_EXT, R5                ; R5: next extent to write
002631                    
002632                                                ; ---- outer loop: one iteration per extent
002633  8700  0FA0  0006  _SDBMB_EXT                  MOVE SDB_B_FRAG, R8
002634  8702  FFB0  0097                              RSUB _SDB_BAIL, 1
002635  8704  0FA0  0008                              MOVE SDB_MAX_EXT, R8
002636  8706  C420                                    CMP R4, R8                       ; still room for an extent?
002637  8707  FFA4  008D                              RBRA _SDBMB_OUT, N               ; cannot happen
002638  8709  FFA3  008B                              RBRA _SDBMB_OUT, Z               ; no: file is too fragmented
002639                    
002640  870B  0FA0  8E2E                              MOVE SDB_S_CLU, R8               ; remember the first cluster
002641  870D  0FA4  8E30                              MOVE SDB_S_RSTART, R9            ; of this extent
002642  870F  08A6                                    MOVE @R8++, @R9++
002643  8710  0865                                    MOVE @R8, @R9
002644                    
002645  8711  0FA0  8E2C                              MOVE SDB_S_RBLK, R8              ; blocks in this extent = 0
002646  8713  0FA2  0000                              MOVE 0, @R8++
002647  8715  0FA1  0000                              MOVE 0, @R8
002648                    
002649                                                ; ---- inner loop: follow physically consecutive clusters
002650  8717  0FA0  8E2C  _SDBMB_RUN                  MOVE SDB_S_RBLK, R8              ; blocks += sectors/cluster
002651  8719  0324                                    MOVE R3, R9
002652  871A  1922                                    ADD R9, @R8++
002653  871B  2FA1  0000                              ADDC 0, @R8
002654                    
002655  871D  0FA0  8E2C                              MOVE SDB_S_RBLK, R8              ; blocks >= blocks left?
002656  871F  0FA4  8E2A                              MOVE SDB_S_BLEFT, R9
002657  8721  FFB0  FF4C                              RSUB _SDB_GE32, 1
002658  8723  FFA2  005D                              RBRA _SDBMB_LAST, C              ; yes: this is the last extent
002659                    
002660  8725  0FA0  0007                              MOVE SDB_B_FATERR, R8
002661  8727  FFB0  0072                              RSUB _SDB_BAIL, 1
002662  8729  0FA0  8E2E                              MOVE SDB_S_CLU, R8               ; next cluster from the FAT
002663  872B  08A4                                    MOVE @R8++, R9
002664  872C  0868                                    MOVE @R8, R10
002665  872D  0220                                    MOVE R2, R8
002666  872E  FFB0  008A                              RSUB SDB_FAT_NEXT, 1
002667  8730  FFAA  0064                              RBRA _SDBMB_OUT, !C              ; read error: no map
002668                    
002669  8732  0FA0  0008                              MOVE SDB_B_BADCLUS, R8
002670  8734  FFB0  0065                              RSUB _SDB_BAIL, 1
002671  8736  CFA8  0000                              CMP 0, R10                       ; free or reserved cluster?
002672  8738  FFAB  0006                              RBRA _SDBMB_N1, !Z
002673  873A  CFA4  0001                              CMP 1, R9
002674  873C  FFA4  0058                              RBRA _SDBMB_OUT, N               ; cluster = 0: unusable
002675  873E  FFA3  0056                              RBRA _SDBMB_OUT, Z               ; cluster = 1: unusable
002676  8740  0FA0  0009  _SDBMB_N1                   MOVE SDB_B_SHORT, R8
002677  8742  FFB0  0057                              RSUB _SDB_BAIL, 1
002678  8744  CFA8  0FFF                              CMP SDB_EOC_HI, R10              ; end of chain?
002679  8746  FFAB  0006                              RBRA _SDBMB_N2, !Z
002680  8748  C93E  FFF0                              CMP R9, SDB_EOC_LO
002681  874A  FFA4  004A                              RBRA _SDBMB_OUT, N               ; chain shorter than the file
002682  874C  FFA3  0048                              RBRA _SDBMB_OUT, Z
002683  874E  0FA0  8E32  _SDBMB_N2                   MOVE SDB_S_NEXT, R8
002684  8750  0922                                    MOVE R9, @R8++
002685  8751  0A21                                    MOVE R10, @R8
002686                    
002687                                                ; physically consecutive? then extend the current run
002688  8752  0FA0  8E2E                              MOVE SDB_S_CLU, R8
002689  8754  08AC                                    MOVE @R8++, R11
002690  8755  0870                                    MOVE @R8, R12
002691  8756  1FAC  0001                              ADD 1, R11
002692  8758  2FB0  0000                              ADDC 0, R12
002693  875A  CB24                                    CMP R11, R9
002694  875B  FFAB  0009                              RBRA _SDBMB_BRK, !Z
002695  875D  CC28                                    CMP R12, R10
002696  875E  FFAB  0006                              RBRA _SDBMB_BRK, !Z
002697  8760  0FA0  8E2E                              MOVE SDB_S_CLU, R8               ; yes: advance and continue
002698  8762  0922                                    MOVE R9, @R8++
002699  8763  0A21                                    MOVE R10, @R8
002700  8764  FFA0  FFB1                              RBRA _SDBMB_RUN, 1
002701                    
002702                                                ; ---- the run ends here, but the file continues
002703  8766  0FA0  8E2C  _SDBMB_BRK                  MOVE SDB_S_RBLK, R8              ; extent size = run size
002704  8768  0898                                    MOVE @R8++, R6
002705  8769  085C                                    MOVE @R8, R7
002706  876A  0FA0  000A                              MOVE SDB_B_LBA, R8
002707  876C  FFB0  002D                              RSUB _SDB_BAIL, 1
002708  876E  FFB0  0032                              RSUB _SDB_EMIT, 1
002709  8770  FFAA  0024                              RBRA _SDBMB_OUT, !C
002710  8772  0FA0  8E2A                              MOVE SDB_S_BLEFT, R8             ; blocks left -= extent size
002711  8774  3622                                    SUB R6, @R8++
002712  8775  4721                                    SUBC R7, @R8
002713  8776  0FA0  8E32                              MOVE SDB_S_NEXT, R8              ; continue with the cluster..
002714  8778  0FA4  8E2E                              MOVE SDB_S_CLU, R9               ; ..that broke the run
002715  877A  08A6                                    MOVE @R8++, @R9++
002716  877B  0865                                    MOVE @R8, @R9
002717  877C  1F90  0001                              ADD 1, R4
002718  877E  1F94  0004                              ADD SDB_E_SIZE, R5
002719  8780  FFA0  FF7E                              RBRA _SDBMB_EXT, 1
002720                    
002721                                                ; ---- the current run covers the rest of the file
002722  8782  0FA0  8E2A  _SDBMB_LAST                 MOVE SDB_S_BLEFT, R8             ; extent size = blocks left
002723  8784  0898                                    MOVE @R8++, R6
002724  8785  085C                                    MOVE @R8, R7
002725  8786  0FA0  000A                              MOVE SDB_B_LBA, R8
002726  8788  FFB0  0011                              RSUB _SDB_BAIL, 1
002727  878A  FFB0  0016                              RSUB _SDB_EMIT, 1
002728  878C  FFAA  0008                              RBRA _SDBMB_OUT, !C
002729  878E  1F90  0001                              ADD 1, R4
002730  8790  0405                                    MOVE R4, @R1                     ; map is complete and valid
002731  8791  0120                                    MOVE R1, R8
002732  8792  1FA0  0004                              ADD SDB_M_BAIL, R8
002733  8794  0FA1  0000                              MOVE SDB_B_OK, @R8
002734                    
002735                                                ; ---- put the library's sector buffer back
002736  8796  FFB0  FDE6  _SDBMB_OUT                  RSUB SDB_GUARD_OUT, 1
002737  8798              _SDBMB_RET                  
002738                    
002739                    
002740                    
002741                    
002742  8798  FF90  0060                              ASUB leave, 1
002743  879A  0DBC                                    MOVE @R13++, R15
002744                    
002745                    ; Stores a bail-out reason in the map, so that the reason survives even
002746                    ; without the serial log. Runs in SDB_MAP_BUILD's own register bank (R1 is
002747                    ; the map there) and must not disturb any register, hence the stack.
002748                    ; Input: R1 = map, R8 = reason. Output: everything unchanged.
002749  879B  0937        _SDB_BAIL                   MOVE R9, @--R13
002750  879C  0124                                    MOVE R1, R9
002751  879D  1FA4  0004                              ADD SDB_M_BAIL, R9
002752  879F  0825                                    MOVE R8, @R9
002753  87A0  0DA4                                    MOVE @R13++, R9
002754  87A1  0DBC                                    MOVE @R13++, R15
002755                    
002756                    ; Writes one extent: R6/R7 = amount of blocks, SDB_S_RSTART = first cluster,
002757                    ; R5 = destination, R2 = device handle.
002758                    ; Output: Carry=1 if the extent is usable. Clobbers R8..R12, leaves R0..R7.
002759  87A2  0FA0  8E30  _SDB_EMIT                   MOVE SDB_S_RSTART, R8
002760  87A4  08A4                                    MOVE @R8++, R9
002761  87A5  0868                                    MOVE @R8, R10
002762  87A6  BB2C                                    XOR R11, R11                     ; sector 0 within the cluster
002763  87A7  0220                                    MOVE R2, R8
002764  87A8  FFB0  FE2E                              RSUB SDB_CLULBA, 1
002765  87AA  FFAA  000D                              RBRA _SDB_EMIT_R, !C             ; Carry is already clear
002766                    
002767  87AC  0520                                    MOVE R5, R8
002768  87AD  0621                                    MOVE R6, @R8
002769  87AE  0520                                    MOVE R5, R8
002770  87AF  1FA0  0001                              ADD SDB_E_NBLK_HI, R8
002771  87B1  0721                                    MOVE R7, @R8
002772  87B2  0520                                    MOVE R5, R8
002773  87B3  1FA0  0002                              ADD SDB_E_LBA_LO, R8
002774  87B5  0922                                    MOVE R9, @R8++
002775  87B6  0A21                                    MOVE R10, @R8
002776  87B7  AFB8  0004                              OR 0x0004, R14                   ; set Carry
002777  87B9  0DBC        _SDB_EMIT_R                 MOVE @R13++, R15
002778                    
002779                    ; SDB_FAT_NEXT
002780                    ; Reads the FAT32 chain successor of a cluster. Uses a one entry cache for
002781                    ; the FAT sector, so a run of consecutive clusters costs one SD card block
002782                    ; read per 128 clusters. Expects SDB_GUARD_IN to have been called.
002783                    ;
002784                    ; Input: R8: device handle
002785                    ; R9/R10: cluster lo/hi
002786                    ; Output: Carry=1: R9/R10 = successor cluster lo/hi (28 bit)
002787                    ; Carry=0: the FAT sector could not be read
002788                    ; R8 unchanged
002789  87BA  E0C0        SDB_FAT_NEXT                INCRB
002790  87BB  0800                                    MOVE R8, R0                      ; R0: device handle
002791  87BC  0904                                    MOVE R9, R1                      ; R1: byte offset in sector
002792  87BD  9F84  007F                              AND 0x007F, R1                   ; 128 FAT entries per sector
002793  87BF  9FB8  FFFD                              AND 0xFFFD, R14                  ; clear X
002794  87C1  5F84  0002                              SHL 2, R1                        ; 4 bytes per entry
002795                    
002796                                                ; FAT sector number = cluster / 128
002797  87C3  0A08                                    MOVE R10, R2
002798  87C4  9F88  007F                              AND 0x007F, R2
002799  87C6  9FB8  FFFD                              AND 0xFFFD, R14
002800  87C8  5F88  0009                              SHL 9, R2
002801  87CA  9FB8  FFFB                              AND 0xFFFB, R14                  ; clear C
002802  87CC  6FA4  0007                              SHR 7, R9
002803  87CE  1224                                    ADD R2, R9
002804  87CF  9FB8  FFFB                              AND 0xFFFB, R14
002805  87D1  6FA8  0007                              SHR 7, R10
002806                    
002807  87D3  0008                                    MOVE R0, R2                      ; plus the FAT start LBA
002808  87D4  1F88  0008                              ADD FAT32$DEV_FAT_LO, R2
002809  87D6  028C                                    MOVE @R2++, R3
002810  87D7  0248                                    MOVE @R2, R2
002811  87D8  1324                                    ADD R3, R9
002812  87D9  2228                                    ADDC R2, R10
002813  87DA  FFA2  004E                              RBRA _SDB_FN_ERR, C              ; 32-bit overflow
002814                    
002815                                                ; is this sector already in the hardware buffer?
002816  87DC  0F88  8E36                              MOVE SDB_S_FCVAL, R2
002817  87DE  CF89  0000                              CMP 0, @R2
002818  87E0  FFA3  000A                              RBRA _SDB_FN_RD, Z
002819  87E2  0F88  8E34                              MOVE SDB_S_FCLBA, R2
002820  87E4  C264                                    CMP @R2, R9
002821  87E5  FFAB  0005                              RBRA _SDB_FN_RD, !Z
002822  87E7  1F88  0001                              ADD 1, R2
002823  87E9  C268                                    CMP @R2, R10
002824  87EA  FFA3  0016                              RBRA _SDB_FN_BUF, Z
002825                    
002826  87EC  0F88  8E36  _SDB_FN_RD                  MOVE SDB_S_FCVAL, R2             ; cache is stale in any case
002827  87EE  0F89  0000                              MOVE 0, @R2
002828  87F0  0908                                    MOVE R9, R2                      ; R2/R3: remember the LBA
002829  87F1  0A0C                                    MOVE R10, R3
002830  87F2  0220                                    MOVE R2, R8
002831  87F3  0324                                    MOVE R3, R9
002832  87F4  FFB0  FD32                              RSUB SDB_SDRD, 1
002833  87F6  CFA0  0000                              CMP 0, R8
002834  87F8  FFAB  002E                              RBRA _SDB_FN_SDE, !Z
002835  87FA  0FA0  8E34                              MOVE SDB_S_FCLBA, R8
002836  87FC  0222                                    MOVE R2, @R8++
002837  87FD  0321                                    MOVE R3, @R8
002838  87FE  0FA0  8E36                              MOVE SDB_S_FCVAL, R8
002839  8800  0FA1  0001                              MOVE 1, @R8
002840                    
002841                                                ; read the 32-bit little-endian FAT entry. Keep one
002842                                                ; instruction between writing IO$SD_DATA_POS and reading
002843                                                ; IO$SD_DATA, exactly like SD$READ_BYTE does: the buffer is a
002844                                                ; block RAM whose output is registered (see byte_bram.vhd).
002845  8802  0F88  FF22  _SDB_FN_BUF                 MOVE IO$SD_DATA_POS, R2
002846  8804  0F8C  FF23                              MOVE IO$SD_DATA, R3
002847  8806  0110                                    MOVE R1, R4                      ; R4: walking byte offset
002848  8807  0409                                    MOVE R4, @R2
002849  8808  1F90  0001                              ADD 1, R4                        ; spacing, and the next offset
002850  880A  0364                                    MOVE @R3, R9                     ; byte 0
002851  880B  0409                                    MOVE R4, @R2
002852  880C  1F90  0001                              ADD 1, R4
002853  880E  0354                                    MOVE @R3, R5                     ; byte 1
002854  880F  9FB8  FFFD                              AND 0xFFFD, R14
002855  8811  5F94  0008                              SHL 8, R5
002856  8813  1524                                    ADD R5, R9
002857  8814  0409                                    MOVE R4, @R2
002858  8815  1F90  0001                              ADD 1, R4
002859  8817  0368                                    MOVE @R3, R10                    ; byte 2
002860  8818  0409                                    MOVE R4, @R2
002861  8819  1F90  0001                              ADD 1, R4
002862  881B  0354                                    MOVE @R3, R5                     ; byte 3
002863  881C  9FB8  FFFD                              AND 0xFFFD, R14
002864  881E  5F94  0008                              SHL 8, R5
002865  8820  1528                                    ADD R5, R10
002866  8821  9FA8  0FFF                              AND 0x0FFF, R10                  ; FAT32 entries are 28 bit
002867  8823  0020                                    MOVE R0, R8
002868  8824  AFB8  0004                              OR 0x0004, R14                   ; set Carry
002869  8826  FFA0  0005                              RBRA _SDB_FN_RET, 1
002870                    
002871  8828  FFB0  FD04  _SDB_FN_SDE                 RSUB SDB_SDERR, 1
002872  882A  0020        _SDB_FN_ERR                 MOVE R0, R8
002873  882B  9FB8  FFFB                              AND 0xFFFB, R14                  ; clear Carry
002874  882D  E100        _SDB_FN_RET                 DECRB
002875  882E  0DBC                                    MOVE @R13++, R15
002876                    
002877                    ; ----------------------------------------------------------------------------
002878                    ; Block transfers
002879                    ; ----------------------------------------------------------------------------
002880                    
002881                    ; SDB_SD2VD
002882                    ; Copies the 512 bytes in the buffer of the SD controller into the internal
002883                    ; block buffer of a virtual drive. Device and 4k window selection are hoisted
002884                    ; out of the loop, which is what makes this about twenty times faster than
002885                    ; the original per-byte VD_CAD_WRITE sequence.
002886                    ;
002887                    ; Input: R8: virtual drive number (only used for the vdrives device select)
002888                    ; Output: none, all registers unchanged
002889  882F  E0C0        SDB_SD2VD                   INCRB
002890  8830  0F80  FFF4                              MOVE M2M$RAMROM_DEV, R0
002891  8832  0F84  8D64                              MOVE VDRIVES_DEVICE, R1
002892  8834  0141                                    MOVE @R1, @R0                    ; select the vdrives device
002893  8835  0F80  FFF5                              MOVE M2M$RAMROM_4KWIN, R0
002894  8837  0F81  0000                              MOVE VD_WIN_CAD, @R0             ; control and data registers
002895                    
002896  8839  0F80  FF22                              MOVE IO$SD_DATA_POS, R0
002897  883B  0F84  FF23                              MOVE IO$SD_DATA, R1
002898  883D  0F88  7005                              MOVE VD_B_ADDR, R2
002899  883F  0F8C  7006                              MOVE VD_B_DOUT, R3
002900  8841  0F90  7007                              MOVE VD_B_WREN, R4
002901  8843  B514                                    XOR R5, R5
002902  8844  0501        _SDB_S2V_L                  MOVE R5, @R0                     ; position in the SD buffer
002903  8845  0509                                    MOVE R5, @R2                     ; address in the drive buffer
002904  8846  014D                                    MOVE @R1, @R3                    ; the byte itself
002905  8847  0F91  0001                              MOVE 1, @R4                      ; strobe write enable
002906  8849  0F91  0000                              MOVE 0, @R4
002907  884B  1F94  0001                              ADD 1, R5
002908  884D  CF94  0200                              CMP 0x0200, R5
002909  884F  FFAB  FFF3                              RBRA _SDB_S2V_L, !Z
002910  8851  E100                                    DECRB
002911  8852  0DBC                                    MOVE @R13++, R15
002912                    
002913                    ; SDB_VD2SD
002914                    ; Copies the 512 bytes from the internal block buffer of a virtual drive into
002915                    ; the buffer of the SD controller. The drive buffer address register lives in
002916                    ; the control/data window while the data register lives in the drive window,
002917                    ; so the window selector has to be toggled per byte; the device selection is
002918                    ; still hoisted out of the loop.
002919                    ;
002920                    ; Input: R8: virtual drive number
002921                    ; Output: none, all registers unchanged
002922  8853  E0C0        SDB_VD2SD                   INCRB
002923  8854  0F80  FFF4                              MOVE M2M$RAMROM_DEV, R0
002924  8856  0F84  8D64                              MOVE VDRIVES_DEVICE, R1
002925  8858  0141                                    MOVE @R1, @R0                    ; select the vdrives device
002926                    
002927  8859  0F80  FFF5                              MOVE M2M$RAMROM_4KWIN, R0        ; R0: window selector
002928  885B  0F84  0001                              MOVE VD_WIN_DRV, R1
002929  885D  1804                                    ADD R8, R1                       ; R1: window of this drive
002930  885E  0F88  FF22                              MOVE IO$SD_DATA_POS, R2
002931  8860  0F8C  FF23                              MOVE IO$SD_DATA, R3
002932  8862  0F90  7005                              MOVE VD_B_ADDR, R4
002933  8864  0F94  700B                              MOVE VD_B_DIN, R5
002934  8866  B618                                    XOR R6, R6
002935  8867  0F81  0000  _SDB_V2S_L                  MOVE VD_WIN_CAD, @R0             ; control and data registers
002936  8869  0611                                    MOVE R6, @R4                     ; address in the drive buffer
002937  886A  0101                                    MOVE R1, @R0                     ; drive specific registers
002938  886B  0609                                    MOVE R6, @R2                     ; position in the SD buffer
002939  886C  054D                                    MOVE @R5, @R3                    ; the byte itself
002940  886D  1F98  0001                              ADD 1, R6
002941  886F  CF98  0200                              CMP 0x0200, R6
002942  8871  FFAB  FFF4                              RBRA _SDB_V2S_L, !Z
002943  8873  E100                                    DECRB
002944  8874  0DBC                                    MOVE @R13++, R15
002945                    
002946                    ; SDB_SD2DEV
002947                    ; Copies the 512 bytes in the buffer of the SD controller into an M2M byte
002948                    ; streaming device (a CRT/ROM load target), handling the 4k window boundary.
002949                    ;
002950                    ; Input: R8: target device id
002951                    ; R9: target 4k window
002952                    ; R10: target address within the window (M2M$RAMROM_DATA based)
002953                    ; Output: R9/R10: window and address behind the last written byte
002954                    ; R8 unchanged
002955  8875  E0C0        SDB_SD2DEV                  INCRB
002956  8876  0F80  FFF4                              MOVE M2M$RAMROM_DEV, R0
002957  8878  0801                                    MOVE R8, @R0
002958  8879  0F80  FFF5                              MOVE M2M$RAMROM_4KWIN, R0        ; R0: window selector
002959  887B  0901                                    MOVE R9, @R0
002960  887C  0F84  FF22                              MOVE IO$SD_DATA_POS, R1
002961  887E  0F88  FF23                              MOVE IO$SD_DATA, R2
002962  8880  0F8C  7000                              MOVE M2M$RAMROM_DATA, R3
002963  8882  1F8C  1000                              ADD 0x1000, R3                   ; R3: end of window marker
002964  8884  B410                                    XOR R4, R4                       ; R4: position in the SD buf
002965  8885  0F94  0200                              MOVE 0x0200, R5                  ; R5: bytes still to go
002966                                                ; One instruction has to sit between writing IO$SD_DATA_POS
002967                                                ; and reading IO$SD_DATA, exactly like SD$READ_BYTE does: the
002968                                                ; buffer is a block RAM with a registered output, see
002969                                                ; M2M/QNICE/vhdl/byte_bram.vhd. The ADD below is that
002970                                                ; instruction and does useful work at the same time.
002971  8887  0405        _SDB_S2D_L                  MOVE R4, @R1                     ; position in the SD buffer
002972  8888  1F90  0001                              ADD 1, R4
002973  888A  026A                                    MOVE @R2, @R10++                 ; the byte itself
002974  888B  C328                                    CMP R3, R10                      ; 4k window boundary?
002975  888C  FFAB  0005                              RBRA _SDB_S2D_1, !Z              ; no
002976  888E  0FA8  7000                              MOVE M2M$RAMROM_DATA, R10        ; yes: next window
002977  8890  1FA4  0001                              ADD 1, R9
002978  8892  0901                                    MOVE R9, @R0
002979  8893  3F94  0001  _SDB_S2D_1                  SUB 1, R5
002980  8895  FFAB  FFF0                              RBRA _SDB_S2D_L, !Z
002981  8897  E100                                    DECRB
002982  8898  0DBC                                    MOVE @R13++, R15
002983                    
002984                    ; ----------------------------------------------------------------------------
002985                    ; High level entry points
002986                    ; ----------------------------------------------------------------------------
002987                    
002988                    ; SDB_VD_RDBLK
002989                    ; Prepares one virtual drive block read: maps the byte position to an LBA and
002990                    ; reads that block into the buffer of the SD controller. On success the
002991                    ; caller acknowledges sd_rd_i and then calls SDB_SD2VD.
002992                    ;
002993                    ; Input: R8: virtual drive number
002994                    ; R9: file handle of the disk image
002995                    ; R10/R11: byte position within the image, lo/hi
002996                    ; R12: amount of bytes the core asked for
002997                    ; Output: Carry=1: the block is in the buffer of the SD controller
002998                    ; Carry=0: use the FAT32 library path instead
002999                    ; R8 .. R12 unchanged
003000  8899  E0C0        SDB_VD_RDBLK                INCRB
003001  889A  0800                                    MOVE R8, R0
003002  889B  0904                                    MOVE R9, R1
003003  889C  0A08                                    MOVE R10, R2
003004  889D  0B0C                                    MOVE R11, R3
003005  889E  0C10                                    MOVE R12, R4
003006  889F  FFB0  0068                              RSUB _SDB_PREP, 1                ; R9/R10: LBA
003007  88A1  FFAA  0021                              RBRA _SDB_VRD_NO, !C
003008  88A3  0914                                    MOVE R9, R5                      ; R5/R6: LBA
003009  88A4  0A18                                    MOVE R10, R6
003010  88A5  FFB0  FC8E                              RSUB SDB_GUARD_IN, 1             ; can we put the buffer back?
003011  88A7  FFAA  0017                              RBRA _SDB_VRD_GRD, !C            ; no: nothing was touched
003012  88A9  0520                                    MOVE R5, R8
003013  88AA  0624                                    MOVE R6, R9
003014  88AB  FFB0  FC7B                              RSUB SDB_SDRD, 1
003015  88AD  CFA0  0000                              CMP 0, R8
003016  88AF  FFAB  0005                              RBRA _SDB_VRD_SDE, !Z            ; SD error: try the slow path
003017  88B1  0020                                    MOVE R0, R8
003018  88B2  AFB8  0004                              OR 0x0004, R14                   ; set Carry
003019  88B4  FFA0  0011                              RBRA _SDB_VRD_R, 1
003020  88B6  FFB0  FC76  _SDB_VRD_SDE                RSUB SDB_SDERR, 1
003021  88B8  FFB0  FCC4                              RSUB SDB_GUARD_OUT, 1
003022  88BA  0FA0  8E15                              MOVE SDB_RD_STAT, R8
003023  88BC  0FA1  0006                              MOVE SDB_R_SDERR, @R8
003024  88BE  FFA0  0004                              RBRA _SDB_VRD_NO, 1
003025  88C0  0FA0  8E15  _SDB_VRD_GRD                MOVE SDB_RD_STAT, R8
003026  88C2  0FA1  0005                              MOVE SDB_R_GUARD, @R8
003027  88C4  0020        _SDB_VRD_NO                 MOVE R0, R8
003028  88C5  9FB8  FFFB                              AND 0xFFFB, R14                  ; clear Carry
003029  88C7  0124        _SDB_VRD_R                  MOVE R1, R9
003030  88C8  0228                                    MOVE R2, R10
003031  88C9  032C                                    MOVE R3, R11
003032  88CA  0430                                    MOVE R4, R12
003033  88CB  E100                                    DECRB
003034  88CC  0DBC                                    MOVE @R13++, R15
003035                    
003036                    ; SDB_VD_RDDONE
003037                    ; Called by HANDLE_DRV_RD after SDB_SD2VD has emptied the buffer: puts the
003038                    ; FAT32 library's sector back into it.
003039                    ;
003040                    ; Input: none
003041                    ; Output: none, all registers unchanged
003042  88CD  FFB0  FCAF  SDB_VD_RDDONE               RSUB SDB_GUARD_OUT, 1
003043  88CF  0DBC                                    MOVE @R13++, R15
003044                    
003045                    ; SDB_VD_WRBLK
003046                    ; Writes one virtual drive block: maps the byte position to an LBA, copies
003047                    ; the internal block buffer of the drive into the buffer of the SD controller
003048                    ; and writes it. The caller acknowledges sd_wr_i afterwards.
003049                    ;
003050                    ; Input: R8: virtual drive number
003051                    ; R9: file handle of the disk image
003052                    ; R10/R11: byte position within the image, lo/hi
003053                    ; R12: amount of bytes the core wants to write
003054                    ; Output: Carry=1: the block has been written to the SD card
003055                    ; Carry=0: nothing was written, use the FAT32 library path instead
003056                    ; R8 .. R12 unchanged
003057  88D0  E0C0        SDB_VD_WRBLK                INCRB
003058  88D1  0800                                    MOVE R8, R0
003059  88D2  0904                                    MOVE R9, R1
003060  88D3  0A08                                    MOVE R10, R2
003061  88D4  0B0C                                    MOVE R11, R3
003062  88D5  0C10                                    MOVE R12, R4
003063  88D6  FFB0  0031                              RSUB _SDB_PREP, 1                ; R9/R10: LBA
003064  88D8  FFAA  0026                              RBRA _SDB_VWR_NO, !C
003065  88DA  0914                                    MOVE R9, R5                      ; R5/R6: LBA
003066  88DB  0A18                                    MOVE R10, R6
003067  88DC  FFB0  FC57                              RSUB SDB_GUARD_IN, 1             ; can we put the buffer back?
003068  88DE  FFAA  001C                              RBRA _SDB_VWR_GRD, !C            ; no: nothing was touched
003069  88E0  0020                                    MOVE R0, R8
003070  88E1  FFB0  FF70                              RSUB SDB_VD2SD, 1
003071  88E3  0520                                    MOVE R5, R8
003072  88E4  0624                                    MOVE R6, R9
003073  88E5  FFB0  FC44                              RSUB SDB_SDWR, 1
003074  88E7  CFA0  0000                              CMP 0, R8
003075  88E9  FFAB  0007                              RBRA _SDB_VWR_SDE, !Z
003076  88EB  FFB0  FC91                              RSUB SDB_GUARD_OUT, 1            ; the write is done, restore
003077  88ED  0020                                    MOVE R0, R8
003078  88EE  AFB8  0004                              OR 0x0004, R14                   ; set Carry
003079  88F0  FFA0  0011                              RBRA _SDB_VWR_R, 1
003080  88F2  FFB0  FC3A  _SDB_VWR_SDE                RSUB SDB_SDERR, 1                ; SD error: try the slow path
003081  88F4  FFB0  FC88                              RSUB SDB_GUARD_OUT, 1
003082  88F6  0FA0  8E15                              MOVE SDB_RD_STAT, R8
003083  88F8  0FA1  0006                              MOVE SDB_R_SDERR, @R8
003084  88FA  FFA0  0004                              RBRA _SDB_VWR_NO, 1
003085  88FC  0FA0  8E15  _SDB_VWR_GRD                MOVE SDB_RD_STAT, R8
003086  88FE  0FA1  0005                              MOVE SDB_R_GUARD, @R8
003087  8900  0020        _SDB_VWR_NO                 MOVE R0, R8
003088  8901  9FB8  FFFB                              AND 0xFFFB, R14                  ; clear Carry
003089  8903  0124        _SDB_VWR_R                  MOVE R1, R9
003090  8904  0228                                    MOVE R2, R10
003091  8905  032C                                    MOVE R3, R11
003092  8906  0430                                    MOVE R4, R12
003093  8907  E100                                    DECRB
003094  8908  0DBC                                    MOVE @R13++, R15
003095                    
003096                    ; Common preparation for SDB_VD_RDBLK / SDB_VD_WRBLK. Expects the inputs in
003097                    ; the caller's R0 (drive), R1 (FDH), R2/R3 (byte position) and R4 (amount of
003098                    ; bytes) and returns Carry=1 plus the LBA in R9/R10. Runs in the caller's
003099                    ; register bank on purpose. Touches nothing outside our own variables.
003100  8909  0FAC  8E15  _SDB_PREP                   MOVE SDB_RD_STAT, R11
003101  890B  0FAD  0001                              MOVE SDB_R_SIZE, @R11
003102  890D  0FA0  0200                              MOVE 0x0200, R8
003103  890F  C420                                    CMP R4, R8                       ; exactly one block?
003104  8910  FFAB  0026                              RBRA _SDB_PREP_NO, !Z            ; no: let the FAT32 path do
003105  8912  0FAD  0002                              MOVE SDB_R_ALIGN, @R11           ; ..partial/multi blocks
003106  8914  0220                                    MOVE R2, R8
003107  8915  9FA0  01FF                              AND 0x01FF, R8                   ; block aligned?
003108  8917  FFAB  001F                              RBRA _SDB_PREP_NO, !Z            ; no
003109  8919  0FAD  0003                              MOVE SDB_R_MAP, @R11
003110  891B  0020                                    MOVE R0, R8
003111  891C  FFB0  FBDE                              RSUB SDB_VDMAP, 1
003112  891E  0830                                    MOVE R8, R12                     ; R12: map (R11 stays the..
003113  891F  0124                                    MOVE R1, R9                      ; ..status pointer)
003114  8920  FFB0  FBF3                              RSUB SDB_CHECK, 1
003115  8922  FFAA  0014                              RBRA _SDB_PREP_NO, !C
003116  8924  0FAD  0004                              MOVE SDB_R_RANGE, @R11
003117  8926  0224                                    MOVE R2, R9
003118  8927  0328                                    MOVE R3, R10
003119  8928  FFB0  FC8A                              RSUB SDB_B2BLK, 1
003120  892A  0C20                                    MOVE R12, R8
003121  892B  FFB0  FD00                              RSUB SDB_LBA, 1
003122  892D  FFAA  0009                              RBRA _SDB_PREP_NO, !C
003123  892F  0FA0  8E16                              MOVE SDB_RD_LBA, R8              ; remember it for the log
003124  8931  0922                                    MOVE R9, @R8++
003125  8932  0A21                                    MOVE R10, @R8
003126  8933  0FAD  0000                              MOVE SDB_R_OK, @R11
003127  8935  AFB8  0004                              OR 0x0004, R14                   ; set Carry
003128  8937  0DBC                                    MOVE @R13++, R15
003129  8938  9FB8  FFFB  _SDB_PREP_NO                AND 0xFFFB, R14                  ; clear Carry
003130  893A  0DBC                                    MOVE @R13++, R15
003131                    
003132                    ; SDB_FREAD_FAST
003133                    ; Streams whole 512-byte blocks of a mapped file directly from the SD card
003134                    ; into an M2M byte streaming device and then positions the file handle right
003135                    ; behind them, so that the caller's byte loop reads the rest as usual.
003136                    ;
003137                    ; It deliberately stops one whole block short of the end of the file, so that
003138                    ; the position it hands over is always strictly inside the file and the
003139                    ; caller reaches EOF through the FAT32 library, exactly as before.
003140                    ;
003141                    ; The final f32_fseek is what restores the library: a seek unconditionally
003142                    ; re-reads the sector into the hardware buffer and re-claims ownership, so
003143                    ; afterwards the library is in a state it produced itself. If anything at all
003144                    ; goes wrong the file position is put back where it was and Carry=0 is
003145                    ; returned, i.e. the caller sees "nothing happened".
003146                    ;
003147                    ; Input: R8: file handle (FDH)
003148                    ; R9: pointer to the block map
003149                    ; R10: target device id
003150                    ; R11: target 4k window
003151                    ; R12: target address within the window
003152                    ; Output: Carry=1: R11/R12 updated, the file position is behind the data
003153                    ; Carry=0: nothing was transferred, the file position is unchanged
003154                    ; and R11/R12 are unchanged
003155  893B  E0C0        SDB_FREAD_FAST              INCRB
003156  893C  0800                                    MOVE R8, R0                      ; R0: FDH
003157  893D  0904                                    MOVE R9, R1                      ; R1: map
003158  893E  0A08                                    MOVE R10, R2                     ; R2: target device
003159  893F  0B0C                                    MOVE R11, R3                     ; R3: target 4k window
003160  8940  0C10                                    MOVE R12, R4                     ; R4: target address
003161                    
003162  8941  0FA0  8E13                              MOVE SDB_FF_STAT, R8
003163  8943  0FA1  0001                              MOVE SDB_B_NOMAP, @R8
003164  8945  0FA0  8E14                              MOVE SDB_FF_BLKS, R8
003165  8947  0FA1  0000                              MOVE 0, @R8
003166                    
003167  8949  0120                                    MOVE R1, R8
003168  894A  0024                                    MOVE R0, R9
003169  894B  FFB0  FBC8                              RSUB SDB_CHECK, 1
003170  894D  FFAA  0090                              RBRA _SDBFF_NO, !C
003171                    
003172                                                ; only from the very beginning of the file
003173  894F  0020                                    MOVE R0, R8
003174  8950  1FA0  0007                              ADD FAT32$FDH_ACCESS_LO, R8
003175  8952  CFA1  0000                              CMP 0, @R8
003176  8954  FFAB  0089                              RBRA _SDBFF_NO, !Z
003177  8956  0020                                    MOVE R0, R8
003178  8957  1FA0  0008                              ADD FAT32$FDH_ACCESS_HI, R8
003179  8959  CFA1  0000                              CMP 0, @R8
003180  895B  FFAB  0082                              RBRA _SDBFF_NO, !Z
003181                    
003182                                                ; how many whole blocks do we take? Always one less than the
003183                                                ; file has, so that the handover position is strictly inside
003184                                                ; the file and the caller still reaches EOF through the
003185                                                ; library. A CRT/ROM file is never 32 MB or larger, so one
003186                                                ; word of block count is plenty and anything else is refused.
003187  895D  0120                                    MOVE R1, R8
003188  895E  1FA0  0003                              ADD SDB_M_TBLK_HI, R8
003189  8960  CFA1  0000                              CMP 0, @R8
003190  8962  FFAB  007B                              RBRA _SDBFF_NO, !Z
003191  8964  0120                                    MOVE R1, R8
003192  8965  1FA0  0002                              ADD SDB_M_TBLK_LO, R8
003193  8967  085C                                    MOVE @R8, R7                     ; R7: blocks still to do
003194  8968  3F9C  0001                              SUB 1, R7
003195  896A  FFA3  0073                              RBRA _SDBFF_NO, Z                ; a one block file: byte loop
003196  896C  FFA4  0071                              RBRA _SDBFF_NO, N                ; cannot happen: TBLK was 0
003197                    
003198  896E  0FA0  8E13                              MOVE SDB_FF_STAT, R8
003199  8970  0FA1  000B                              MOVE SDB_B_GUARD, @R8
003200  8972  FFB0  FBC1                              RSUB SDB_GUARD_IN, 1             ; nothing touched if it fails
003201  8974  FFAA  0069                              RBRA _SDBFF_NO, !C
003202                    
003203  8976  B514                                    XOR R5, R5                       ; R5/R6: block index
003204  8977  B618                                    XOR R6, R6
003205                    
003206  8978  CF9C  0000  _SDBFF_LOOP                 CMP 0, R7
003207  897A  FFA3  0020                              RBRA _SDBFF_DONE, Z
003208  897C  0120                                    MOVE R1, R8
003209  897D  0524                                    MOVE R5, R9
003210  897E  0628                                    MOVE R6, R10
003211  897F  FFB0  FCAC                              RSUB SDB_LBA, 1
003212  8981  FFAA  0019                              RBRA _SDBFF_DONE, !C
003213                    
003214                    
003215                    
003216                    
003217  8983  0920                                    MOVE R9, R8
003218  8984  0A24                                    MOVE R10, R9
003219  8985  FFB0  FBA1                              RSUB SDB_SDRD, 1
003220  8987  CFA0  0000                              CMP 0, R8
003221  8989  FFAB  000F                              RBRA _SDBFF_SDE, !Z              ; SD error: stop here
003222  898B  0220                                    MOVE R2, R8
003223  898C  0324                                    MOVE R3, R9
003224  898D  0428                                    MOVE R4, R10
003225  898E  FFB0  FEE5                              RSUB SDB_SD2DEV, 1
003226  8990  090C                                    MOVE R9, R3
003227  8991  0A10                                    MOVE R10, R4
003228  8992  1F94  0001                              ADD 1, R5
003229  8994  2F98  0000                              ADDC 0, R6
003230  8996  3F9C  0001                              SUB 1, R7
003231  8998  FFA0  FFDE                              RBRA _SDBFF_LOOP, 1
003232                    
003233  899A  FFB0  FB92  _SDBFF_SDE                  RSUB SDB_SDERR, 1
003234                    
003235                                                ; the hardware buffer is ours now; whatever we do next, the
003236                                                ; library has to be put back. A seek does that properly.
003237  899C  0FA0  8E14  _SDBFF_DONE                 MOVE SDB_FF_BLKS, R8
003238  899E  0521                                    MOVE R5, @R8
003239  899F  CF94  0000                              CMP 0, R5                        ; anything transferred?
003240  89A1  FFAB  0004                              RBRA _SDBFF_SEEK, !Z
003241  89A3  CF98  0000                              CMP 0, R6
003242  89A5  FFA3  0029                              RBRA _SDBFF_REW, Z               ; no: just put it back
003243                    
003244  89A7  0FA0  8E13  _SDBFF_SEEK                 MOVE SDB_FF_STAT, R8
003245  89A9  0FA1  000C                              MOVE SDB_B_SEEK, @R8
003246  89AB  0524                                    MOVE R5, R9                      ; file position = blocks * 512
003247  89AC  0628                                    MOVE R6, R10
003248  89AD  FFB0  FC18                              RSUB SDB_BLK2B, 1
003249  89AF  092C                                    MOVE R9, R11                     ; R11/R12: expected position
003250  89B0  0A30                                    MOVE R10, R12
003251  89B1  0020                                    MOVE R0, R8
003252  89B2  FF90  0054                              ASUB f32_fseek, 1
003253  89B4  CFA4  0000                              CMP 0, R9                        ; seek reported success?
003254  89B6  FFAB  0018                              RBRA _SDBFF_REW, !Z
003255  89B8  0020                                    MOVE R0, R8                      ; ..and actually got there?
003256  89B9  1FA0  0007                              ADD FAT32$FDH_ACCESS_LO, R8
003257  89BB  C86C                                    CMP @R8, R11
003258  89BC  FFAB  0012                              RBRA _SDBFF_REW, !Z
003259  89BE  0020                                    MOVE R0, R8
003260  89BF  1FA0  0008                              ADD FAT32$FDH_ACCESS_HI, R8
003261  89C1  C870                                    CMP @R8, R12
003262  89C2  FFAB  000C                              RBRA _SDBFF_REW, !Z
003263                    
003264  89C4  0FA0  8E13                              MOVE SDB_FF_STAT, R8
003265  89C6  0FA1  0000                              MOVE SDB_B_OK, @R8
003266  89C8  FFB0  FBC3                              RSUB SDB_GUARD_CLR, 1            ; the seek put the library..
003267  89CA  032C                                    MOVE R3, R11                     ; ..back, nobody to tell
003268  89CB  0430                                    MOVE R4, R12
003269  89CC  AFB8  0004                              OR 0x0004, R14                   ; set Carry
003270  89CE  FFA0  0011                              RBRA _SDBFF_RET, 1
003271                    
003272                                                ; Put the file back to the start and report "nothing done".
003273                                                ; The caller has not seen the updated target pointers, so it
003274                                                ; simply overwrites whatever we already transferred. The seek
003275                                                ; also restores the library's sector buffer; if even that
003276                                                ; fails, the buffer is marked unknown.
003277  89D0  0020        _SDBFF_REW                  MOVE R0, R8
003278  89D1  B924                                    XOR R9, R9
003279  89D2  BA28                                    XOR R10, R10
003280  89D3  FF90  0054                              ASUB f32_fseek, 1
003281  89D5  CFA4  0000                              CMP 0, R9
003282  89D7  FFAB  0004                              RBRA _SDBFF_RW1, !Z
003283  89D9  FFB0  FBB2                              RSUB SDB_GUARD_CLR, 1            ; the rewind put it back
003284  89DB  FFA0  0002                              RBRA _SDBFF_NO, 1
003285  89DD  FFB0  FBB5  _SDBFF_RW1                  RSUB SDB_ORPHAN, 1               ; not even that worked
003286                    
003287  89DF  9FB8  FFFB  _SDBFF_NO                   AND 0xFFFB, R14                  ; clear Carry
003288  89E1              _SDBFF_RET                  
003289  89E1  E100                                    DECRB
003290  89E2  0DBC                                    MOVE @R13++, R15
003291                    
003292                    ; ----------------------------------------------------------------------------
003293                    ; Serial logging (only assembled when SDB_DEBUG is defined at the top)
003294                    ; ----------------------------------------------------------------------------
003295                    ; ============================================================================
003296                    
003297  89E3  0000        HANDLE_FILE                 .BLOCK FAT32$FDH_STRUCT_SIZE
        89E4  0000
        89E5  0000
        89E6  0000
        89E7  0000
        89E8  0000
        89E9  0000
        89EA  0000
        89EB  0000
        89EC  0000
        89ED  0000
        89EE  0000
003298  89EF  0000        HANDLE_FILE2                .BLOCK FAT32$FDH_STRUCT_SIZE
        89F0  0000
        89F1  0000
        89F2  0000
        89F3  0000
        89F4  0000
        89F5  0000
        89F6  0000
        89F7  0000
        89F8  0000
        89F9  0000
        89FA  0000
003299  89FB  002F        F_FREEDOS                   .ASCII_W "/freedos.vhd"
        89FC  0066
        89FD  0072
        89FE  0065
        89FF  0065
        8A00  0064
        8A01  006F
        8A02  0073
        8A03  002E
        8A04  0076
        8A05  0068
        8A06  0064
        8A07  0000
003300  8A08  002F        F_FRAG3                     .ASCII_W "/frag3.vhd"
        8A09  0066
        8A0A  0072
        8A0B  0061
        8A0C  0067
        8A0D  0033
        8A0E  002E
        8A0F  0076
        8A10  0068
        8A11  0064
        8A12  0000
003301  8A13  002F        F_FRAG16                    .ASCII_W "/frag16.vhd"
        8A14  0066
        8A15  0072
        8A16  0061
        8A17  0067
        8A18  0031
        8A19  0036
        8A1A  002E
        8A1B  0076
        8A1C  0068
        8A1D  0064
        8A1E  0000
003302  8A1F  002F        F_TESTROM                   .ASCII_W "/testrom.bin"
        8A20  0074
        8A21  0065
        8A22  0073
        8A23  0074
        8A24  0072
        8A25  006F
        8A26  006D
        8A27  002E
        8A28  0062
        8A29  0069
        8A2A  006E
        8A2B  0000
003303  8A2C  002F        F_SMALL                     .ASCII_W "/small.bin"
        8A2D  0073
        8A2E  006D
        8A2F  0061
        8A30  006C
        8A31  006C
        8A32  002E
        8A33  0062
        8A34  0069
        8A35  006E
        8A36  0000
003304  8A37  002F        F_EXACT                     .ASCII_W "/exact.bin"
        8A38  0065
        8A39  0078
        8A3A  0061
        8A3B  0063
        8A3C  0074
        8A3D  002E
        8A3E  0062
        8A3F  0069
        8A40  006E
        8A41  0000
003305                    
003306  8A42  004D        S_EMNT                      .ASCII_W "MOUNT FAILED "
        8A43  004F
        8A44  0055
        8A45  004E
        8A46  0054
        8A47  0020
        8A48  0046
        8A49  0041
        8A4A  0049
        8A4B  004C
        8A4C  0045
        8A4D  0044
        8A4E  0020
        8A4F  0000
003307  8A50  004F        S_EOPEN                     .ASCII_W "OPEN FAILED "
        8A51  0050
        8A52  0045
        8A53  004E
        8A54  0020
        8A55  0046
        8A56  0041
        8A57  0049
        8A58  004C
        8A59  0045
        8A5A  0044
        8A5B  0020
        8A5C  0000
003308  8A5D  006F        S_OK                        .ASCII_W "ok\n"
        8A5E  006B
        8A5F  000D
        8A60  000A
        8A61  0000
003309  8A62  0046        S_FAIL                      .ASCII_W "FAIL "
        8A63  0041
        8A64  0049
        8A65  004C
        8A66  0020
        8A67  0000
003310  8A68  0046        S_NOMAP                     .ASCII_W "FAIL(no map) "
        8A69  0041
        8A6A  0049
        8A6B  004C
        8A6C  0028
        8A6D  006E
        8A6E  006F
        8A6F  0020
        8A70  006D
        8A71  0061
        8A72  0070
        8A73  0029
        8A74  0020
        8A75  0000
003311  8A76  0020        S_MAPC                      .ASCII_W "  SDB_MAP_BUILD instructions="
        8A77  0020
        8A78  0053
        8A79  0044
        8A7A  0042
        8A7B  005F
        8A7C  004D
        8A7D  0041
        8A7E  0050
        8A7F  005F
        8A80  0042
        8A81  0055
        8A82  0049
        8A83  004C
        8A84  0044
        8A85  0020
        8A86  0069
        8A87  006E
        8A88  0073
        8A89  0074
        8A8A  0072
        8A8B  0075
        8A8C  0063
        8A8D  0074
        8A8E  0069
        8A8F  006F
        8A90  006E
        8A91  0073
        8A92  003D
        8A93  0000
003312  8A94  0020        S_MAPE                      .ASCII_W "  extents="
        8A95  0020
        8A96  0065
        8A97  0078
        8A98  0074
        8A99  0065
        8A9A  006E
        8A9B  0074
        8A9C  0073
        8A9D  003D
        8A9E  0000
003313  8A9F  0020        S_MAPT                      .ASCII_W " blocks="
        8AA0  0062
        8AA1  006C
        8AA2  006F
        8AA3  0063
        8AA4  006B
        8AA5  0073
        8AA6  003D
        8AA7  0000
003314  8AA8  0020        S_MAPL                      .ASCII_W " lba0="
        8AA9  006C
        8AAA  0062
        8AAB  0061
        8AAC  0030
        8AAD  003D
        8AAE  0000
003315  8AAF  0020        S_BLOCKS                    .ASCII_W " blocks checked: "
        8AB0  0062
        8AB1  006C
        8AB2  006F
        8AB3  0063
        8AB4  006B
        8AB5  0073
        8AB6  0020
        8AB7  0063
        8AB8  0068
        8AB9  0065
        8ABA  0063
        8ABB  006B
        8ABC  0065
        8ABD  0064
        8ABE  003A
        8ABF  0020
        8AC0  0000
003316  8AC1  0041        S_PASS                      .ASCII_W "ALL CHECKS PASSED\n"
        8AC2  004C
        8AC3  004C
        8AC4  0020
        8AC5  0043
        8AC6  0048
        8AC7  0045
        8AC8  0043
        8AC9  004B
        8ACA  0053
        8ACB  0020
        8ACC  0050
        8ACD  0041
        8ACE  0053
        8ACF  0053
        8AD0  0045
        8AD1  0044
        8AD2  000D
        8AD3  000A
        8AD4  0000
003317  8AD5  0020        S_FAILS                     .ASCII_W " CHECK(S) FAILED\n"
        8AD6  0043
        8AD7  0048
        8AD8  0045
        8AD9  0043
        8ADA  004B
        8ADB  0028
        8ADC  0053
        8ADD  0029
        8ADE  0020
        8ADF  0046
        8AE0  0041
        8AE1  0049
        8AE2  004C
        8AE3  0045
        8AE4  0044
        8AE5  000D
        8AE6  000A
        8AE7  0000
003318  8AE8  0073        S_SUM                       .ASCII_W "summary: "
        8AE9  0075
        8AEA  006D
        8AEB  006D
        8AEC  0061
        8AED  0072
        8AEE  0079
        8AEF  003A
        8AF0  0020
        8AF1  0000
003319                    
003320  8AF2  0054        S_T1                        .ASCII_W "T1 freedos.vhd (contiguous, 42 MB)\n"
        8AF3  0031
        8AF4  0020
        8AF5  0066
        8AF6  0072
        8AF7  0065
        8AF8  0065
        8AF9  0064
        8AFA  006F
        8AFB  0073
        8AFC  002E
        8AFD  0076
        8AFE  0068
        8AFF  0064
        8B00  0020
        8B01  0028
        8B02  0063
        8B03  006F
        8B04  006E
        8B05  0074
        8B06  0069
        8B07  0067
        8B08  0075
        8B09  006F
        8B0A  0075
        8B0B  0073
        8B0C  002C
        8B0D  0020
        8B0E  0034
        8B0F  0032
        8B10  0020
        8B11  004D
        8B12  0042
        8B13  0029
        8B14  000D
        8B15  000A
        8B16  0000
003321  8B17  0054        S_T1B                       .ASCII_W "T1b 16 pseudo random blocks: "
        8B18  0031
        8B19  0062
        8B1A  0020
        8B1B  0031
        8B1C  0036
        8B1D  0020
        8B1E  0070
        8B1F  0073
        8B20  0065
        8B21  0075
        8B22  0064
        8B23  006F
        8B24  0020
        8B25  0072
        8B26  0061
        8B27  006E
        8B28  0064
        8B29  006F
        8B2A  006D
        8B2B  0020
        8B2C  0062
        8B2D  006C
        8B2E  006F
        8B2F  0063
        8B30  006B
        8B31  0073
        8B32  003A
        8B33  0020
        8B34  0000
003322  8B35  0054        S_T2                        .ASCII_W "T2 half block request must fall back: "
        8B36  0032
        8B37  0020
        8B38  0068
        8B39  0061
        8B3A  006C
        8B3B  0066
        8B3C  0020
        8B3D  0062
        8B3E  006C
        8B3F  006F
        8B40  0063
        8B41  006B
        8B42  0020
        8B43  0072
        8B44  0065
        8B45  0071
        8B46  0075
        8B47  0065
        8B48  0073
        8B49  0074
        8B4A  0020
        8B4B  006D
        8B4C  0075
        8B4D  0073
        8B4E  0074
        8B4F  0020
        8B50  0066
        8B51  0061
        8B52  006C
        8B53  006C
        8B54  0020
        8B55  0062
        8B56  0061
        8B57  0063
        8B58  006B
        8B59  003A
        8B5A  0020
        8B5B  0000
003323  8B5C  0054        S_T2B                       .ASCII_W "T2 unaligned request must fall back: "
        8B5D  0032
        8B5E  0020
        8B5F  0075
        8B60  006E
        8B61  0061
        8B62  006C
        8B63  0069
        8B64  0067
        8B65  006E
        8B66  0065
        8B67  0064
        8B68  0020
        8B69  0072
        8B6A  0065
        8B6B  0071
        8B6C  0075
        8B6D  0065
        8B6E  0073
        8B6F  0074
        8B70  0020
        8B71  006D
        8B72  0075
        8B73  0073
        8B74  0074
        8B75  0020
        8B76  0066
        8B77  0061
        8B78  006C
        8B79  006C
        8B7A  0020
        8B7B  0062
        8B7C  0061
        8B7D  0063
        8B7E  006B
        8B7F  003A
        8B80  0020
        8B81  0000
003324  8B82  0054        S_T3                        .ASCII_W "T3a fast write, library read: "
        8B83  0033
        8B84  0061
        8B85  0020
        8B86  0066
        8B87  0061
        8B88  0073
        8B89  0074
        8B8A  0020
        8B8B  0077
        8B8C  0072
        8B8D  0069
        8B8E  0074
        8B8F  0065
        8B90  002C
        8B91  0020
        8B92  006C
        8B93  0069
        8B94  0062
        8B95  0072
        8B96  0061
        8B97  0072
        8B98  0079
        8B99  0020
        8B9A  0072
        8B9B  0065
        8B9C  0061
        8B9D  0064
        8B9E  003A
        8B9F  0020
        8BA0  0000
003325  8BA1  0054        S_T3B                       .ASCII_W "T3b fast write, fast read:    "
        8BA2  0033
        8BA3  0062
        8BA4  0020
        8BA5  0066
        8BA6  0061
        8BA7  0073
        8BA8  0074
        8BA9  0020
        8BAA  0077
        8BAB  0072
        8BAC  0069
        8BAD  0074
        8BAE  0065
        8BAF  002C
        8BB0  0020
        8BB1  0066
        8BB2  0061
        8BB3  0073
        8BB4  0074
        8BB5  0020
        8BB6  0072
        8BB7  0065
        8BB8  0061
        8BB9  0064
        8BBA  003A
        8BBB  0020
        8BBC  0020
        8BBD  0020
        8BBE  0020
        8BBF  0000
003326  8BC0  0054        S_T3C                       .ASCII_W "T3c library write, fast read: "
        8BC1  0033
        8BC2  0063
        8BC3  0020
        8BC4  006C
        8BC5  0069
        8BC6  0062
        8BC7  0072
        8BC8  0061
        8BC9  0072
        8BCA  0079
        8BCB  0020
        8BCC  0077
        8BCD  0072
        8BCE  0069
        8BCF  0074
        8BD0  0065
        8BD1  002C
        8BD2  0020
        8BD3  0066
        8BD4  0061
        8BD5  0073
        8BD6  0074
        8BD7  0020
        8BD8  0072
        8BD9  0065
        8BDA  0061
        8BDB  0064
        8BDC  003A
        8BDD  0020
        8BDE  0000
003327  8BDF  0054        S_T4                        .ASCII_W "T4 frag3.vhd (three extents)\n"
        8BE0  0034
        8BE1  0020
        8BE2  0066
        8BE3  0072
        8BE4  0061
        8BE5  0067
        8BE6  0033
        8BE7  002E
        8BE8  0076
        8BE9  0068
        8BEA  0064
        8BEB  0020
        8BEC  0028
        8BED  0074
        8BEE  0068
        8BEF  0072
        8BF0  0065
        8BF1  0065
        8BF2  0020
        8BF3  0065
        8BF4  0078
        8BF5  0074
        8BF6  0065
        8BF7  006E
        8BF8  0074
        8BF9  0073
        8BFA  0029
        8BFB  000D
        8BFC  000A
        8BFD  0000
003328  8BFE  0054        S_T5                        .ASCII_W "T5 frag16.vhd must fall back: "
        8BFF  0035
        8C00  0020
        8C01  0066
        8C02  0072
        8C03  0061
        8C04  0067
        8C05  0031
        8C06  0036
        8C07  002E
        8C08  0076
        8C09  0068
        8C0A  0064
        8C0B  0020
        8C0C  006D
        8C0D  0075
        8C0E  0073
        8C0F  0074
        8C10  0020
        8C11  0066
        8C12  0061
        8C13  006C
        8C14  006C
        8C15  0020
        8C16  0062
        8C17  0061
        8C18  0063
        8C19  006B
        8C1A  003A
        8C1B  0020
        8C1C  0000
003329  8C1D  0054        S_T6A                       .ASCII_W "T6a small.bin via SDB_FREAD_FAST: "
        8C1E  0036
        8C1F  0061
        8C20  0020
        8C21  0073
        8C22  006D
        8C23  0061
        8C24  006C
        8C25  006C
        8C26  002E
        8C27  0062
        8C28  0069
        8C29  006E
        8C2A  0020
        8C2B  0076
        8C2C  0069
        8C2D  0061
        8C2E  0020
        8C2F  0053
        8C30  0044
        8C31  0042
        8C32  005F
        8C33  0046
        8C34  0052
        8C35  0045
        8C36  0041
        8C37  0044
        8C38  005F
        8C39  0046
        8C3A  0041
        8C3B  0053
        8C3C  0054
        8C3D  003A
        8C3E  0020
        8C3F  0000
003330  8C40  0054        S_T6B                       .ASCII_W "T6b testrom.bin, 4k window wrap: "
        8C41  0036
        8C42  0062
        8C43  0020
        8C44  0074
        8C45  0065
        8C46  0073
        8C47  0074
        8C48  0072
        8C49  006F
        8C4A  006D
        8C4B  002E
        8C4C  0062
        8C4D  0069
        8C4E  006E
        8C4F  002C
        8C50  0020
        8C51  0034
        8C52  006B
        8C53  0020
        8C54  0077
        8C55  0069
        8C56  006E
        8C57  0064
        8C58  006F
        8C59  0077
        8C5A  0020
        8C5B  0077
        8C5C  0072
        8C5D  0061
        8C5E  0070
        8C5F  003A
        8C60  0020
        8C61  0000
003331  8C62  0054        S_T6C                       .ASCII_W "T6c exact.bin, ends on a cluster boundary: "
        8C63  0036
        8C64  0063
        8C65  0020
        8C66  0065
        8C67  0078
        8C68  0061
        8C69  0063
        8C6A  0074
        8C6B  002E
        8C6C  0062
        8C6D  0069
        8C6E  006E
        8C6F  002C
        8C70  0020
        8C71  0065
        8C72  006E
        8C73  0064
        8C74  0073
        8C75  0020
        8C76  006F
        8C77  006E
        8C78  0020
        8C79  0061
        8C7A  0020
        8C7B  0063
        8C7C  006C
        8C7D  0075
        8C7E  0073
        8C7F  0074
        8C80  0065
        8C81  0072
        8C82  0020
        8C83  0062
        8C84  006F
        8C85  0075
        8C86  006E
        8C87  0064
        8C88  0061
        8C89  0072
        8C8A  0079
        8C8B  003A
        8C8C  0020
        8C8D  0000
003332  8C8E  0054        S_T7                        .ASCII_W "T7a library untouched after a failed map: "
        8C8F  0037
        8C90  0061
        8C91  0020
        8C92  006C
        8C93  0069
        8C94  0062
        8C95  0072
        8C96  0061
        8C97  0072
        8C98  0079
        8C99  0020
        8C9A  0075
        8C9B  006E
        8C9C  0074
        8C9D  006F
        8C9E  0075
        8C9F  0063
        8CA0  0068
        8CA1  0065
        8CA2  0064
        8CA3  0020
        8CA4  0061
        8CA5  0066
        8CA6  0074
        8CA7  0065
        8CA8  0072
        8CA9  0020
        8CAA  0061
        8CAB  0020
        8CAC  0066
        8CAD  0061
        8CAE  0069
        8CAF  006C
        8CB0  0065
        8CB1  0064
        8CB2  0020
        8CB3  006D
        8CB4  0061
        8CB5  0070
        8CB6  003A
        8CB7  0020
        8CB8  0000
003333  8CB9  0054        S_T7B                       .ASCII_W "T7b other file handle after a fast read: "
        8CBA  0037
        8CBB  0062
        8CBC  0020
        8CBD  006F
        8CBE  0074
        8CBF  0068
        8CC0  0065
        8CC1  0072
        8CC2  0020
        8CC3  0066
        8CC4  0069
        8CC5  006C
        8CC6  0065
        8CC7  0020
        8CC8  0068
        8CC9  0061
        8CCA  006E
        8CCB  0064
        8CCC  006C
        8CCD  0065
        8CCE  0020
        8CCF  0061
        8CD0  0066
        8CD1  0074
        8CD2  0065
        8CD3  0072
        8CD4  0020
        8CD5  0061
        8CD6  0020
        8CD7  0066
        8CD8  0061
        8CD9  0073
        8CDA  0074
        8CDB  0020
        8CDC  0072
        8CDD  0065
        8CDE  0061
        8CDF  0064
        8CE0  003A
        8CE1  0020
        8CE2  0000
003334  8CE3  0054        S_T8                        .ASCII_W "T8 library reads another sector after a fast read: "
        8CE4  0038
        8CE5  0020
        8CE6  006C
        8CE7  0069
        8CE8  0062
        8CE9  0072
        8CEA  0061
        8CEB  0072
        8CEC  0079
        8CED  0020
        8CEE  0072
        8CEF  0065
        8CF0  0061
        8CF1  0064
        8CF2  0073
        8CF3  0020
        8CF4  0061
        8CF5  006E
        8CF6  006F
        8CF7  0074
        8CF8  0068
        8CF9  0065
        8CFA  0072
        8CFB  0020
        8CFC  0073
        8CFD  0065
        8CFE  0063
        8CFF  0074
        8D00  006F
        8D01  0072
        8D02  0020
        8D03  0061
        8D04  0066
        8D05  0074
        8D06  0065
        8D07  0072
        8D08  0020
        8D09  0061
        8D0A  0020
        8D0B  0066
        8D0C  0061
        8D0D  0073
        8D0E  0074
        8D0F  0020
        8D10  0072
        8D11  0065
        8D12  0061
        8D13  0064
        8D14  003A
        8D15  0020
        8D16  0000
003335  8D17  0000        S_NUL                       .ASCII_W ""
003336                    
003337                    ; block index lo, hi, expectation (0 = mapped, 1 = must fall back)
003338                    ; 0xFFFF in the third slot terminates the list
003339  8D18  0000        T1_BLKS                     .DW 0x0000, 0x0000, 0
        8D19  0000
        8D1A  0000
003340  8D1B  0001                                    .DW 0x0001, 0x0000, 0
        8D1C  0000
        8D1D  0000
003341  8D1E  003F                                    .DW 0x003F, 0x0000, 0            ; last sector of cluster 0
        8D1F  0000
        8D20  0000
003342  8D21  0040                                    .DW 0x0040, 0x0000, 0            ; first sector of cluster 1
        8D22  0000
        8D23  0000
003343  8D24  0041                                    .DW 0x0041, 0x0000, 0
        8D25  0000
        8D26  0000
003344  8D27  4E20                                    .DW 0x4E20, 0x0000, 0            ; the MARK20000 sector
        8D28  0000
        8D29  0000
003345  8D2A  0001                                    .DW 0x0001, 0x0001, 0            ; 65537
        8D2B  0001
        8D2C  0000
003346  8D2D  4FFE                                    .DW 0x4FFE, 0x0001, 0            ; 86014
        8D2E  0001
        8D2F  0000
003347  8D30  4FFF                                    .DW 0x4FFF, 0x0001, 0            ; 86015, the last one
        8D31  0001
        8D32  0000
003348  8D33  5000                                    .DW 0x5000, 0x0001, 1            ; 86016, one past the end
        8D34  0001
        8D35  0001
003349  8D36  0000                                    .DW 0x0000, 0x0002, 1            ; far past the end
        8D37  0002
        8D38  0001
003350  8D39  0000                                    .DW 0x0000, 0x0000, 0xFFFF
        8D3A  0000
        8D3B  FFFF
003351                    
003352  8D3C  7530        T3_BLK                      .DW 0x7530                       ; block 30000 of freedos.vhd
003353  8D3D  4E20        T8_BLKA                     .DW 0x4E20                       ; the MARK20000 sector and..
003354  8D3E  0000        T8_BLKB                     .DW 0x0000                       ; ..the 00..FF patterned one:
003355                                                ; blocks 0..7 are all equal to
003356                                                ; each other, so they cannot
003357                                                ; be used to tell the two apart
003358  8D3F  0000        NFAIL                       .DW 0
003359                    
003360                    ; The part of the shell.asm environment that M2M/rom/sdblock.asm refers to.
003361                    ; Same names, same sizes and same semantics as in M2M/rom/shell_vars.asm, so
003362                    ; that the bench runs the REAL firmware code and not a copy of it.
003363                    ;
003364                    ; Include this *after* the code, it only contains data.
003365                    
003366  8D40  0000        HANDLE_DEV                  .BLOCK FAT32$DEV_STRUCT_SIZE
        8D41  0000
        8D42  0000
        8D43  0000
        8D44  0000
        8D45  0000
        8D46  0000
        8D47  0000
        8D48  0000
        8D49  0000
        8D4A  0000
        8D4B  0000
        8D4C  0000
        8D4D  0000
        8D4E  0000
        8D4F  0000
        8D50  0000
        8D51  0000
003367  8D52  0000        CONFIG_DEVH                 .BLOCK FAT32$DEV_STRUCT_SIZE     ; stays zero: no config file
        8D53  0000
        8D54  0000
        8D55  0000
        8D56  0000
        8D57  0000
        8D58  0000
        8D59  0000
        8D5A  0000
        8D5B  0000
        8D5C  0000
        8D5D  0000
        8D5E  0000
        8D5F  0000
        8D60  0000
        8D61  0000
        8D62  0000
        8D63  0000
003368  8D64  0102        VDRIVES_DEVICE              .DW 0x0102                       ; device id of vdrives.vhd
003369                    
003370  8D65  0000        SDB_VD_MAPS                 .BLOCK 120                       ; SDB_M_SIZE * SDB_VD_MAX_N
        8D66  0000
        8D67  0000
        8D68  0000
        8D69  0000
        8D6A  0000
        8D6B  0000
        8D6C  0000
        8D6D  0000
        8D6E  0000
        8D6F  0000
        8D70  0000
        8D71  0000
        8D72  0000
        8D73  0000
        8D74  0000
        8D75  0000
        8D76  0000
        8D77  0000
        8D78  0000
        8D79  0000
        8D7A  0000
        8D7B  0000
        8D7C  0000
        8D7D  0000
        8D7E  0000
        8D7F  0000
        8D80  0000
        8D81  0000
        8D82  0000
        8D83  0000
        8D84  0000
        8D85  0000
        8D86  0000
        8D87  0000
        8D88  0000
        8D89  0000
        8D8A  0000
        8D8B  0000
        8D8C  0000
        8D8D  0000
        8D8E  0000
        8D8F  0000
        8D90  0000
        8D91  0000
        8D92  0000
        8D93  0000
        8D94  0000
        8D95  0000
        8D96  0000
        8D97  0000
        8D98  0000
        8D99  0000
        8D9A  0000
        8D9B  0000
        8D9C  0000
        8D9D  0000
        8D9E  0000
        8D9F  0000
        8DA0  0000
        8DA1  0000
        8DA2  0000
        8DA3  0000
        8DA4  0000
        8DA5  0000
        8DA6  0000
        8DA7  0000
        8DA8  0000
        8DA9  0000
        8DAA  0000
        8DAB  0000
        8DAC  0000
        8DAD  0000
        8DAE  0000
        8DAF  0000
        8DB0  0000
        8DB1  0000
        8DB2  0000
        8DB3  0000
        8DB4  0000
        8DB5  0000
        8DB6  0000
        8DB7  0000
        8DB8  0000
        8DB9  0000
        8DBA  0000
        8DBB  0000
        8DBC  0000
        8DBD  0000
        8DBE  0000
        8DBF  0000
        8DC0  0000
        8DC1  0000
        8DC2  0000
        8DC3  0000
        8DC4  0000
        8DC5  0000
        8DC6  0000
        8DC7  0000
        8DC8  0000
        8DC9  0000
        8DCA  0000
        8DCB  0000
        8DCC  0000
        8DCD  0000
        8DCE  0000
        8DCF  0000
        8DD0  0000
        8DD1  0000
        8DD2  0000
        8DD3  0000
        8DD4  0000
        8DD5  0000
        8DD6  0000
        8DD7  0000
        8DD8  0000
        8DD9  0000
        8DDA  0000
        8DDB  0000
        8DDC  0000
003371  8DDD  0000        SDB_RM_MAP                  .BLOCK 40                        ; SDB_M_SIZE
        8DDE  0000
        8DDF  0000
        8DE0  0000
        8DE1  0000
        8DE2  0000
        8DE3  0000
        8DE4  0000
        8DE5  0000
        8DE6  0000
        8DE7  0000
        8DE8  0000
        8DE9  0000
        8DEA  0000
        8DEB  0000
        8DEC  0000
        8DED  0000
        8DEE  0000
        8DEF  0000
        8DF0  0000
        8DF1  0000
        8DF2  0000
        8DF3  0000
        8DF4  0000
        8DF5  0000
        8DF6  0000
        8DF7  0000
        8DF8  0000
        8DF9  0000
        8DFA  0000
        8DFB  0000
        8DFC  0000
        8DFD  0000
        8DFE  0000
        8DFF  0000
        8E00  0000
        8E01  0000
        8E02  0000
        8E03  0000
        8E04  0000
003372  8E05  0000        SDB_NULL_MAP                .BLOCK 1
003373  8E06  0000        SDB_DUMMY_FDH               .BLOCK FAT32$FDH_STRUCT_SIZE     ; stays 0: never dirty
        8E07  0000
        8E08  0000
        8E09  0000
        8E0A  0000
        8E0B  0000
        8E0C  0000
        8E0D  0000
        8E0E  0000
        8E0F  0000
        8E10  0000
        8E11  0000
003374  8E12  0000        SDB_G_VAL                   .BLOCK 1
003375  8E13  0000        SDB_FF_STAT                 .BLOCK 1
003376  8E14  0000        SDB_FF_BLKS                 .BLOCK 1
003377  8E15  0000        SDB_RD_STAT                 .BLOCK 1
003378  8E16  0000  0000  SDB_RD_LBA                  .BLOCK 2
003379  8E18  0000        SDB_DBG_N                   .BLOCK 1
003380  8E19  0000        SDB_DBG_CNT                 .BLOCK 1
003381  8E1A  0000        SDB_DBG_ACT                 .BLOCK 1
003382  8E1B  0000        SDB_DBG_DRV                 .BLOCK 1
003383  8E1C  0000        SDB_DBG_SZ                  .BLOCK 1
003384  8E1D  0000        SDB_DBG_PL                  .BLOCK 1
003385  8E1E  0000        SDB_DBG_PH                  .BLOCK 1
003386  8E1F  0000  0000  SDB_DBG_T0                  .BLOCK 2
003387  8E21  0000  0000  SDB_DBG_TE                  .BLOCK 2
003388  8E23  0000  0000  SDB_SD_T0                   .BLOCK 2
003389  8E25  0000  0000  SDB_SD_LAST                 .BLOCK 2
003390  8E27  0000  0000  SDB_SD_CYC                  .BLOCK 2
003391  8E29  0000        SDB_SD_N                    .BLOCK 1
003392  8E2A  0000  0000  SDB_S_BLEFT                 .BLOCK 2
003393  8E2C  0000  0000  SDB_S_RBLK                  .BLOCK 2
003394  8E2E  0000  0000  SDB_S_CLU                   .BLOCK 2
003395  8E30  0000  0000  SDB_S_RSTART                .BLOCK 2
003396  8E32  0000  0000  SDB_S_NEXT                  .BLOCK 2
003397  8E34  0000  0000  SDB_S_FCLBA                 .BLOCK 2
003398  8E36  0000        SDB_S_FCVAL                 .BLOCK 1
003399                    
003400                                                .ORG 0xB000
003401  B000  0000        BUF_A                       .BLOCK 512
        B001  0000
        B002  0000
        B003  0000
        B004  0000
        B005  0000
        B006  0000
        B007  0000
        B008  0000
        B009  0000
        B00A  0000
        B00B  0000
        B00C  0000
        B00D  0000
        B00E  0000
        B00F  0000
        B010  0000
        B011  0000
        B012  0000
        B013  0000
        B014  0000
        B015  0000
        B016  0000
        B017  0000
        B018  0000
        B019  0000
        B01A  0000
        B01B  0000
        B01C  0000
        B01D  0000
        B01E  0000
        B01F  0000
        B020  0000
        B021  0000
        B022  0000
        B023  0000
        B024  0000
        B025  0000
        B026  0000
        B027  0000
        B028  0000
        B029  0000
        B02A  0000
        B02B  0000
        B02C  0000
        B02D  0000
        B02E  0000
        B02F  0000
        B030  0000
        B031  0000
        B032  0000
        B033  0000
        B034  0000
        B035  0000
        B036  0000
        B037  0000
        B038  0000
        B039  0000
        B03A  0000
        B03B  0000
        B03C  0000
        B03D  0000
        B03E  0000
        B03F  0000
        B040  0000
        B041  0000
        B042  0000
        B043  0000
        B044  0000
        B045  0000
        B046  0000
        B047  0000
        B048  0000
        B049  0000
        B04A  0000
        B04B  0000
        B04C  0000
        B04D  0000
        B04E  0000
        B04F  0000
        B050  0000
        B051  0000
        B052  0000
        B053  0000
        B054  0000
        B055  0000
        B056  0000
        B057  0000
        B058  0000
        B059  0000
        B05A  0000
        B05B  0000
        B05C  0000
        B05D  0000
        B05E  0000
        B05F  0000
        B060  0000
        B061  0000
        B062  0000
        B063  0000
        B064  0000
        B065  0000
        B066  0000
        B067  0000
        B068  0000
        B069  0000
        B06A  0000
        B06B  0000
        B06C  0000
        B06D  0000
        B06E  0000
        B06F  0000
        B070  0000
        B071  0000
        B072  0000
        B073  0000
        B074  0000
        B075  0000
        B076  0000
        B077  0000
        B078  0000
        B079  0000
        B07A  0000
        B07B  0000
        B07C  0000
        B07D  0000
        B07E  0000
        B07F  0000
        B080  0000
        B081  0000
        B082  0000
        B083  0000
        B084  0000
        B085  0000
        B086  0000
        B087  0000
        B088  0000
        B089  0000
        B08A  0000
        B08B  0000
        B08C  0000
        B08D  0000
        B08E  0000
        B08F  0000
        B090  0000
        B091  0000
        B092  0000
        B093  0000
        B094  0000
        B095  0000
        B096  0000
        B097  0000
        B098  0000
        B099  0000
        B09A  0000
        B09B  0000
        B09C  0000
        B09D  0000
        B09E  0000
        B09F  0000
        B0A0  0000
        B0A1  0000
        B0A2  0000
        B0A3  0000
        B0A4  0000
        B0A5  0000
        B0A6  0000
        B0A7  0000
        B0A8  0000
        B0A9  0000
        B0AA  0000
        B0AB  0000
        B0AC  0000
        B0AD  0000
        B0AE  0000
        B0AF  0000
        B0B0  0000
        B0B1  0000
        B0B2  0000
        B0B3  0000
        B0B4  0000
        B0B5  0000
        B0B6  0000
        B0B7  0000
        B0B8  0000
        B0B9  0000
        B0BA  0000
        B0BB  0000
        B0BC  0000
        B0BD  0000
        B0BE  0000
        B0BF  0000
        B0C0  0000
        B0C1  0000
        B0C2  0000
        B0C3  0000
        B0C4  0000
        B0C5  0000
        B0C6  0000
        B0C7  0000
        B0C8  0000
        B0C9  0000
        B0CA  0000
        B0CB  0000
        B0CC  0000
        B0CD  0000
        B0CE  0000
        B0CF  0000
        B0D0  0000
        B0D1  0000
        B0D2  0000
        B0D3  0000
        B0D4  0000
        B0D5  0000
        B0D6  0000
        B0D7  0000
        B0D8  0000
        B0D9  0000
        B0DA  0000
        B0DB  0000
        B0DC  0000
        B0DD  0000
        B0DE  0000
        B0DF  0000
        B0E0  0000
        B0E1  0000
        B0E2  0000
        B0E3  0000
        B0E4  0000
        B0E5  0000
        B0E6  0000
        B0E7  0000
        B0E8  0000
        B0E9  0000
        B0EA  0000
        B0EB  0000
        B0EC  0000
        B0ED  0000
        B0EE  0000
        B0EF  0000
        B0F0  0000
        B0F1  0000
        B0F2  0000
        B0F3  0000
        B0F4  0000
        B0F5  0000
        B0F6  0000
        B0F7  0000
        B0F8  0000
        B0F9  0000
        B0FA  0000
        B0FB  0000
        B0FC  0000
        B0FD  0000
        B0FE  0000
        B0FF  0000
        B100  0000
        B101  0000
        B102  0000
        B103  0000
        B104  0000
        B105  0000
        B106  0000
        B107  0000
        B108  0000
        B109  0000
        B10A  0000
        B10B  0000
        B10C  0000
        B10D  0000
        B10E  0000
        B10F  0000
        B110  0000
        B111  0000
        B112  0000
        B113  0000
        B114  0000
        B115  0000
        B116  0000
        B117  0000
        B118  0000
        B119  0000
        B11A  0000
        B11B  0000
        B11C  0000
        B11D  0000
        B11E  0000
        B11F  0000
        B120  0000
        B121  0000
        B122  0000
        B123  0000
        B124  0000
        B125  0000
        B126  0000
        B127  0000
        B128  0000
        B129  0000
        B12A  0000
        B12B  0000
        B12C  0000
        B12D  0000
        B12E  0000
        B12F  0000
        B130  0000
        B131  0000
        B132  0000
        B133  0000
        B134  0000
        B135  0000
        B136  0000
        B137  0000
        B138  0000
        B139  0000
        B13A  0000
        B13B  0000
        B13C  0000
        B13D  0000
        B13E  0000
        B13F  0000
        B140  0000
        B141  0000
        B142  0000
        B143  0000
        B144  0000
        B145  0000
        B146  0000
        B147  0000
        B148  0000
        B149  0000
        B14A  0000
        B14B  0000
        B14C  0000
        B14D  0000
        B14E  0000
        B14F  0000
        B150  0000
        B151  0000
        B152  0000
        B153  0000
        B154  0000
        B155  0000
        B156  0000
        B157  0000
        B158  0000
        B159  0000
        B15A  0000
        B15B  0000
        B15C  0000
        B15D  0000
        B15E  0000
        B15F  0000
        B160  0000
        B161  0000
        B162  0000
        B163  0000
        B164  0000
        B165  0000
        B166  0000
        B167  0000
        B168  0000
        B169  0000
        B16A  0000
        B16B  0000
        B16C  0000
        B16D  0000
        B16E  0000
        B16F  0000
        B170  0000
        B171  0000
        B172  0000
        B173  0000
        B174  0000
        B175  0000
        B176  0000
        B177  0000
        B178  0000
        B179  0000
        B17A  0000
        B17B  0000
        B17C  0000
        B17D  0000
        B17E  0000
        B17F  0000
        B180  0000
        B181  0000
        B182  0000
        B183  0000
        B184  0000
        B185  0000
        B186  0000
        B187  0000
        B188  0000
        B189  0000
        B18A  0000
        B18B  0000
        B18C  0000
        B18D  0000
        B18E  0000
        B18F  0000
        B190  0000
        B191  0000
        B192  0000
        B193  0000
        B194  0000
        B195  0000
        B196  0000
        B197  0000
        B198  0000
        B199  0000
        B19A  0000
        B19B  0000
        B19C  0000
        B19D  0000
        B19E  0000
        B19F  0000
        B1A0  0000
        B1A1  0000
        B1A2  0000
        B1A3  0000
        B1A4  0000
        B1A5  0000
        B1A6  0000
        B1A7  0000
        B1A8  0000
        B1A9  0000
        B1AA  0000
        B1AB  0000
        B1AC  0000
        B1AD  0000
        B1AE  0000
        B1AF  0000
        B1B0  0000
        B1B1  0000
        B1B2  0000
        B1B3  0000
        B1B4  0000
        B1B5  0000
        B1B6  0000
        B1B7  0000
        B1B8  0000
        B1B9  0000
        B1BA  0000
        B1BB  0000
        B1BC  0000
        B1BD  0000
        B1BE  0000
        B1BF  0000
        B1C0  0000
        B1C1  0000
        B1C2  0000
        B1C3  0000
        B1C4  0000
        B1C5  0000
        B1C6  0000
        B1C7  0000
        B1C8  0000
        B1C9  0000
        B1CA  0000
        B1CB  0000
        B1CC  0000
        B1CD  0000
        B1CE  0000
        B1CF  0000
        B1D0  0000
        B1D1  0000
        B1D2  0000
        B1D3  0000
        B1D4  0000
        B1D5  0000
        B1D6  0000
        B1D7  0000
        B1D8  0000
        B1D9  0000
        B1DA  0000
        B1DB  0000
        B1DC  0000
        B1DD  0000
        B1DE  0000
        B1DF  0000
        B1E0  0000
        B1E1  0000
        B1E2  0000
        B1E3  0000
        B1E4  0000
        B1E5  0000
        B1E6  0000
        B1E7  0000
        B1E8  0000
        B1E9  0000
        B1EA  0000
        B1EB  0000
        B1EC  0000
        B1ED  0000
        B1EE  0000
        B1EF  0000
        B1F0  0000
        B1F1  0000
        B1F2  0000
        B1F3  0000
        B1F4  0000
        B1F5  0000
        B1F6  0000
        B1F7  0000
        B1F8  0000
        B1F9  0000
        B1FA  0000
        B1FB  0000
        B1FC  0000
        B1FD  0000
        B1FE  0000
        B1FF  0000
003402  B200  0000        BUF_B                       .BLOCK 512
        B201  0000
        B202  0000
        B203  0000
        B204  0000
        B205  0000
        B206  0000
        B207  0000
        B208  0000
        B209  0000
        B20A  0000
        B20B  0000
        B20C  0000
        B20D  0000
        B20E  0000
        B20F  0000
        B210  0000
        B211  0000
        B212  0000
        B213  0000
        B214  0000
        B215  0000
        B216  0000
        B217  0000
        B218  0000
        B219  0000
        B21A  0000
        B21B  0000
        B21C  0000
        B21D  0000
        B21E  0000
        B21F  0000
        B220  0000
        B221  0000
        B222  0000
        B223  0000
        B224  0000
        B225  0000
        B226  0000
        B227  0000
        B228  0000
        B229  0000
        B22A  0000
        B22B  0000
        B22C  0000
        B22D  0000
        B22E  0000
        B22F  0000
        B230  0000
        B231  0000
        B232  0000
        B233  0000
        B234  0000
        B235  0000
        B236  0000
        B237  0000
        B238  0000
        B239  0000
        B23A  0000
        B23B  0000
        B23C  0000
        B23D  0000
        B23E  0000
        B23F  0000
        B240  0000
        B241  0000
        B242  0000
        B243  0000
        B244  0000
        B245  0000
        B246  0000
        B247  0000
        B248  0000
        B249  0000
        B24A  0000
        B24B  0000
        B24C  0000
        B24D  0000
        B24E  0000
        B24F  0000
        B250  0000
        B251  0000
        B252  0000
        B253  0000
        B254  0000
        B255  0000
        B256  0000
        B257  0000
        B258  0000
        B259  0000
        B25A  0000
        B25B  0000
        B25C  0000
        B25D  0000
        B25E  0000
        B25F  0000
        B260  0000
        B261  0000
        B262  0000
        B263  0000
        B264  0000
        B265  0000
        B266  0000
        B267  0000
        B268  0000
        B269  0000
        B26A  0000
        B26B  0000
        B26C  0000
        B26D  0000
        B26E  0000
        B26F  0000
        B270  0000
        B271  0000
        B272  0000
        B273  0000
        B274  0000
        B275  0000
        B276  0000
        B277  0000
        B278  0000
        B279  0000
        B27A  0000
        B27B  0000
        B27C  0000
        B27D  0000
        B27E  0000
        B27F  0000
        B280  0000
        B281  0000
        B282  0000
        B283  0000
        B284  0000
        B285  0000
        B286  0000
        B287  0000
        B288  0000
        B289  0000
        B28A  0000
        B28B  0000
        B28C  0000
        B28D  0000
        B28E  0000
        B28F  0000
        B290  0000
        B291  0000
        B292  0000
        B293  0000
        B294  0000
        B295  0000
        B296  0000
        B297  0000
        B298  0000
        B299  0000
        B29A  0000
        B29B  0000
        B29C  0000
        B29D  0000
        B29E  0000
        B29F  0000
        B2A0  0000
        B2A1  0000
        B2A2  0000
        B2A3  0000
        B2A4  0000
        B2A5  0000
        B2A6  0000
        B2A7  0000
        B2A8  0000
        B2A9  0000
        B2AA  0000
        B2AB  0000
        B2AC  0000
        B2AD  0000
        B2AE  0000
        B2AF  0000
        B2B0  0000
        B2B1  0000
        B2B2  0000
        B2B3  0000
        B2B4  0000
        B2B5  0000
        B2B6  0000
        B2B7  0000
        B2B8  0000
        B2B9  0000
        B2BA  0000
        B2BB  0000
        B2BC  0000
        B2BD  0000
        B2BE  0000
        B2BF  0000
        B2C0  0000
        B2C1  0000
        B2C2  0000
        B2C3  0000
        B2C4  0000
        B2C5  0000
        B2C6  0000
        B2C7  0000
        B2C8  0000
        B2C9  0000
        B2CA  0000
        B2CB  0000
        B2CC  0000
        B2CD  0000
        B2CE  0000
        B2CF  0000
        B2D0  0000
        B2D1  0000
        B2D2  0000
        B2D3  0000
        B2D4  0000
        B2D5  0000
        B2D6  0000
        B2D7  0000
        B2D8  0000
        B2D9  0000
        B2DA  0000
        B2DB  0000
        B2DC  0000
        B2DD  0000
        B2DE  0000
        B2DF  0000
        B2E0  0000
        B2E1  0000
        B2E2  0000
        B2E3  0000
        B2E4  0000
        B2E5  0000
        B2E6  0000
        B2E7  0000
        B2E8  0000
        B2E9  0000
        B2EA  0000
        B2EB  0000
        B2EC  0000
        B2ED  0000
        B2EE  0000
        B2EF  0000
        B2F0  0000
        B2F1  0000
        B2F2  0000
        B2F3  0000
        B2F4  0000
        B2F5  0000
        B2F6  0000
        B2F7  0000
        B2F8  0000
        B2F9  0000
        B2FA  0000
        B2FB  0000
        B2FC  0000
        B2FD  0000
        B2FE  0000
        B2FF  0000
        B300  0000
        B301  0000
        B302  0000
        B303  0000
        B304  0000
        B305  0000
        B306  0000
        B307  0000
        B308  0000
        B309  0000
        B30A  0000
        B30B  0000
        B30C  0000
        B30D  0000
        B30E  0000
        B30F  0000
        B310  0000
        B311  0000
        B312  0000
        B313  0000
        B314  0000
        B315  0000
        B316  0000
        B317  0000
        B318  0000
        B319  0000
        B31A  0000
        B31B  0000
        B31C  0000
        B31D  0000
        B31E  0000
        B31F  0000
        B320  0000
        B321  0000
        B322  0000
        B323  0000
        B324  0000
        B325  0000
        B326  0000
        B327  0000
        B328  0000
        B329  0000
        B32A  0000
        B32B  0000
        B32C  0000
        B32D  0000
        B32E  0000
        B32F  0000
        B330  0000
        B331  0000
        B332  0000
        B333  0000
        B334  0000
        B335  0000
        B336  0000
        B337  0000
        B338  0000
        B339  0000
        B33A  0000
        B33B  0000
        B33C  0000
        B33D  0000
        B33E  0000
        B33F  0000
        B340  0000
        B341  0000
        B342  0000
        B343  0000
        B344  0000
        B345  0000
        B346  0000
        B347  0000
        B348  0000
        B349  0000
        B34A  0000
        B34B  0000
        B34C  0000
        B34D  0000
        B34E  0000
        B34F  0000
        B350  0000
        B351  0000
        B352  0000
        B353  0000
        B354  0000
        B355  0000
        B356  0000
        B357  0000
        B358  0000
        B359  0000
        B35A  0000
        B35B  0000
        B35C  0000
        B35D  0000
        B35E  0000
        B35F  0000
        B360  0000
        B361  0000
        B362  0000
        B363  0000
        B364  0000
        B365  0000
        B366  0000
        B367  0000
        B368  0000
        B369  0000
        B36A  0000
        B36B  0000
        B36C  0000
        B36D  0000
        B36E  0000
        B36F  0000
        B370  0000
        B371  0000
        B372  0000
        B373  0000
        B374  0000
        B375  0000
        B376  0000
        B377  0000
        B378  0000
        B379  0000
        B37A  0000
        B37B  0000
        B37C  0000
        B37D  0000
        B37E  0000
        B37F  0000
        B380  0000
        B381  0000
        B382  0000
        B383  0000
        B384  0000
        B385  0000
        B386  0000
        B387  0000
        B388  0000
        B389  0000
        B38A  0000
        B38B  0000
        B38C  0000
        B38D  0000
        B38E  0000
        B38F  0000
        B390  0000
        B391  0000
        B392  0000
        B393  0000
        B394  0000
        B395  0000
        B396  0000
        B397  0000
        B398  0000
        B399  0000
        B39A  0000
        B39B  0000
        B39C  0000
        B39D  0000
        B39E  0000
        B39F  0000
        B3A0  0000
        B3A1  0000
        B3A2  0000
        B3A3  0000
        B3A4  0000
        B3A5  0000
        B3A6  0000
        B3A7  0000
        B3A8  0000
        B3A9  0000
        B3AA  0000
        B3AB  0000
        B3AC  0000
        B3AD  0000
        B3AE  0000
        B3AF  0000
        B3B0  0000
        B3B1  0000
        B3B2  0000
        B3B3  0000
        B3B4  0000
        B3B5  0000
        B3B6  0000
        B3B7  0000
        B3B8  0000
        B3B9  0000
        B3BA  0000
        B3BB  0000
        B3BC  0000
        B3BD  0000
        B3BE  0000
        B3BF  0000
        B3C0  0000
        B3C1  0000
        B3C2  0000
        B3C3  0000
        B3C4  0000
        B3C5  0000
        B3C6  0000
        B3C7  0000
        B3C8  0000
        B3C9  0000
        B3CA  0000
        B3CB  0000
        B3CC  0000
        B3CD  0000
        B3CE  0000
        B3CF  0000
        B3D0  0000
        B3D1  0000
        B3D2  0000
        B3D3  0000
        B3D4  0000
        B3D5  0000
        B3D6  0000
        B3D7  0000
        B3D8  0000
        B3D9  0000
        B3DA  0000
        B3DB  0000
        B3DC  0000
        B3DD  0000
        B3DE  0000
        B3DF  0000
        B3E0  0000
        B3E1  0000
        B3E2  0000
        B3E3  0000
        B3E4  0000
        B3E5  0000
        B3E6  0000
        B3E7  0000
        B3E8  0000
        B3E9  0000
        B3EA  0000
        B3EB  0000
        B3EC  0000
        B3ED  0000
        B3EE  0000
        B3EF  0000
        B3F0  0000
        B3F1  0000
        B3F2  0000
        B3F3  0000
        B3F4  0000
        B3F5  0000
        B3F6  0000
        B3F7  0000
        B3F8  0000
        B3F9  0000
        B3FA  0000
        B3FB  0000
        B3FC  0000
        B3FD  0000
        B3FE  0000
        B3FF  0000


EQU-list:
--------------------------------------------------------------------------------------------------------
IO$AREA_START           : 0xFF00    IO$SWITCH_REG           : 0xFF00    IO$TIL_DISPLAY          : 0xFF01    
IO$TIL_MASK             : 0xFF02    IO$KBD_STATE            : 0xFF04    IO$KBD_DATA             : 0xFF05    
IO$CYC_LO               : 0xFF08    IO$CYC_MID              : 0xFF09    IO$CYC_HI               : 0xFF0A    
IO$CYC_STATE            : 0xFF0B    IO$INS_LO               : 0xFF0C    IO$INS_MID              : 0xFF0D    
IO$INS_HI               : 0xFF0E    IO$INS_STATE            : 0xFF0F    IO$UART_BASE_ADDRESS    : 0xFF10    
IO$UART_MR1A            : 0xFF10    IO$UART_MR1B            : 0xFF10    IO$UART_SRA             : 0xFF11    
IO$UART_RHRA            : 0xFF12    IO$UART_THRA            : 0xFF13    IO$EAE_OPERAND_0        : 0xFF18    
IO$EAE_OPERAND_1        : 0xFF19    IO$EAE_RESULT_LO        : 0xFF1A    IO$EAE_RESULT_HI        : 0xFF1B    
IO$EAE_CSR              : 0xFF1C    IO$SD_BASE_ADDRESS      : 0xFF20    IO$SD_ADDR_LO           : 0xFF20    
IO$SD_ADDR_HI           : 0xFF21    IO$SD_DATA_POS          : 0xFF22    IO$SD_DATA              : 0xFF23    
IO$SD_ERROR             : 0xFF24    IO$SD_CSR               : 0xFF25    IO$TIMER_BASE_ADDRESS   : 0xFF28    
IO$TIMER_0_PRE          : 0xFF28    IO$TIMER_0_CNT          : 0xFF29    IO$TIMER_0_INT          : 0xFF2A    
IO$TIMER_1_PRE          : 0xFF2B    IO$TIMER_1_CNT          : 0xFF2C    IO$TIMER_1_INT          : 0xFF2D    
VGA$STATE               : 0xFF30    VGA$CR_X                : 0xFF31    VGA$CR_Y                : 0xFF32    
VGA$CHAR                : 0xFF33    VGA$OFFS_DISPLAY        : 0xFF34    VGA$OFFS_RW             : 0xFF35    
VGA$HDMI_H_MIN          : 0xFF36    VGA$HDMI_H_MAX          : 0xFF37    VGA$HDMI_V_MAX          : 0xFF38    
IO$M65HRAM_LO           : 0xFFF0    IO$M65HRAM_HI           : 0xFFF1    IO$M65HRAM_DATA8        : 0xFFF2    
IO$M65HRAM_DATA16       : 0xFFF3    VGA$MAX_X               : 0x004F    VGA$MAX_Y               : 0x0027    
VGA$MAX_CHARS           : 0x0C80    VGA$CHARS_PER_LINE      : 0x0050    VGA$EN_HW_CURSOR        : 0x0040    
VGA$EN_HW_SCRL          : 0x0C00    VGA$CLR_SCRN            : 0x0100    VGA$BUSY                : 0x0200    
VGA$COLOR_RED           : 0x0004    VGA$COLOR_GREEN         : 0x0002    VGA$COLOR_BLUE          : 0x0001    
VGA$COLOR_WHITE         : 0x0007    CYC$RESET               : 0x0001    CYC$RUN                 : 0x0002    
INS$RESET               : 0x0001    INS$RUN                 : 0x0002    EAE$MULU                : 0x0000    
EAE$MULS                : 0x0001    EAE$DIVU                : 0x0002    EAE$DIVS                : 0x0003    
EAE$BUSY                : 0x8000    SD$CMD_RESET            : 0x0000    SD$CMD_READ             : 0x0001    
SD$CMD_WRITE            : 0x0002    SD$BIT_ERROR            : 0x4000    SD$BIT_BUSY             : 0x8000    
SD$TIMEOUT_MID          : 0x0479    SD$ERR_MASK             : 0x00FF    SD$ERR_R1_ERROR         : 0x0001    
SD$ERR_CRC_OR_TIMEOUT   : 0x0002    SD$ERR_RESPONSE_TOKEN   : 0x0003    SD$ERR_ERROR_TOKEN      : 0x0004    
SD$ERR_WRITE_PROTECT    : 0x0005    SD$ERR_CARD_UNUSABLE    : 0x0006    SD$ERR_NO_CARD          : 0x0007    
SD$ERR_READ_TIMEOUT     : 0x0008    SD$ERR_READWRITEJAM     : 0xEE21    SD$ERR_TIMEOUT          : 0xEEFF    
SD$CT_SD_V1             : 0x0001    SD$CT_SD_V2             : 0x0002    SD$CT_SDHC              : 0x0003    
FAT32$ERR_MBR           : 0xEE10    FAT32$ERR_PARTITION_NO  : 0xEE11    FAT32$ERR_PARTTBL       : 0xEE12    
FAT32$ERR_NOTIMPL       : 0xEE13    FAT32$ERR_SIZE          : 0xEE14    FAT32$ERR_NOFAT32       : 0xEE15    
FAT32$ERR_ILLEGAL_SIC   : 0xEE16    FAT32$ERR_ILLEGAL_CLUS  : 0xEE17    FAT32$ERR_CORRUPT_DH    : 0xEE18    
FAT32$ERR_DIRNOTFOUND   : 0xEE19    FAT32$ERR_FILENOTFOUND  : 0xEE20    FAT23$ERR_SEEKTOOLARGE  : 0xEE21    
FAT32$EOF               : 0xEEEE    FAT32$DEV_RESET         : 0x0000    FAT32$DEV_BLOCK_READ    : 0x0001    
FAT32$DEV_BLOCK_WRITE   : 0x0002    FAT32$DEV_BYTE_READ     : 0x0003    FAT32$DEV_BYTE_WRITE    : 0x0004    
FAT32$DEV_PARTITION     : 0x0005    FAT32$DEV_FS_LO         : 0x0006    FAT32$DEV_FS_HI         : 0x0007    
FAT32$DEV_FAT_LO        : 0x0008    FAT32$DEV_FAT_HI        : 0x0009    FAT32$DEV_CLUSTER_LO    : 0x000A    
FAT32$DEV_CLUSTER_HI    : 0x000B    FAT32$DEV_SECT_PER_CLUS : 0x000C    FAT32$DEV_RD_1STCLUS_LO : 0x000D    
FAT32$DEV_RD_1STCLUS_HI : 0x000E    FAT32$DEV_AD_1STCLUS_LO : 0x000F    FAT32$DEV_AD_1STCLUS_HI : 0x0010    
FAT32$DEV_BUFFERED_FDH  : 0x0011    FAT32$DEV_STRUCT_SIZE   : 0x0012    FAT32$FDH_DEVICE        : 0x0000    
FAT32$FDH_CLUSTER_LO    : 0x0001    FAT32$FDH_CLUSTER_HI    : 0x0002    FAT32$FDH_SECTOR        : 0x0003    
FAT32$FDH_INDEX         : 0x0004    FAT32$FDH_SIZE_LO       : 0x0005    FAT32$FDH_SIZE_HI       : 0x0006    
FAT32$FDH_ACCESS_LO     : 0x0007    FAT32$FDH_ACCESS_HI     : 0x0008    FAT32$FDH_START_CLUS_LO : 0x0009    
FAT32$FDH_START_CLUS_HI : 0x000A    FAT32$FDH_FLAGS         : 0x000B    FAT32$FDH_STRUCT_SIZE   : 0x000C    
FAT32$FDHF_DIRTY        : 0x0001    FAT32$FA_READ_ONLY      : 0x0001    FAT32$FA_HIDDEN         : 0x0002    
FAT32$FA_SYSTEM         : 0x0004    FAT32$FA_VOLUME_ID      : 0x0008    FAT32$FA_DIR            : 0x0010    
FAT32$FA_ARCHIVE        : 0x0020    FAT32$FA_DEFAULT        : 0x0035    FAT32$FA_ALL            : 0x0037    
FAT32$DE_NAME           : 0x0000    FAT32$DE_ATTRIB         : 0x0101    FAT32$DE_SIZE_LO        : 0x0102    
FAT32$DE_SIZE_HI        : 0x0103    FAT32$DE_YEAR           : 0x0104    FAT32$DE_MONTH          : 0x0105    
FAT32$DE_DAY            : 0x0106    FAT32$DE_HOUR           : 0x0107    FAT32$DE_MINUTE         : 0x0108    
FAT32$DE_SECOND         : 0x0109    FAT32$DE_CLUS_LO        : 0x010A    FAT32$DE_CLUS_HI        : 0x010B    
FAT32$DE_STRUCT_SIZE    : 0x010C    FAT32$PRINT_SHOW_DIR    : 0x0001    FAT32$PRINT_SHOW_ATTRIB : 0x0002    
FAT32$PRINT_SHOW_SIZE   : 0x0004    FAT32$PRINT_SHOW_DATE   : 0x0008    FAT32$PRINT_SHOW_TIME   : 0x0010    
FAT32$PRINT_DEFAULT     : 0x001D    FAT32$PRINT_ALL         : 0x001F    KBD$NEW_ASCII           : 0x0001    
KBD$NEW_SPECIAL         : 0x0002    KBD$NEW_ANY             : 0x0003    KBD$ASCII               : 0x00FF    
KBD$SPECIAL             : 0xFF00    KBD$LOCALE              : 0x001C    KBD$LOCALE_US           : 0x0000    
KBD$LOCALE_DE           : 0x0004    KBD$MODIFIERS           : 0x00E0    KBD$SHIFT               : 0x0020    
KBD$ALT                 : 0x0040    KBD$CTRL                : 0x0080    KBD$SPACE               : 0x0020    
KBD$ENTER               : 0x000D    KBD$ESC                 : 0x001B    KBD$TAB                 : 0x0009    
KBD$BACKSPACE           : 0x0008    KBD$F1                  : 0x0100    KBD$F2                  : 0x0200    
KBD$F3                  : 0x0300    KBD$F4                  : 0x0400    KBD$F5                  : 0x0500    
KBD$F6                  : 0x0600    KBD$F7                  : 0x0700    KBD$F8                  : 0x0800    
KBD$F9                  : 0x0900    KBD$F10                 : 0x0A00    KBD$F11                 : 0x0B00    
KBD$F12                 : 0x0C00    KBD$CUR_UP              : 0x1000    KBD$CUR_DOWN            : 0x1100    
KBD$CUR_LEFT            : 0x1200    KBD$CUR_RIGHT           : 0x1300    KBD$PG_UP               : 0x1400    
KBD$PG_DOWN             : 0x1500    KBD$HOME                : 0x1600    KBD$END                 : 0x1700    
KBD$INS                 : 0x1800    KBD$DEL                 : 0x1900    KBD$CTRL_A              : 0x0001    
KBD$CTRL_B              : 0x0002    KBD$CTRL_C              : 0x0003    KBD$CTRL_D              : 0x0004    
KBD$CTRL_E              : 0x0005    KBD$CTRL_F              : 0x0006    KBD$CTRL_G              : 0x0007    
KBD$CTRL_H              : 0x0008    KBD$CTRL_I              : 0x0009    KBD$CTRL_J              : 0x000A    
KBD$CTRL_K              : 0x000B    KBD$CTRL_L              : 0x000C    KBD$CTRL_M              : 0x000D    
KBD$CTRL_N              : 0x000E    KBD$CTRL_O              : 0x000F    KBD$CTRL_P              : 0x0010    
KBD$CTRL_Q              : 0x0011    KBD$CTRL_R              : 0x0012    KBD$CTRL_S              : 0x0013    
KBD$CTRL_T              : 0x0014    KBD$CTRL_U              : 0x0015    KBD$CTRL_V              : 0x0016    
KBD$CTRL_W              : 0x0017    KBD$CTRL_X              : 0x0018    KBD$CTRL_Y              : 0x0019    
KBD$CTRL_Z              : 0x001A    CHR$BELL                : 0x0007    CHR$TAB                 : 0x0009    
CHR$SPACE               : 0x0020    CHR$CR                  : 0x000D    CHR$LF                  : 0x000A    
reset                   : 0x0000    getc                    : 0x0002    putc                    : 0x0004    
gets                    : 0x0006    puts                    : 0x0008    crlf                    : 0x000A    
til                     : 0x000C    muls                    : 0x000E    memset                  : 0x0010    
memcpy                  : 0x0012    wait                    : 0x0014    exit                    : 0x0016    
chr2upper               : 0x0018    str2upper               : 0x001A    strlen                  : 0x001C    
chomp                   : 0x001E    strcmp                  : 0x0020    strchr                  : 0x0022    
gethex                  : 0x0024    puthex                  : 0x0026    mulu                    : 0x0028    
vga_cls                 : 0x002A    divu                    : 0x002C    divs                    : 0x002E    
chr2lower               : 0x0030    mulu32                  : 0x0032    divu32                  : 0x0034    
split                   : 0x0036    h2dstr                  : 0x0038    sd_reset                : 0x003A    
sd_r_block              : 0x003C    sd_w_block              : 0x003E    sd_r_byte               : 0x0040    
sd_w_byte               : 0x0042    f32_mnt_sd              : 0x0044    f32_mnt                 : 0x0046    
f32_od                  : 0x0048    f32_ld                  : 0x004A    f32_cd                  : 0x004C    
f32_pd                  : 0x004E    f32_fopen               : 0x0050    f32_fread               : 0x0052    
f32_fseek               : 0x0054    gets_s                  : 0x0056    gets_slf                : 0x0058    
vga_init                : 0x005A    in_range_u              : 0x005C    enter                   : 0x005E    
leave                   : 0x0060    strcpy                  : 0x0062    strstr                  : 0x0064    
f32_fwrite              : 0x0066    f32_fflush              : 0x0068    f32_fclose              : 0x006A    
strrplchr               : 0x006C    M2M$CSR                 : 0xFFE0    M2M$CSR_RESET           : 0x0001    
M2M$CSR_UN_RESET        : 0xFFFE    M2M$CSR_PAUSE           : 0x0002    M2M$CSR_UN_PAUSE        : 0xFFFD    
M2M$CSR_OSM             : 0x0004    M2M$CSR_UN_OSM          : 0xFFFB    M2M$CSR_KBD             : 0x0008    
M2M$CSR_UN_KBD          : 0xFFF7    M2M$CSR_JOY1            : 0x0010    M2M$CSR_UN_JOY1         : 0xFFEF    
M2M$CSR_JOY2            : 0x0020    M2M$CSR_UN_JOY2         : 0xFFDF    M2M$CSR_SD_MODE         : 0x0040    
M2M$CSR_UN_SD_MODE      : 0xFFBF    M2M$CSR_SD_FORCE        : 0x0080    M2M$CSR_UN_SD_FORCE     : 0xFF7F    
M2M$CSR_SD_ACTIVE       : 0x0100    M2M$CSR_UN_SD_ACTIVE    : 0xFEFF    M2M$CSR_SD_DET_INT      : 0x0200    
M2M$CSR_UN_SD_DET_INT   : 0xFDFF    M2M$CSR_SD_DET_EXT      : 0x0400    M2M$CSR_UN_SD_DET_EXT   : 0xFBFF    
M2M$CSR_ASCAL_AUTO      : 0x0800    M2M$CSR_UN_ASCAL_AUTO   : 0xF7FF    M2M$CSR_KBD_JOY         : 0x0038    
M2M$CSR_UN_KBD_JOY      : 0xFFC7    M2M$OSM_XY              : 0xFFE1    M2M$OSM_DXDY            : 0xFFE2    
M2M$SA_INVERSE          : 0x0080    M2M$SA_DARK             : 0x0040    M2M$SA_BG_RED           : 0x0020    
M2M$SA_BG_GREEN         : 0x0010    M2M$SA_BG_BLUE          : 0x0008    M2M$SA_FG_RED           : 0x0004    
M2M$SA_FG_GREEN         : 0x0002    M2M$SA_FG_BLUE          : 0x0001    M2M$SA_COL_STD          : 0x000B    
M2M$SA_COL_STD_INV      : 0x008B    M2M$SA_COL_TTLE         : 0x000E    M2M$SA_COL_TTLE_INV     : 0x008E    
M2M$SA_COL_SEL          : 0x000F    M2M$FC_TL               : 0x00C9    M2M$FC_SH               : 0x00CD    
M2M$FC_TR               : 0x00BB    M2M$FC_SV               : 0x00BA    M2M$FC_BL               : 0x00C8    
M2M$FC_BR               : 0x00BC    M2M$FC_HE_LEFT          : 0x00B9    M2M$FC_HE_RIGHT         : 0x00CC    
M2M$NC_SH               : 0x00C4    M2M$NC_VE_LEFT          : 0x00C7    M2M$NC_VE_RIGHT         : 0x00B6    
M2M$DIR_L               : 0x0011    M2M$DIR_R               : 0x0010    M2M$OPT_SEL_MULTI       : 0x0007    
M2M$OPT_SEL_SINGLE      : 0x003D    M2M$LD_PROGRESS         : 0x00FE    M2M$LD_SPACE            : 0x0020    
M2M$ASCAL_MODE          : 0xFFE3    M2M$ASCAL_NEAREST       : 0x0000    M2M$ASCAL_BILINEAR      : 0x0001    
M2M$ASCAL_SBILINEAR     : 0x0002    M2M$ASCAL_BICUBIC       : 0x0003    M2M$ASCAL_POLYPHASE     : 0x0004    
M2M$ASCAL_PP_HORIZ      : 0x0000    M2M$ASCAL_PP_VERT       : 0x0100    M2M$ASCAL_TRIPLEBUF     : 0x0008    
M2M$ASCAL_RESERVED      : 0x0010    M2M$SPECIAL             : 0xFFE4    M2M$GENERAL             : 0xFFE5    
M2M$KEYBOARD            : 0xFFE8    M2M$TYPEMATIC_DLY       : 0x8000    M2M$TYPEMATIC_SPD       : 0x1000    
M2M$KEY_UP              : 0x0001    M2M$KEY_DOWN            : 0x0002    M2M$KEY_LEFT            : 0x0004    
M2M$KEY_RIGHT           : 0x0008    M2M$KEY_RETURN          : 0x0010    M2M$KEY_SPACE           : 0x0020    
M2M$KEY_RUNSTOP         : 0x0040    M2M$KEY_HELP            : 0x0080    M2M$KEY_F1              : 0x0100    
M2M$KEY_F3              : 0x0200    M2M$CFD_ADDR            : 0xFFF0    M2M$CFD_DATA            : 0xFFF1    
M2M$CFM_ADDR            : 0xFFF2    M2M$CFM_DATA            : 0xFFF3    M2M$RAMROM_DEV          : 0xFFF4    
M2M$VRAM_DATA           : 0x0000    M2M$VRAM_ATTR           : 0x0001    M2M$CONFIG              : 0x0002    
M2M$ASCAL_PPHASE        : 0x0003    M2M$HYPERRAM            : 0x0004    M2M$SDRAM               : 0x0005    
M2M$SYS_INFO            : 0x00FF    M2M$RAMROM_4KWIN        : 0xFFF5    M2M$RAMROM_DATA         : 0x7000    
M2M$SYS_VDRIVES         : 0x0000    M2M$SYS_VGA             : 0x0010    M2M$SYS_HDMI            : 0x0011    
M2M$SYS_CRTSANDROMS     : 0x0020    M2M$SYS_CORE            : 0x0030    M2M$SYS_DXDY            : 0x7000    
M2M$SHELL_M_XY          : 0x7001    M2M$SHELL_M_DXDY        : 0x7002    M2M$SYS_CORE_X          : 0x7000    
M2M$SYS_CORE_Y          : 0x7001    M2M$SYS_CORE_H_PXLS     : 0x7002    M2M$SYS_CORE_V_PXLS     : 0x7003    
M2M$SYS_CORE_H_PLSE     : 0x7004    M2M$SYS_CORE_H_BP       : 0x7005    M2M$SYS_CORE_H_FP       : 0x7006    
M2M$SYS_CORE_V_PLSE     : 0x7007    M2M$SYS_CORE_V_BP       : 0x7008    M2M$SYS_CORE_V_FP       : 0x7009    
M2M$SYS_CORE_H_FREQ     : 0x700A    M2M$CFG_WHS             : 0x1000    M2M$CFG_DIR_START       : 0x0100    
M2M$CFG_CFG_FILE        : 0x0101    M2M$CFG_GENERAL         : 0x0110    M2M$CFG_CORENAME        : 0x0200    
M2M$CFG_OPTM_ITEMS      : 0x0300    M2M$CFG_OPTM_GROUPS     : 0x0301    M2M$CFG_OPTM_STDSEL     : 0x0302    
M2M$CFG_OPTM_LINES      : 0x0303    M2M$CFG_OPTM_START      : 0x0304    M2M$CFG_OPTM_ICOUNT     : 0x0305    
M2M$CFG_OPTM_MOUNT      : 0x0306    M2M$CFG_OPTM_SINGLE     : 0x0307    M2M$CFG_OPTM_MSTR       : 0x0308    
M2M$CFG_OPTM_DIM        : 0x0309    M2M$CFG_OPTM_SSTR       : 0x030A    M2M$CFG_OPTM_HELP       : 0x0310    
M2M$CFG_OPTM_CRTROM     : 0x0311    M2M$CFG_OPTM_CRSTR      : 0x0312    M2M$WHS_PAGES           : 0x7FFF    
M2M$WHS_WELCOME         : 0x0000    M2M$WHS_HELP_INDEX      : 0x0001    M2M$WHS_HELP_NEXT       : 0x0100    
M2M$WHS_PAGE_NEXT       : 0x0001    M2M$SHELL_O_DX          : 0x7000    M2M$SHELL_O_DY          : 0x7001    
M2M$CFG_RP_COUNTER      : 0x7001    M2M$CFG_RP_PAUSE        : 0x7002    M2M$CFG_RP_WELCOME      : 0x7003    
M2M$CFG_RP_WLCM_RST     : 0x7004    M2M$CFG_RP_KB_RST       : 0x7005    M2M$CFG_RP_J1_RST       : 0x7006    
M2M$CFG_RP_J2_RST       : 0x7007    M2M$CFG_RP_KB_OSD       : 0x7008    M2M$CFG_RP_J1_OSD       : 0x7009    
M2M$CFG_RP_J2_OSD       : 0x700A    M2M$CFG_ASCAL_USAGE     : 0x700B    M2M$CFG_ASCAL_MODE      : 0x700C    
M2M$CFG_VD_AT_DELAY     : 0x700D    M2M$CFG_VD_ITERSIZE     : 0x700E    M2M$CFG_SAVEOSDCFG      : 0x700F    
M2M$CFG_AUSE_CFG        : 0x0000    M2M$CFG_AUSE_CUSTOM     : 0x0001    M2M$CFG_AUSE_AUTO       : 0x0002    
VD_NUM                  : 0x7000    VD_DEVICE               : 0x7001    VD_RAM_BUFFERS          : 0x7100    
VD_BUF_SDDIRECT         : 0xAAAA    VD_WIN_CAD              : 0x0000    VD_WIN_DRV              : 0x0001    
VD_IMG_MOUNT            : 0x7000    VD_RO                   : 0x7001    VD_SIZE_L               : 0x7002    
VD_SIZE_H               : 0x7003    VD_TYPE                 : 0x7004    VD_B_ADDR               : 0x7005    
VD_B_DOUT               : 0x7006    VD_B_WREN               : 0x7007    VD_VDNUM                : 0x7008    
VD_BLKSZ                : 0x7009    VD_DRV_MOUNT            : 0x700A    VD_LBA_L                : 0x7000    
VD_LBA_H                : 0x7001    VD_BLKCNT               : 0x7002    VD_BYTES_L              : 0x7003    
VD_BYTES_H              : 0x7004    VD_SIZEB                : 0x7005    VD_4K_WIN               : 0x7006    
VD_4K_OFFS              : 0x7007    VD_RD                   : 0x7008    VD_WR                   : 0x7009    
VD_ACK                  : 0x700A    VD_B_DIN                : 0x700B    VD_CACHE_DIRTY          : 0x700C    
VD_CACHE_FLUSHING       : 0x700D    VD_CACHE_FLUSH_ST       : 0x700E    VD_CACHE_FLUSH_DE       : 0x700F    
CRTROM_MAN_NUM_A        : 0x7000    CRTROM_AUT_NUM_A        : 0x7001    CRTROM_MAN_BUFFERS      : 0x7100    
CRTROM_AUT_BUFFERS      : 0x7200    CRTROM_AUT_FILES        : 0x7300    CRTROM_TYPE_DEVICE      : 0x0000    
CRTROM_TYPE_HYPRAM      : 0x0001    CRTROM_TYPE_SDRAM       : 0x0002    CRTROM_TYPE_MNDTRY      : 0x0003    
CTRROM_TYPE_OPTNL       : 0x0004    CRTROM_CSR_4KWIN        : 0xFFFF    CRTROM_CSR_STATUS       : 0x7000    
CRTROM_CSR_FS_LO        : 0x7001    CRTROM_CSR_FS_HI        : 0x7002    CRTROM_CSR_PARSEST      : 0x7010    
CRTROM_CSR_PARSEE1      : 0x7011    CRTROM_CSR_ADDR_LO      : 0x7012    CRTROM_CSR_ADDR_HI      : 0x7013    
CRTROM_CSR_ERR_STRT     : 0x7100    CRTROM_CSR_ST_IDLE      : 0x0000    CRTROM_CSR_ST_LDNG      : 0x0001    
CRTROM_CSR_ST_ERR       : 0x0002    CRTROM_CSR_ST_OK        : 0x0003    CRTROM_CSR_PT_IDLE      : 0x0000    
CRTROM_CSR_PT_PRSNG     : 0x0001    CRTROM_CSR_PT_OK        : 0x0002    CRTROM_CSR_PT_ERR       : 0x0003    
CTX_MASK_CTX            : 0xFF00    CTX_MASK_PARAM          : 0x00FF    CTX_MOUNT_DISKIMG       : 0x0100    
CTX_LOAD_ROM            : 0x0200    CMSG_BROWSENOTHING      : 0x0001    SDB_MAX_EXT             : 0x0008    
SDB_M_NEXT              : 0x0000    SDB_M_FDH               : 0x0001    SDB_M_TBLK_LO           : 0x0002    
SDB_M_TBLK_HI           : 0x0003    SDB_M_BAIL              : 0x0004    SDB_M_EXT               : 0x0005    
SDB_E_NBLK_LO           : 0x0000    SDB_E_NBLK_HI           : 0x0001    SDB_E_LBA_LO            : 0x0002    
SDB_E_LBA_HI            : 0x0003    SDB_E_SIZE              : 0x0004    SDB_M_SIZE              : 0x0028    
SDB_VD_MAX_N            : 0x0003    SDB_B_OK                : 0x0000    SDB_B_NOMAP             : 0x0001    
SDB_B_NODEV             : 0x0002    SDB_B_NOSPC             : 0x0003    SDB_B_EMPTY             : 0x0004    
SDB_B_BADSTART          : 0x0005    SDB_B_FRAG              : 0x0006    SDB_B_FATERR            : 0x0007    
SDB_B_BADCLUS           : 0x0008    SDB_B_SHORT             : 0x0009    SDB_B_LBA               : 0x000A    
SDB_B_GUARD             : 0x000B    SDB_B_SEEK              : 0x000C    SDB_R_OK                : 0x0000    
SDB_R_SIZE              : 0x0001    SDB_R_ALIGN             : 0x0002    SDB_R_MAP               : 0x0003    
SDB_R_RANGE             : 0x0004    SDB_R_GUARD             : 0x0005    SDB_R_SDERR             : 0x0006    
SDB_EOC_HI              : 0x0FFF    SDB_EOC_LO              : 0xFFF0    

Label-list:
--------------------------------------------------------------------------------------------------------
_MOUNTED                : 0x8016    _T1_L                   : 0x8048    _T1B                    : 0x8057    
_T1B_L                  : 0x8062    _T1B_C                  : 0x807D    _T1B_N                  : 0x8087    
_T2                     : 0x808E    _T2_F1                  : 0x80A1    _T2_P1                  : 0x80A5    
_T2_F2                  : 0x80BB    _T2_P2                  : 0x80BF    _T3_NOMAP               : 0x8117    
_T4                     : 0x811D    _T4_L                   : 0x8136    _T4_N                   : 0x8145    
_T4_D                   : 0x8149    _T5_F                   : 0x817A    _T5_P                   : 0x817E    
_T7B_NO                 : 0x8213    _T7B_D                  : 0x8219    _T8_NOMAP               : 0x826D    
_T8_BAD                 : 0x8275    _T8_D                   : 0x827B    _SUM_F                  : 0x828D    
OPEN                    : 0x8294    _OPEN_R                 : 0x82AC    PRMAP                   : 0x82AE    
PATTERN                 : 0x82DF    _PAT_L                  : 0x82E3    SD2MEM                  : 0x82F0    
_S2M_L                  : 0x82F7    RDSLOW                  : 0x8301    WRSLOW                  : 0x830F    
_WRS_L                  : 0x8319    RDFAST                  : 0x8327    _RDF_NO                 : 0x8340    
_RDF_R                  : 0x8343    WRBLK                   : 0x8345    _WRB_L                  : 0x8361    
_WRB_NO                 : 0x8378    _WRB_R                  : 0x837A    FREAD512                : 0x837C    
_FR5_L                  : 0x8381    _FR5_1                  : 0x8389    CMP512                  : 0x8391    
_C5_L                   : 0x8395    _C5_NE                  : 0x83A1    _C5_R                   : 0x83A4    
CHKBLK                  : 0x83A6    _CB_MAP                 : 0x83B6    _CB_RET                 : 0x83CD    
COPY512                 : 0x83D2    _CP5_L                  : 0x83D7    CHKROM                  : 0x83DE    
_CR_TL                  : 0x8439    _CR_TD                  : 0x8455    _CR_CL                  : 0x8472    
_CR_OK                  : 0x8481    _CR_NO                  : 0x8485    _CR_BAD                 : 0x848B    
_CR_P                   : 0x848F    VERDICT                 : 0x8494    _VD_WANT_OK             : 0x84A0    
_VD_BAD                 : 0x84A4    _VD_OK                  : 0x84B1    _VD_R                   : 0x84B5    
VERDICT0                : 0x84B7    _VD0_OK                 : 0x84CA    _VD0_R                  : 0x84CE    
BUMPFAIL                : 0x84D0    SDB_INVAL_ALL           : 0x84D7    _SDBIA_L                : 0x84DC    
_SDBIA_L2               : 0x84F4    SDB_VDMAP               : 0x84FC    _SDBVM_OK               : 0x8507    
_SDBVM_L                : 0x8509    _SDBVM_D                : 0x8513    SDB_CHECK               : 0x8515    
_SDBC_NO                : 0x8524    _SDBC_R                 : 0x8526    SDB_SDRD                : 0x8528    
SDB_SDWR                : 0x852B    SDB_SDERR               : 0x852E    SDB_GUARD_IN            : 0x8535    
_SDBGI_HAVE             : 0x8549    _SDBGI_CLEAN            : 0x8559    _SDBGI_OK               : 0x855D    
_SDBGI_NO               : 0x8561    _SDBGI_RET              : 0x8563    _SDB_OWNER              : 0x8566    
_SDB_OWN_NO             : 0x857A    _SDB_OWN_R              : 0x857C    SDB_GUARD_OUT           : 0x857E    
_SDBGO_RET              : 0x858A    SDB_GUARD_CLR           : 0x858D    SDB_ORPHAN              : 0x8594    
_SDB_ORPH1              : 0x85A5    _SDB_ORPH_R             : 0x85B1    SDB_B2BLK               : 0x85B4    
SDB_BLK2B               : 0x85C7    SDB_CLULBA              : 0x85D8    _SDBCL_C1               : 0x85E5    
_SDBCL_C2               : 0x85EF    _SDBCL_NO               : 0x8627    _SDBCL_RET              : 0x862B    
SDB_LBA                 : 0x862D    _SDBL_C1                : 0x8644    _SDBL_LOOP              : 0x8647    
_SDBL_HIT               : 0x8656    _SDBL_NEXT              : 0x8663    _SDBL_NO                : 0x866B    
_SDBL_RET               : 0x866D    _SDB_GE32               : 0x866F    _SDB_G32N               : 0x8680    
_SDB_G32Y               : 0x8684    _SDB_G32R               : 0x8686    SDB_MAP_BUILD           : 0x8688    
_SDBMB_C0               : 0x86D6    _SDBMB_C1               : 0x86EC    _SDBMB_EXT              : 0x8700    
_SDBMB_RUN              : 0x8717    _SDBMB_N1               : 0x8740    _SDBMB_N2               : 0x874E    
_SDBMB_BRK              : 0x8766    _SDBMB_LAST             : 0x8782    _SDBMB_OUT              : 0x8796    
_SDBMB_RET              : 0x8798    _SDB_BAIL               : 0x879B    _SDB_EMIT               : 0x87A2    
_SDB_EMIT_R             : 0x87B9    SDB_FAT_NEXT            : 0x87BA    _SDB_FN_RD              : 0x87EC    
_SDB_FN_BUF             : 0x8802    _SDB_FN_SDE             : 0x8828    _SDB_FN_ERR             : 0x882A    
_SDB_FN_RET             : 0x882D    SDB_SD2VD               : 0x882F    _SDB_S2V_L              : 0x8844    
SDB_VD2SD               : 0x8853    _SDB_V2S_L              : 0x8867    SDB_SD2DEV              : 0x8875    
_SDB_S2D_L              : 0x8887    _SDB_S2D_1              : 0x8893    SDB_VD_RDBLK            : 0x8899    
_SDB_VRD_SDE            : 0x88B6    _SDB_VRD_GRD            : 0x88C0    _SDB_VRD_NO             : 0x88C4    
_SDB_VRD_R              : 0x88C7    SDB_VD_RDDONE           : 0x88CD    SDB_VD_WRBLK            : 0x88D0    
_SDB_VWR_SDE            : 0x88F2    _SDB_VWR_GRD            : 0x88FC    _SDB_VWR_NO             : 0x8900    
_SDB_VWR_R              : 0x8903    _SDB_PREP               : 0x8909    _SDB_PREP_NO            : 0x8938    
SDB_FREAD_FAST          : 0x893B    _SDBFF_LOOP             : 0x8978    _SDBFF_SDE              : 0x899A    
_SDBFF_DONE             : 0x899C    _SDBFF_SEEK             : 0x89A7    _SDBFF_REW              : 0x89D0    
_SDBFF_RW1              : 0x89DD    _SDBFF_NO               : 0x89DF    _SDBFF_RET              : 0x89E1    
HANDLE_FILE             : 0x89E3    HANDLE_FILE2            : 0x89EF    F_FREEDOS               : 0x89FB    
F_FRAG3                 : 0x8A08    F_FRAG16                : 0x8A13    F_TESTROM               : 0x8A1F    
F_SMALL                 : 0x8A2C    F_EXACT                 : 0x8A37    S_EMNT                  : 0x8A42    
S_EOPEN                 : 0x8A50    S_OK                    : 0x8A5D    S_FAIL                  : 0x8A62    
S_NOMAP                 : 0x8A68    S_MAPC                  : 0x8A76    S_MAPE                  : 0x8A94    
S_MAPT                  : 0x8A9F    S_MAPL                  : 0x8AA8    S_BLOCKS                : 0x8AAF    
S_PASS                  : 0x8AC1    S_FAILS                 : 0x8AD5    S_SUM                   : 0x8AE8    
S_T1                    : 0x8AF2    S_T1B                   : 0x8B17    S_T2                    : 0x8B35    
S_T2B                   : 0x8B5C    S_T3                    : 0x8B82    S_T3B                   : 0x8BA1    
S_T3C                   : 0x8BC0    S_T4                    : 0x8BDF    S_T5                    : 0x8BFE    
S_T6A                   : 0x8C1D    S_T6B                   : 0x8C40    S_T6C                   : 0x8C62    
S_T7                    : 0x8C8E    S_T7B                   : 0x8CB9    S_T8                    : 0x8CE3    
S_NUL                   : 0x8D17    T1_BLKS                 : 0x8D18    T3_BLK                  : 0x8D3C    
T8_BLKA                 : 0x8D3D    T8_BLKB                 : 0x8D3E    NFAIL                   : 0x8D3F    
HANDLE_DEV              : 0x8D40    CONFIG_DEVH             : 0x8D52    VDRIVES_DEVICE          : 0x8D64    
SDB_VD_MAPS             : 0x8D65    SDB_RM_MAP              : 0x8DDD    SDB_NULL_MAP            : 0x8E05    
SDB_DUMMY_FDH           : 0x8E06    SDB_G_VAL               : 0x8E12    SDB_FF_STAT             : 0x8E13    
SDB_FF_BLKS             : 0x8E14    SDB_RD_STAT             : 0x8E15    SDB_RD_LBA              : 0x8E16    
SDB_DBG_N               : 0x8E18    SDB_DBG_CNT             : 0x8E19    SDB_DBG_ACT             : 0x8E1A    
SDB_DBG_DRV             : 0x8E1B    SDB_DBG_SZ              : 0x8E1C    SDB_DBG_PL              : 0x8E1D    
SDB_DBG_PH              : 0x8E1E    SDB_DBG_T0              : 0x8E1F    SDB_DBG_TE              : 0x8E21    
SDB_SD_T0               : 0x8E23    SDB_SD_LAST             : 0x8E25    SDB_SD_CYC              : 0x8E27    
SDB_SD_N                : 0x8E29    SDB_S_BLEFT             : 0x8E2A    SDB_S_RBLK              : 0x8E2C    
SDB_S_CLU               : 0x8E2E    SDB_S_RSTART            : 0x8E30    SDB_S_NEXT              : 0x8E32    
SDB_S_FCLBA             : 0x8E34    SDB_S_FCVAL             : 0x8E36    BUF_A                   : 0xB000    
BUF_B                   : 0xB200    
