000001                    ; Correctness bench for the SD-direct fast path in M2M/rom/sdblock.asm.
000002                    ;
000003                    ; Runs the REAL firmware routines (sdblock.asm is included verbatim, the few
000004                    ; shell.asm variables it needs come from bench_env.asm) against the REAL
000005                    ; FAT32 library of the QNICE Monitor and compares, byte for byte, what the
000006                    ; fast path delivers with what the original f32_fread path delivers.
000007                    ;
000008                    ; Needs a *writable* image: run.sh points it at sd_rw.img.
000009                    ;
000010                    ; Output is plain text on the emulator console, one line per check, plus a
000011                    ; PASS/FAIL summary at the end.
000012                    
000013                    ;;
000014                    ;; sysdef.asm: This file contains definitions to simplify assembler programming
000015                    ;; and for accessing the various hardware registers via MMIO
000016                    ;;
000017                    ;
000018                    ;***************************************************************************************
000019                    ;* Assembler macros which make life much easier:
000020                    ;***************************************************************************************
000021                    ;
000022                    
000023                    
000024                    
000025                    
000026                    
000027                    ;
000028                    ; Some register short names:
000029                    ;
000030                    
000031                    
000032                    
000033                    
000034                    ;
000035                    ;***************************************************************************************
000036                    ;* IO-page addresses: Default: 8 registers per block
000037                    ;***************************************************************************************
000038                    ;
000039                    IO$AREA_START               .EQU 0xFF00
000040                    ;
000041                    ;---------------------------------------------------------------------------------------
000042                    ; Block FF00: FUNDAMENTAL IO
000043                    ;---------------------------------------------------------------------------------------
000044                    ;
000045                    ; Switch-register:
000046                    ;
000047                    IO$SWITCH_REG               .EQU 0xFF00                      ; 16 binary keys
000048                    ;
000049                    ; Registers for TIL-display:
000050                    ;
000051                    IO$TIL_DISPLAY              .EQU 0xFF01                      ; Address of TIL-display
000052                    IO$TIL_MASK                 .EQU 0xFF02                      ; Mask register of TIL display
000053                    ;
000054                    ; USB-keyboard-registers:
000055                    ;
000056                    IO$KBD_STATE                .EQU 0xFF04                      ; Status register of USB keyboard
000057                    ; Bit 0 (read only): New ASCII character avaiable for reading
000058                    ; (bits 7 downto 0 of Read register)
000059                    ; Bit 1 (read only): New special key available for reading
000060                    ; (bits 15 downto 8 of Read register)
000061                    ; Bits 2..4 (read/write): Locales: 000 = US English keyboard layout,
000062                    ; 001 = German layout, others: reserved for more locales
000063                    ; Bits 5..7 (read only): Modifiers: 5 = shift, 6 = alt, 7 = ctrl
000064                    ; Only valid, when bits 0 and/or 1 are '1'
000065                    ;
000066                    IO$KBD_DATA                 .EQU 0xFF05                      ; Data register of USB keyboard
000067                    ; Contains the ASCII character in bits 7 downto 0 or the special key code
000068                    ; in 15 downto 8. The "or" is meant exclusive, i.e. it cannot happen that
000069                    ; one transmission contains an ASCII character PLUS a special character.
000070                    ;
000071                    ;---------------------------------------------------------------------------------------
000072                    ; Block FF08: SYSTEM COUNTERS
000073                    ;---------------------------------------------------------------------------------------
000074                    ;
000075                    ; CYCLE-COUNT-registers
000076                    ;
000077                    IO$CYC_LO                   .EQU 0xFF08                      ; low word of 48-bit counter
000078                    IO$CYC_MID                  .EQU 0xFF09                      ; middle word of 48-bit counter
000079                    IO$CYC_HI                   .EQU 0xFF0A                      ; high word of 48-bit counter
000080                    IO$CYC_STATE                .EQU 0xFF0B                      ; status register
000081                    ; Bit 0 (write only): Reset counter to zero and start counting, i.e.
000082                    ; bit 1 is automatically set to 1 when resetting
000083                    ; Bit 1 (read/write): Start/stop counter
000084                    ;
000085                    ; INSTRUCTION-COUNT-registers
000086                    ;
000087                    IO$INS_LO                   .EQU 0xFF0C                      ; low word of 48-bit counter
000088                    IO$INS_MID                  .EQU 0xFF0D                      ; middle word of 48-bit counter
000089                    IO$INS_HI                   .EQU 0xFF0E                      ; high word of 48-bit counter
000090                    IO$INS_STATE                .EQU 0xFF0F                      ; status register
000091                    ; Bit 0 (write only): Reset counter to zero and start counting, i.e.
000092                    ; bit 1 is automatically set to 1 when resetting
000093                    ; Bit 1 (read/write): Start/stop counter
000094                    ;
000095                    ;---------------------------------------------------------------------------------------
000096                    ; Block FF10: UART
000097                    ;---------------------------------------------------------------------------------------
000098                    ;
000099                    ; QNICE-FPGA supports: IO$UART_SRA, IO$UART_RHRA and IO$UART_THRA
000100                    ; The other registers are mentioned for completeness to map real hardware (16550)
000101                    ;
000102                    IO$UART_BASE_ADDRESS        .EQU 0xFF10
000103                    IO$UART_MR1A                .EQU 0xFF10                      ; n/a
000104                    IO$UART_MR1B                .EQU 0xFF10                      ; n/a
000105                    IO$UART_SRA                 .EQU 0xFF11                      ; Status register (relative to base address)
000106                    IO$UART_RHRA                .EQU 0xFF12                      ; Receiving register (relative to base address)
000107                    IO$UART_THRA                .EQU 0xFF13                      ; Transmitting register (relative to base address)
000108                    ;
000109                    ;---------------------------------------------------------------------------------------
000110                    ; Block FF18: EAE
000111                    ;---------------------------------------------------------------------------------------
000112                    ;
000113                    ; EAE (Extended Arithmetic Element) registers:
000114                    ;
000115                    IO$EAE_OPERAND_0            .EQU 0xFF18
000116                    IO$EAE_OPERAND_1            .EQU 0xFF19
000117                    IO$EAE_RESULT_LO            .EQU 0xFF1A
000118                    IO$EAE_RESULT_HI            .EQU 0xFF1B
000119                    IO$EAE_CSR                  .EQU 0xFF1C                      ; Command and Status Register
000120                    ;
000121                    ; EAE-Opcodes (CSR): 0x0000 MULU 32-bit result in LO HI
000122                    ; 0x0001 MULS 32-bit result in LO HI
000123                    ; 0x0002 DIVU result in LO, modulo in HI
000124                    ; 0x0003 DIVS result in LO, modulo in HI
000125                    ; Bit 15 of CSR is the busy bit. If it is set, the EAE is still busy crunching numbers.
000126                    ;
000127                    ;---------------------------------------------------------------------------------------
000128                    ; Block FF20: SD CARD
000129                    ;---------------------------------------------------------------------------------------
000130                    ;
000131                    ; SD CARD INTERFACE registers
000132                    ;
000133                    IO$SD_BASE_ADDRESS          .EQU 0xFF20
000134                    IO$SD_ADDR_LO               .EQU 0xFF20                      ; low word of 32bit linear SD card block address
000135                    IO$SD_ADDR_HI               .EQU 0xFF21                      ; high word of 32bit linear SD card block address
000136                    IO$SD_DATA_POS              .EQU 0xFF22 ; "Cursor" to navigate the 512-byte data buffer
000137                    IO$SD_DATA                  .EQU 0xFF23                      ; read/write 1 byte from/to the 512-byte data buffer
000138                    IO$SD_ERROR                 .EQU 0xFF24                      ; error code of last operation (read only)
000139                    IO$SD_CSR                   .EQU 0xFF25                      ; Command and Status Register (write to execute command)
000140                    ;
000141                    ; SD-Opcodes (CSR): 0x0000 Reset SD card
000142                    ; 0x0001 Read 512 bytes from the linear block address
000143                    ; 0x0002 Write 512 bytes to the linear block address
000144                    ; Bits 0 .. 2 are write-only (reading always returns 0)
000145                    ; Bits 13 .. 12 return the card type: 00 = no card / unknown card
000146                    ; 01 = SD V1
000147                    ; 10 = SD V2
000148                    ; 11 = SDHC
000149                    ; Bit 14 of the CSR is the error bit: 1, if the last operation failed. In such
000150                    ; a case, the error code is in IO$SD_ERROR and
000151                    ; you need to reset the controller to go on
000152                    ; Bit 15 of the CSR is the busy bit: 1, if current operation is still running
000153                    ;
000154                    ;---------------------------------------------------------------------------------------
000155                    ; Block FF28: TIMER 0 and 1
000156                    ;---------------------------------------------------------------------------------------
000157                    ;
000158                    ; Interrupt timer: There are two timers capable of generating interrupts.
000159                    ; Each timer is controlled by three 16 bit registers:
000160                    ;
000161                    ; IO$TIMER_x_PRE: The 100 kHz timer clock is divided by the value stored in
000162                    ; this device register. 100 (which corresponds to 0x0064 in
000163                    ; the prescaler register) yields a 1 millisecond pulse which
000164                    ; in turn is fed to the actual counter.
000165                    ; IO$TIMER_x_CNT: When the number of output pulses from the prescaler circuit
000166                    ; equals the number stored in this register, an interrupt will
000167                    ; be generated (if the interrupt address is 0x0000, the
000168                    ; interrupt will be suppressed).
000169                    ; IO$TIMER_x_INT: This register contains the address of the desired interrupt
000170                    ; service routine.
000171                    ;
000172                    IO$TIMER_BASE_ADDRESS       .EQU 0xFF28
000173                    IO$TIMER_0_PRE              .EQU 0xFF28
000174                    IO$TIMER_0_CNT              .EQU 0xFF29
000175                    IO$TIMER_0_INT              .EQU 0xFF2A
000176                    IO$TIMER_1_PRE              .EQU 0xFF2B
000177                    IO$TIMER_1_CNT              .EQU 0xFF2C
000178                    IO$TIMER_1_INT              .EQU 0xFF2D
000179                    ;
000180                    ;---------------------------------------------------------------------------------------
000181                    ; Block FF30: VGA (double block, 16 registers)
000182                    ;---------------------------------------------------------------------------------------
000183                    ;
000184                    VGA$STATE                   .EQU 0xFF30                      ; VGA status register
000185                                                ; Bits 11-10: Hardware scrolling / offset enable: Bit #10 enables the use
000186                                                ; of the offset register #4 (display offset) and bit #11
000187                                                ; enables the use of register #5 (read/write offset).
000188                                                ; Bit 9: Busy: VGA is currently busy, e.g. clearing the screen,
000189                                                ; printing, etc. While busy, commands will be ignored, but
000190                                                ; they can still be written into the registers, though
000191                                                ; Bit 8: Set bit to clear screen. Read bit to find out, if clear
000192                                                ; screen is still active
000193                                                ; Bit 7: VGA enable (1 = on; 0: no VGA signal is generated)
000194                                                ; Bit 6: Hardware cursor enable
000195                                                ; Bit 5: Hardware cursor blink enable
000196                                                ; Bit 4: Hardware cursor mode: 1 - small
000197                                                ; 0 - large
000198                                                ; Bits 2-0: Output color for the whole screen, bits (2, 1, 0) = RGB
000199                    VGA$CR_X                    .EQU 0xFF31                      ; VGA cursor X position
000200                    VGA$CR_Y                    .EQU 0xFF32                      ; VGA cursor Y position
000201                    VGA$CHAR                    .EQU 0xFF33                      ; write: VGA character to be displayed
000202                                                ; read: character "under" the cursor
000203                    VGA$OFFS_DISPLAY            .EQU 0xFF34                      ; Offset in bytes that is used when displaying
000204                                                ; the video RAM. Scrolling forward one line
000205                                                ; means adding 0x50 to this register.
000206                                                ; Only works, if bit #10 in VGA$STATE is set.
000207                    VGA$OFFS_RW                 .EQU 0xFF35                      ; Offset in bytes that is used, when you read
000208                                                ; or write to the video RAM using VGA$CHAR.
000209                                                ; Works independently from VGA$OFFS_DISPLAY.
000210                                                ; Active, when bit #11 in VGA$STATE is set.
000211                    VGA$HDMI_H_MIN              .EQU 0xFF36                      ; HDMI Data Enable: X: minimum valid column
000212                    VGA$HDMI_H_MAX              .EQU 0xFF37                      ; HDMI Data Enable: X: maximum valid column
000213                    VGA$HDMI_V_MAX              .EQU 0xFF38                      ; HDMI Data Enable: Y: maximum row (line)
000214                    ;
000215                    ;---------------------------------------------------------------------------------------
000216                    ; Block FFF0: MEGA65 (double block, 16 registers)
000217                    ;---------------------------------------------------------------------------------------
000218                    ;
000219                    ; HyperRAM
000220                    ;
000221                    IO$M65HRAM_LO               .EQU 0xFFF0                      ; Low word of address (15 downto 0)
000222                    IO$M65HRAM_HI               .EQU 0xFFF1                      ; High word of address (26 downto 16)
000223                    IO$M65HRAM_DATA8            .EQU 0xFFF2                      ; HyperRAM native 8-bit data in/out
000224                    IO$M65HRAM_DATA16           .EQU 0xFFF3                      ; HyperRAM 16-bit data in/out
000225                    
000226                    ;
000227                    ;***************************************************************************************
000228                    ;* Constant definitions
000229                    ;***************************************************************************************
000230                    ;
000231                    
000232                    ; ========== VGA ==========
000233                    
000234                    VGA$MAX_X                   .EQU 79                          ; Max. X-coordinate in decimal!
000235                    VGA$MAX_Y                   .EQU 39                          ; Max. Y-coordinate in decimal!
000236                    VGA$MAX_CHARS               .EQU 3200                        ; 80 * 40 chars
000237                    VGA$CHARS_PER_LINE          .EQU 80
000238                    
000239                    VGA$EN_HW_CURSOR            .EQU 0x0040                      ; Show hardware cursor
000240                    VGA$EN_HW_SCRL              .EQU 0x0C00                      ; Hardware scrolling enable
000241                    VGA$CLR_SCRN                .EQU 0x0100                      ; Clear screen
000242                    VGA$BUSY                    .EQU 0x0200                      ; VGA is currently performing a task
000243                    
000244                    VGA$COLOR_RED               .EQU 0x0004
000245                    VGA$COLOR_GREEN             .EQU 0x0002
000246                    VGA$COLOR_BLUE              .EQU 0x0001
000247                    VGA$COLOR_WHITE             .EQU 0x0007
000248                    
000249                    ; ========== CYCLE COUNTER ==========
000250                    
000251                    CYC$RESET                   .EQU 0x0001                      ; Reset cycle counter
000252                    CYC$RUN                     .EQU 0x0002                      ; Start/stop counter
000253                    
000254                    ; ========== CYCLE COUNTER ==========
000255                    
000256                    INS$RESET                   .EQU 0x0001                      ; Reset instruction counter
000257                    INS$RUN                     .EQU 0x0002                      ; Start/stop counter
000258                    
000259                    ; ========== EAE ==========
000260                    
000261                    EAE$MULU                    .EQU 0x0000                      ; Unsigned 16 bit multiplication
000262                    EAE$MULS                    .EQU 0x0001                      ; Signed 16 bit multiplication
000263                    EAE$DIVU                    .EQU 0x0002                      ; Unsigned 16 bit division with remainder
000264                    EAE$DIVS                    .EQU 0x0003                      ; Signed 16 bit division with remainder
000265                    EAE$BUSY                    .EQU 0x8000                      ; Busy flag (1 = operation still running)
000266                    
000267                    ; ========== SD CARD ==========
000268                    
000269                    SD$CMD_RESET                .EQU 0x0000                      ; Reset SD card
000270                    SD$CMD_READ                 .EQU 0x0001                      ; Read 512 bytes from SD to internal buffer
000271                    SD$CMD_WRITE                .EQU 0x0002                      ; Write 512 bytes from int. buf. to SD
000272                    SD$BIT_ERROR                .EQU 0x4000                      ; Error flag: 1, if last operation failed
000273                    SD$BIT_BUSY                 .EQU 0x8000                      ; Busy flag: 1, if current op. is still running
000274                    SD$TIMEOUT_MID              .EQU 0x0479                      ; equals ~75.000.000 cycles, i.e. 1.5sec @ 50 MHz
000275                    
000276                    SD$ERR_MASK                 .EQU 0x00FF                      ; AND mask for errors: HI byte = state machine info, so mask it for error checks
000277                    SD$ERR_R1_ERROR             .EQU 0x0001                      ; SD Card R1 error (R1 bit 6-0)
000278                    SD$ERR_CRC_OR_TIMEOUT       .EQU 0x0002                      ; Read CRC error or Write Timeout error
000279                    SD$ERR_RESPONSE_TOKEN       .EQU 0x0003                      ; Data Response Token error (Token bit 3)
000280                    SD$ERR_ERROR_TOKEN          .EQU 0x0004                      ; Data Error Token error (Token bit 3-0)
000281                    SD$ERR_WRITE_PROTECT        .EQU 0x0005                      ; SD Card Write Protect switch
000282                    SD$ERR_CARD_UNUSABLE        .EQU 0x0006                      ; Unusable SD card
000283                    SD$ERR_NO_CARD              .EQU 0x0007                      ; No SD card (no response from CMD0)
000284                    SD$ERR_READ_TIMEOUT         .EQU 0x0008 ; Timeout while trying to receive the read start token "FE"
000285                    SD$ERR_READWRITEJAM         .EQU 0xEE21                      ; Trying to write while pending read or trying to read while pending write
000286                    SD$ERR_TIMEOUT              .EQU 0xEEFF                      ; General timeout
000287                    
000288                    SD$CT_SD_V1                 .EQU 0x0001                      ; Card type: SD Version 1
000289                    SD$CT_SD_V2                 .EQU 0x0002                      ; Card type: SD Version 2
000290                    SD$CT_SDHC                  .EQU 0x0003                      ; Card type: SDHC (or SDXC)
000291                    
000292                    ; ========== FAT32 =============
000293                    
000294                    ; FAT32 ERROR CODES
000295                    
000296                    FAT32$ERR_MBR               .EQU 0xEE10                      ; no or illegal Master Boot Record (MBR) found
000297                    FAT32$ERR_PARTITION_NO      .EQU 0xEE11                      ; the partition number needs to be in the range 1 .. 4
000298                    FAT32$ERR_PARTTBL           .EQU 0xEE12                      ; no or illegal partition table entry found (e.g. no FAT32 partition)
000299                    FAT32$ERR_NOTIMPL           .EQU 0xEE13                      ; functionality is not implemented
000300                    FAT32$ERR_SIZE              .EQU 0xEE14                      ; partition size or volume size too large (see doc/constraints.txt)
000301                    FAT32$ERR_NOFAT32           .EQU 0xEE15                      ; illegal volume id (either not 512 bytes per sector, or not 2 FATs or wrong magic)
000302                    FAT32$ERR_ILLEGAL_SIC       .EQU 0xEE16                      ; trying to read/write a sector within a cluster that is out of range
000303                    FAT32$ERR_ILLEGAL_CLUS      .EQU 0xEE17                      ; trying to access an illegal cluster number
000304                    FAT32$ERR_CORRUPT_DH        .EQU 0xEE18                      ; corrupt directory handle (e.g. because current to-be-read offs > sector size)
000305                    FAT32$ERR_DIRNOTFOUND       .EQU 0xEE19                      ; directory not found (illegal path name passed to change directory command)
000306                    FAT32$ERR_FILENOTFOUND      .EQU 0xEE20                      ; file not found
000307                    FAT23$ERR_SEEKTOOLARGE      .EQU 0xEE21                      ; seek position > file size
000308                    
000309                    ; FAT32 STATUS CODES
000310                    
000311                    FAT32$EOF                   .EQU 0xEEEE                      ; end of file reached
000312                    
000313                    ; LAYOUT OF THE MOUNT DATA STRUCTURE (DEVICE HANDLE)
000314                    
000315                    FAT32$DEV_RESET             .EQU 0x0000                      ; pointer to device reset function
000316                    FAT32$DEV_BLOCK_READ        .EQU 0x0001                      ; pointer to 512-byte block read function
000317                    FAT32$DEV_BLOCK_WRITE       .EQU 0x0002                      ; pointer to 512-byte block write function
000318                    FAT32$DEV_BYTE_READ         .EQU 0x0003                      ; pointer to 1-byte read function (within block buffer)
000319                    FAT32$DEV_BYTE_WRITE        .EQU 0x0004                      ; pointer to 1-byte write function (within block buffer)
000320                    FAT32$DEV_PARTITION         .EQU 0x0005                      ; number of partition to be mounted
000321                    FAT32$DEV_FS_LO             .EQU 0x0006                      ; file system start address (LBA): low word
000322                    FAT32$DEV_FS_HI             .EQU 0x0007                      ; file system start address (LBA): high word
000323                    FAT32$DEV_FAT_LO            .EQU 0x0008                      ; fat start address (LBA): low word
000324                    FAT32$DEV_FAT_HI            .EQU 0x0009                      ; fat start address (LBA): high word
000325                    FAT32$DEV_CLUSTER_LO        .EQU 0x000A                      ; cluster start address (LBA): low word
000326                    FAT32$DEV_CLUSTER_HI        .EQU 0x000B                      ; cluster start address (LBA): high word
000327                    FAT32$DEV_SECT_PER_CLUS     .EQU 0x000C                      ; sectors per cluster
000328                    FAT32$DEV_RD_1STCLUS_LO     .EQU 0x000D                      ; root directory first cluster: low word
000329                    FAT32$DEV_RD_1STCLUS_HI     .EQU 0x000E                      ; root directory first cluster: high word
000330                    FAT32$DEV_AD_1STCLUS_LO     .EQU 0x000F                      ; currently active directory first cluster: low word
000331                    FAT32$DEV_AD_1STCLUS_HI     .EQU 0x0010                      ; currently active directory first cluster: high word
000332                    FAT32$DEV_BUFFERED_FDH      .EQU 0x0011                      ; FDH which is responsible for the current 512 byte hardware buffer filling
000333                    
000334                    FAT32$DEV_STRUCT_SIZE       .EQU 0x0012                      ; size (words) of the mount data structure (device handle)
000335                    
000336                    ; LAYOUT OF THE FILE HANDLE AND DIRECTORY HANDLE (FDH)
000337                    
000338                    FAT32$FDH_DEVICE            .EQU 0x0000                      ; pointer to the device handle
000339                    FAT32$FDH_CLUSTER_LO        .EQU 0x0001                      ; current cluster (low word)
000340                    FAT32$FDH_CLUSTER_HI        .EQU 0x0002                      ; current cluster (high word)
000341                    FAT32$FDH_SECTOR            .EQU 0x0003                      ; current sector
000342                    FAT32$FDH_INDEX             .EQU 0x0004                      ; current byte index within current sector
000343                    FAT32$FDH_SIZE_LO           .EQU 0x0005                      ; only if FDH is a file: low word of file size, otherwise undefined
000344                    FAT32$FDH_SIZE_HI           .EQU 0x0006                      ; only if FDH is a file: high word of file size, otherwise undefined
000345                    FAT32$FDH_ACCESS_LO         .EQU 0x0007                      ; only if FDH is a file: low word of already read/written amount of bytes
000346                    FAT32$FDH_ACCESS_HI         .EQU 0x0008                      ; only if FDH is a file: high word of already read/written amount of bytes
000347                    FAT32$FDH_START_CLUS_LO     .EQU 0x0009                      ; only if FDH is a file: start of file: cluster (low word)
000348                    FAT32$FDH_START_CLUS_HI     .EQU 0x000A                      ; only if FDH is a file: start of file: cluster (high word)
000349                    FAT32$FDH_FLAGS             .EQU 0x000B                      ; status flags
000350                    
000351                    FAT32$FDH_STRUCT_SIZE       .EQU 0x000C                      ; size of the directory handle structure
000352                    
000353                    ; Flags used by FAT32$FDH_FLAGS
000354                    
000355                    FAT32$FDHF_DIRTY            .EQU 0x0001                      ; bit 0: sector buffer is dirty due to a write access
000356                    
000357                    ; FILE ATTRIBUTES
000358                    
000359                    FAT32$FA_READ_ONLY          .EQU 0x0001                      ; read only file
000360                    FAT32$FA_HIDDEN             .EQU 0x0002                      ; hidden file
000361                    FAT32$FA_SYSTEM             .EQU 0x0004                      ; system file
000362                    FAT32$FA_VOLUME_ID          .EQU 0x0008                      ; volume id (name of the volume)
000363                    FAT32$FA_DIR                .EQU 0x0010                      ; directory
000364                    FAT32$FA_ARCHIVE            .EQU 0x0020                      ; archive flag
000365                    
000366                    FAT32$FA_DEFAULT            .EQU 0x0035                      ; browse for non hidden files and directories but not for the volume id
000367                    FAT32$FA_ALL                .EQU 0x0037                      ; browse for all files, but not for the volume id
000368                    
000369                    ; LAYOUT OF THE DIRECTORY ENTRY STRUCTURE
000370                    
000371                    FAT32$DE_NAME               .EQU 0x0000                      ; volume, file or directory name, zero terminated (max 256 characters)
000372                    FAT32$DE_ATTRIB             .EQU 0x0101                      ; file attributes (read-only, hidden, system, volume id, directory, archive)
000373                    FAT32$DE_SIZE_LO            .EQU 0x0102                      ; file size: low word
000374                    FAT32$DE_SIZE_HI            .EQU 0x0103                      ; file size: high word
000375                    FAT32$DE_YEAR               .EQU 0x0104                      ; last file write: year (valid range 1980 .. 2107)
000376                    FAT32$DE_MONTH              .EQU 0x0105                      ; last file write: month
000377                    FAT32$DE_DAY                .EQU 0x0106                      ; last file write: day
000378                    FAT32$DE_HOUR               .EQU 0x0107                      ; last file write: hour
000379                    FAT32$DE_MINUTE             .EQU 0x0108                      ; last file write: minute
000380                    FAT32$DE_SECOND             .EQU 0x0109                      ; last file write: second (in 2 second steps, valid range 0 .. 58)
000381                    FAT32$DE_CLUS_LO            .EQU 0x010A                      ; start cluster: low word
000382                    FAT32$DE_CLUS_HI            .EQU 0x010B                      ; start cluster: high word
000383                    
000384                    FAT32$DE_STRUCT_SIZE        .EQU 0x010C                      ; size (words) of the directory entry data structure of the
000385                    
000386                    ; DISPLAY FLAGS FOR FILE ENTRY PRETTY PRINTER
000387                    
000388                    FAT32$PRINT_SHOW_DIR        .EQU 0x0001 ; show "<DIR>" indicator
000389                    FAT32$PRINT_SHOW_ATTRIB     .EQU 0x0002 ; show attributes as "HRSA"
000390                    FAT32$PRINT_SHOW_SIZE       .EQU 0x0004                      ; show file size
000391                    FAT32$PRINT_SHOW_DATE       .EQU 0x0008                      ; show file date as YYYY-MM-DD
000392                    FAT32$PRINT_SHOW_TIME       .EQU 0x0010                      ; show file time as HH:MM
000393                    
000394                    FAT32$PRINT_DEFAULT         .EQU 0x001D                      ; print <DIR> indicator, size, date and time (no attributes)
000395                    FAT32$PRINT_ALL             .EQU 0x001F                      ; print all details
000396                    
000397                    ; ========== KEYBOARD ==========
000398                    
000399                    ; STATUS REGISTER
000400                    
000401                    KBD$NEW_ASCII               .EQU 0x0001                      ; new ascii character available
000402                    KBD$NEW_SPECIAL             .EQU 0x0002                      ; new special key available
000403                    KBD$NEW_ANY                 .EQU 0x0003                      ; any new key available
000404                    
000405                    KBD$ASCII                   .EQU 0x00FF                      ; mask the special keys
000406                    KBD$SPECIAL                 .EQU 0xFF00                      ; mask the ascii keys
000407                    
000408                    KBD$LOCALE                  .EQU 0x001C                      ; bit mask for checking locales
000409                    KBD$LOCALE_US               .EQU 0x0000                      ; default: US keyboard layout
000410                    KBD$LOCALE_DE               .EQU 0x0004                      ; DE: German keyboard layout
000411                    
000412                    KBD$MODIFIERS               .EQU 0x00E0                      ; bit mask for checking modifiers
000413                    KBD$SHIFT                   .EQU 0x0020 ; modifier "SHIFT" pressed
000414                    KBD$ALT                     .EQU 0x0040 ; modifier "ALT" pressed
000415                    KBD$CTRL                    .EQU 0x0080 ; modifier "CTRL" pressed
000416                    
000417                    ; READ REGISTER: COMMON ASCII CODES
000418                    
000419                    KBD$SPACE                   .EQU 0x0020
000420                    KBD$ENTER                   .EQU 0x000D
000421                    KBD$ESC                     .EQU 0x001B
000422                    KBD$TAB                     .EQU 0x0009
000423                    KBD$BACKSPACE               .EQU 0x0008
000424                    
000425                    ; READ REGISTER: SPECIAL KEYS
000426                    
000427                    KBD$F1                      .EQU 0x0100
000428                    KBD$F2                      .EQU 0x0200
000429                    KBD$F3                      .EQU 0x0300
000430                    KBD$F4                      .EQU 0x0400
000431                    KBD$F5                      .EQU 0x0500
000432                    KBD$F6                      .EQU 0x0600
000433                    KBD$F7                      .EQU 0x0700
000434                    KBD$F8                      .EQU 0x0800
000435                    KBD$F9                      .EQU 0x0900
000436                    KBD$F10                     .EQU 0x0A00
000437                    KBD$F11                     .EQU 0x0B00
000438                    KBD$F12                     .EQU 0x0C00
000439                    
000440                    KBD$CUR_UP                  .EQU 0x1000
000441                    KBD$CUR_DOWN                .EQU 0x1100
000442                    KBD$CUR_LEFT                .EQU 0x1200
000443                    KBD$CUR_RIGHT               .EQU 0x1300
000444                    KBD$PG_UP                   .EQU 0x1400
000445                    KBD$PG_DOWN                 .EQU 0x1500
000446                    KBD$HOME                    .EQU 0x1600
000447                    KBD$END                     .EQU 0x1700
000448                    KBD$INS                     .EQU 0x1800
000449                    KBD$DEL                     .EQU 0x1900
000450                    
000451                    ; READ REGISTER: CTRL + character is also mapped to an ASCII code
000452                    
000453                    KBD$CTRL_A                  .EQU 0x0001
000454                    KBD$CTRL_B                  .EQU 0x0002
000455                    KBD$CTRL_C                  .EQU 0x0003
000456                    KBD$CTRL_D                  .EQU 0x0004
000457                    KBD$CTRL_E                  .EQU 0x0005
000458                    KBD$CTRL_F                  .EQU 0x0006
000459                    KBD$CTRL_G                  .EQU 0x0007
000460                    KBD$CTRL_H                  .EQU 0x0008
000461                    KBD$CTRL_I                  .EQU 0x0009
000462                    KBD$CTRL_J                  .EQU 0x000A
000463                    KBD$CTRL_K                  .EQU 0x000B
000464                    KBD$CTRL_L                  .EQU 0x000C
000465                    KBD$CTRL_M                  .EQU 0x000D
000466                    KBD$CTRL_N                  .EQU 0x000E
000467                    KBD$CTRL_O                  .EQU 0x000F
000468                    KBD$CTRL_P                  .EQU 0x0010
000469                    KBD$CTRL_Q                  .EQU 0x0011
000470                    KBD$CTRL_R                  .EQU 0x0012
000471                    KBD$CTRL_S                  .EQU 0x0013
000472                    KBD$CTRL_T                  .EQU 0x0014
000473                    KBD$CTRL_U                  .EQU 0x0015
000474                    KBD$CTRL_V                  .EQU 0x0016
000475                    KBD$CTRL_W                  .EQU 0x0017
000476                    KBD$CTRL_X                  .EQU 0x0018
000477                    KBD$CTRL_Y                  .EQU 0x0019
000478                    KBD$CTRL_Z                  .EQU 0x001A
000479                    
000480                    ;
000481                    ; Useful ASCII constants:
000482                    ;
000483                    CHR$BELL                    .EQU 0x0007                      ; ASCII-BELL character
000484                    CHR$TAB                     .EQU 0x0009                      ; ASCII-TAB character
000485                    CHR$SPACE                   .EQU 0x0020                      ; ASCII-Space
000486                    CHR$CR                      .EQU 0x000d                      ; Carriage return
000487                    CHR$LF                      .EQU 0x000a                      ; Line feed
000488                    ;;
000489                    ;; This is an automatically generated definition file!
000490                    ;; Do NOT change manually!
000491                    ;;
000492                    reset                       .EQU 0x0000
000493                    getc                        .EQU 0x0002
000494                    putc                        .EQU 0x0004
000495                    gets                        .EQU 0x0006
000496                    puts                        .EQU 0x0008
000497                    crlf                        .EQU 0x000A
000498                    til                         .EQU 0x000C
000499                    muls                        .EQU 0x000E
000500                    memset                      .EQU 0x0010
000501                    memcpy                      .EQU 0x0012
000502                    wait                        .EQU 0x0014
000503                    exit                        .EQU 0x0016
000504                    chr2upper                   .EQU 0x0018
000505                    str2upper                   .EQU 0x001A
000506                    strlen                      .EQU 0x001C
000507                    chomp                       .EQU 0x001E
000508                    strcmp                      .EQU 0x0020
000509                    strchr                      .EQU 0x0022
000510                    gethex                      .EQU 0x0024
000511                    puthex                      .EQU 0x0026
000512                    mulu                        .EQU 0x0028
000513                    vga_cls                     .EQU 0x002A
000514                    divu                        .EQU 0x002C
000515                    divs                        .EQU 0x002E
000516                    chr2lower                   .EQU 0x0030
000517                    mulu32                      .EQU 0x0032
000518                    divu32                      .EQU 0x0034
000519                    split                       .EQU 0x0036
000520                    h2dstr                      .EQU 0x0038
000521                    sd_reset                    .EQU 0x003A
000522                    sd_r_block                  .EQU 0x003C
000523                    sd_w_block                  .EQU 0x003E
000524                    sd_r_byte                   .EQU 0x0040
000525                    sd_w_byte                   .EQU 0x0042
000526                    f32_mnt_sd                  .EQU 0x0044
000527                    f32_mnt                     .EQU 0x0046
000528                    f32_od                      .EQU 0x0048
000529                    f32_ld                      .EQU 0x004A
000530                    f32_cd                      .EQU 0x004C
000531                    f32_pd                      .EQU 0x004E
000532                    f32_fopen                   .EQU 0x0050
000533                    f32_fread                   .EQU 0x0052
000534                    f32_fseek                   .EQU 0x0054
000535                    gets_s                      .EQU 0x0056
000536                    gets_slf                    .EQU 0x0058
000537                    vga_init                    .EQU 0x005A
000538                    in_range_u                  .EQU 0x005C
000539                    enter                       .EQU 0x005E
000540                    leave                       .EQU 0x0060
000541                    strcpy                      .EQU 0x0062
000542                    strstr                      .EQU 0x0064
000543                    f32_fwrite                  .EQU 0x0066
000544                    f32_fflush                  .EQU 0x0068
000545                    f32_fclose                  .EQU 0x006A
000546                    strrplchr                   .EQU 0x006C
000547                    ; ****************************************************************************
000548                    ; MiSTer2MEGA65 (M2M) QNICE ROM
000549                    ;
000550                    ; System definition file for registers and MMIO
000551                    ;
000552                    ; done by sy2002 in 2022 and licensed under GPL v3
000553                    ; ****************************************************************************
000554                    
000555                    ; ----------------------------------------------------------------------------
000556                    ; Control and status register
000557                    ; ----------------------------------------------------------------------------
000558                    
000559                    M2M$CSR                     .EQU 0xFFE0
000560                                                ; Bit 0: Reset the MiSTer core
000561                                                ; Bit 1: Pause the MiSTer core
000562                                                ; Bit 2: Show On-Screen-Menu (OSM) as an overlay over core output
000563                                                ; Bit 3: Keyboard connection between M65 keyb. and the core
000564                                                ; Bit 4: Joy. port 1 connection between M65 joy. port and core
000565                                                ; Bit 5: Joy. port 2 connection between M65 joy. port and core
000566                                                ; Bit 6: SD Card: Mode: 0=Auto: SD card automatically switches
000567                                                ; between the internal card (bottom tray) and the external
000568                                                ; card (back slot). The external card has higher precedence.
000569                                                ; Bit 7: SD Card: If Mode=1: 0=force internal / 1=force external
000570                                                ; Bit 8: SD Card: Currently active: 0=internal / 1=external
000571                                                ; Bit 9: SD Card: Internal SD card detected
000572                                                ; Bit 10: SD Card: External SD card detected
000573                                                ; Bit 11: Ascal autoset: If set to 1: M2M$ASCAL_MODE (which is
000574                                                ; controlling QNICE ouput port ascal_mode_o) is automatically
000575                                                ; kept in sync with ascal_mode_i
000576                                                ; Bits 12..15: RESERVED
000577                                                ;
000578                                                ; Bits 8, 9, 10 are read-only
000579                    
000580                    M2M$CSR_RESET               .EQU 0x0001
000581                    M2M$CSR_UN_RESET            .EQU 0xFFFE
000582                    M2M$CSR_PAUSE               .EQU 0x0002
000583                    M2M$CSR_UN_PAUSE            .EQU 0xFFFD
000584                    M2M$CSR_OSM                 .EQU 0x0004
000585                    M2M$CSR_UN_OSM              .EQU 0xFFFB
000586                    M2M$CSR_KBD                 .EQU 0x0008
000587                    M2M$CSR_UN_KBD              .EQU 0xFFF7
000588                    M2M$CSR_JOY1                .EQU 0x0010
000589                    M2M$CSR_UN_JOY1             .EQU 0xFFEF
000590                    M2M$CSR_JOY2                .EQU 0x0020
000591                    M2M$CSR_UN_JOY2             .EQU 0xFFDF
000592                    M2M$CSR_SD_MODE             .EQU 0x0040
000593                    M2M$CSR_UN_SD_MODE          .EQU 0xFFBF
000594                    M2M$CSR_SD_FORCE            .EQU 0x0080
000595                    M2M$CSR_UN_SD_FORCE         .EQU 0xFF7F
000596                    M2M$CSR_SD_ACTIVE           .EQU 0x0100
000597                    M2M$CSR_UN_SD_ACTIVE        .EQU 0xFEFF
000598                    M2M$CSR_SD_DET_INT          .EQU 0x0200
000599                    M2M$CSR_UN_SD_DET_INT       .EQU 0xFDFF
000600                    M2M$CSR_SD_DET_EXT          .EQU 0x0400
000601                    M2M$CSR_UN_SD_DET_EXT       .EQU 0xFBFF
000602                    M2M$CSR_ASCAL_AUTO          .EQU 0x0800
000603                    M2M$CSR_UN_ASCAL_AUTO       .EQU 0xF7FF
000604                    
000605                    M2M$CSR_KBD_JOY             .EQU 0x0038
000606                    M2M$CSR_UN_KBD_JOY          .EQU 0xFFC7
000607                    
000608                    ; ----------------------------------------------------------------------------
000609                    ; VGA and On-Screen-Menu (OSM)
000610                    ; ----------------------------------------------------------------------------
000611                    
000612                    ; All coordinates and sizes in the OSM context are specified in characters
000613                    ; The high-byte of the 16-bit value is always x or dx and the low-byte y or dy
000614                    
000615                    ; When bit 2 of the CSR = 1, then the OSM is shown at the coordinates
000616                    ; and in the size given by these two registers, i.e. these registers are used
000617                    ; by the display hardware
000618                    M2M$OSM_XY                  .EQU 0xFFE1                      ; x|y coordinates
000619                    M2M$OSM_DXDY                .EQU 0xFFE2                      ; dx|dy width and height
000620                    
000621                    ; Screen attributes: Single bits
000622                    M2M$SA_INVERSE              .EQU 0x80
000623                    M2M$SA_DARK                 .EQU 0x40
000624                    M2M$SA_BG_RED               .EQU 0x20
000625                    M2M$SA_BG_GREEN             .EQU 0x10
000626                    M2M$SA_BG_BLUE              .EQU 0x08
000627                    M2M$SA_FG_RED               .EQU 0x04
000628                    M2M$SA_FG_GREEN             .EQU 0x02
000629                    M2M$SA_FG_BLUE              .EQU 0x01
000630                    
000631                    ; Screen attributes: Common bit-combinations
000632                    M2M$SA_COL_STD              .EQU 0x0B                        ; cyan font on blue background
000633                    M2M$SA_COL_STD_INV          .EQU 0x8B                        ; inverse standard
000634                    M2M$SA_COL_TTLE             .EQU 0x0E                        ; Title: Yellow on blue background
000635                    M2M$SA_COL_TTLE_INV         .EQU 0x8E                        ; inverse Title
000636                    M2M$SA_COL_SEL              .EQU 0x0F                        ; selection: white font on blue background
000637                    
000638                    ; Special characters in font Anikki-16x16
000639                    M2M$FC_TL                   .EQU 201                         ; fat top/left corner
000640                    M2M$FC_SH                   .EQU 205                         ; fat straight horizontal
000641                    M2M$FC_TR                   .EQU 187                         ; fat top/right corner
000642                    M2M$FC_SV                   .EQU 186                         ; fat straight vertical
000643                    M2M$FC_BL                   .EQU 200                         ; fat bottom/left corner
000644                    M2M$FC_BR                   .EQU 188                         ; fat bottom/right corner
000645                    M2M$FC_HE_LEFT              .EQU 185                         ; fat straight horiz. line ends: left part
000646                    M2M$FC_HE_RIGHT             .EQU 204                         ; fat straight horiz. line ends: right part
000647                    M2M$NC_SH                   .EQU 196                         ; normal straight horizontal
000648                    M2M$NC_VE_LEFT              .EQU 199                         ; normal vertical line end: left part
000649                    M2M$NC_VE_RIGHT             .EQU 182                         ; normal vertical line end: right part
000650                    M2M$DIR_L                   .EQU 17                          ; left char for displaying a directory
000651                    M2M$DIR_R                   .EQU 16                          ; right char for displaying a directory
000652                    M2M$OPT_SEL_MULTI           .EQU 7                           ; selection char for options menu: multi-sel.
000653                    M2M$OPT_SEL_SINGLE          .EQU 61                          ; ditto for single select
000654                    M2M$LD_PROGRESS             .EQU 254                         ; character used for progress bar
000655                    M2M$LD_SPACE                .EQU 32                          ; space character
000656                    
000657                    ; ----------------------------------------------------------------------------
000658                    ; HDMI: Avalon Scaler (ascal.vhd)
000659                    ; ----------------------------------------------------------------------------
000660                    
000661                    M2M$ASCAL_MODE              .EQU 0xFFE3                      ; ascal mode register
000662                                                ; this reg. is read-only if CSR bit 11 = 1
000663                    
000664                    ; ascal mode: bits 2 downto 0
000665                    M2M$ASCAL_NEAREST           .EQU 0x0000                      ; Nearest neighbor
000666                    M2M$ASCAL_BILINEAR          .EQU 0x0001                      ; Bilinear
000667                    M2M$ASCAL_SBILINEAR         .EQU 0x0002                      ; Sharp Bilinear
000668                    M2M$ASCAL_BICUBIC           .EQU 0x0003                      ; Bicubic
000669                    M2M$ASCAL_POLYPHASE         .EQU 0x0004                      ; Polyphase filter (used for CRT emulation)
000670                    
000671                    ; ascal Polyphase addresses
000672                    M2M$ASCAL_PP_HORIZ          .EQU 0x0000
000673                    M2M$ASCAL_PP_VERT           .EQU 0x0100
000674                    
000675                    ; ascal mode: bits 3 and 4
000676                    M2M$ASCAL_TRIPLEBUF         .EQU 0x0008                      ; Activate triple-buffering
000677                    M2M$ASCAL_RESERVED          .EQU 0x0010                      ; reserved (see ascal.vhd)
000678                    
000679                    ; ----------------------------------------------------------------------------
000680                    ; Special-purpose and general-purpose 16-bit input flags
000681                    ; Read-only; direct pass through from SOC inputs, not buffered in a register.
000682                    ; (Currently reserved and not used, yet)
000683                    ; ----------------------------------------------------------------------------
000684                    
000685                    ; special-purpose register that gets its semantics via the Shell firmware
000686                    M2M$SPECIAL                 .EQU 0xFFE4
000687                    
000688                    ; general-purpose register, can be freely used and is not used by the Shell
000689                    M2M$GENERAL                 .EQU 0xFFE5
000690                    
000691                    ; ----------------------------------------------------------------------------
000692                    ; Keyboard for the framework (independent from the keyboard of the core)
000693                    ; ----------------------------------------------------------------------------
000694                    
000695                    ; Low active realtime snapshot of the currently pressed keys (read-only)
000696                    ; (MMIO "qnice_keys_o" register of m2m_keys.vhd)
000697                    M2M$KEYBOARD                .EQU 0xFFE8
000698                    
000699                    ; Typematic delay (DLY) and typematic repeat (SPD)
000700                    ; DLY: How long needs the key to be pressed, until the typematic repeat starts
000701                    ; SPD: How fast will the pressed key be repeated
000702                    ; IMPORTANT: These values are empiric and relative to QNICE V1.61
000703                    M2M$TYPEMATIC_DLY           .EQU 0x8000                      ; ~0.5sec in QNICE V1.61
000704                    M2M$TYPEMATIC_SPD           .EQU 0x1000                      ; ~12 per sec
000705                    
000706                    ; Definition of the bits in M2M$KEYBOARD
000707                    M2M$KEY_UP                  .EQU 0x0001
000708                    M2M$KEY_DOWN                .EQU 0x0002
000709                    M2M$KEY_LEFT                .EQU 0x0004
000710                    M2M$KEY_RIGHT               .EQU 0x0008
000711                    M2M$KEY_RETURN              .EQU 0x0010
000712                    M2M$KEY_SPACE               .EQU 0x0020
000713                    M2M$KEY_RUNSTOP             .EQU 0x0040
000714                    M2M$KEY_HELP                .EQU 0x0080
000715                    M2M$KEY_F1                  .EQU 0x0100
000716                    M2M$KEY_F3                  .EQU 0x0200
000717                    
000718                    ; ----------------------------------------------------------------------------
000719                    ; 256-bit General purpose control flags
000720                    ; ----------------------------------------------------------------------------
000721                    
000722                    ; 256-bit directly controled by the programmer (not used by the Shell)
000723                    ; Select a window between 0 and 15 in M2M$CFD_ADDR and access the control
000724                    ; flags sliced into 16-bit chunks via M2M$CFD_DATA
000725                    ; exposed by QNICE via control_d_o
000726                    M2M$CFD_ADDR                .EQU 0xFFF0
000727                    M2M$CFD_DATA                .EQU 0xFFF1
000728                    
000729                    ; 256-bit controled by the Shell via the options menu, i.e. the menu that
000730                    ; opens when the core is running and the user presses "Help" on the keyboard:
000731                    ; the bit order is: bit 0 = topmost menu entry, the mapping is 1-to-1 to
000732                    ; OPTM_ITEMS / OPTM_GROUPS in config.vhd
000733                    ; exposed by QNICE via control_m_o; M2M$CFM_ADDR runs from 0 to 15
000734                    M2M$CFM_ADDR                .EQU 0xFFF2
000735                    M2M$CFM_DATA                .EQU 0xFFF3
000736                    
000737                    ; ----------------------------------------------------------------------------
000738                    ; MMIO 4k-segmented access to RAMs, ROMs and similarily behaving devices
000739                    ; ----------------------------------------------------------------------------
000740                    
000741                    M2M$RAMROM_DEV              .EQU 0xFFF4
000742                                                ; Devices 0x0000 .. 0x00FF: RESERVED (see below)
000743                                                ; Devices 0x0100 .. 0xFFFF: Free to be used for any RAM, ROM or device
000744                                                ; that behaves like a RAM or ROM from the
000745                                                ; perspective of QNICE
000746                    
000747                    M2M$VRAM_DATA               .EQU 0x0000                      ; Device for VRAM: Data
000748                    M2M$VRAM_ATTR               .EQU 0x0001                      ; Device for VRAM: Attributes
000749                    M2M$CONFIG                  .EQU 0x0002                      ; Static Shell config data (config.vhd)
000750                    M2M$ASCAL_PPHASE            .EQU 0x0003                      ; ascal.vhd Polyphase filter RAM
000751                    M2M$HYPERRAM                .EQU 0x0004                      ; Device for the built-in 8MB of HyperRAM
000752                    M2M$SDRAM                   .EQU 0x0005                      ; @TODO/RESERVED for future R4 boards
000753                    
000754                    M2M$SYS_INFO                .EQU 0x00FF                      ; Device for System Info
000755                    
000756                    M2M$RAMROM_4KWIN            .EQU 0xFFF5                      ; 4k window selector
000757                    M2M$RAMROM_DATA             .EQU 0x7000                      ; 4k MMIO window to read/write
000758                    
000759                    ; ----------------------------------------------------------------------------
000760                    ; Sysinfo device: Selectors and addresses
000761                    ; ----------------------------------------------------------------------------
000762                    
000763                    ; Selectors (4k windows)
000764                    M2M$SYS_VDRIVES             .EQU 0x0000                      ; vdrives constants (globals.vhd)
000765                    M2M$SYS_VGA                 .EQU 0x0010                      ; gfx adaptor 0: VGA
000766                    M2M$SYS_HDMI                .EQU 0x0011                      ; gfx adaptor 1: HDMI
000767                    M2M$SYS_CRTSANDROMS         .EQU 0x0020                      ; sim. CRTs. & ROMs (globals.vhd)
000768                    M2M$SYS_CORE                .EQU 0x0030                      ; info about the MiSTer core
000769                    
000770                    ; The following read-only registers are meant to be used by the QNICE
000771                    ; firmware. They enable the ability to specify the hardware screen resolution
000772                    ; in characters as well as the start coordinates and size of the main screen.
000773                    ; The position and size of the option menu is deducted.
000774                    M2M$SYS_DXDY                .EQU 0x7000
000775                    M2M$SHELL_M_XY              .EQU 0x7001                      ; main screen: x|y start coordinates
000776                    M2M$SHELL_M_DXDY            .EQU 0x7002                      ; main screen: dx|dy width and height
000777                    
000778                    ; M2M$SYS_CORE registers: measurement from ASCAL
000779                    M2M$SYS_CORE_X              .EQU 0x7000                      ; visible dx measurement from ASCAL
000780                    M2M$SYS_CORE_Y              .EQU 0x7001                      ; visible dy measurement from ASCAL
000781                    
000782                    ; M2M$SYS_CORE registers: measurement from M2M component
000783                    M2M$SYS_CORE_H_PXLS         .EQU 0x7002                      ; visible dx
000784                    M2M$SYS_CORE_V_PXLS         .EQU 0x7003                      ; visible dy
000785                    M2M$SYS_CORE_H_PLSE         .EQU 0x7004                      ; horizontal pulse
000786                    M2M$SYS_CORE_H_BP           .EQU 0x7005                      ; horizontal back porch
000787                    M2M$SYS_CORE_H_FP           .EQU 0x7006                      ; horizontal front porch
000788                    M2M$SYS_CORE_V_PLSE         .EQU 0x7007                      ; vertical pulse
000789                    M2M$SYS_CORE_V_BP           .EQU 0x7008                      ; vertical back porch
000790                    M2M$SYS_CORE_V_FP           .EQU 0x7009                      ; vertical front porch
000791                    M2M$SYS_CORE_H_FREQ         .EQU 0x700A                      ; horizontal frequency in Hz
000792                    
000793                    ; ----------------------------------------------------------------------------
000794                    ; Static Shell configuration data (config.vhd): Selectors and addresses
000795                    ; ----------------------------------------------------------------------------
000796                    
000797                    ; Selectors (4k windows)
000798                    
000799                    M2M$CFG_WHS                 .EQU 0x1000                      ; Welcome & Help screens
000800                    M2M$CFG_DIR_START           .EQU 0x0100                      ; Start folder for file browser
000801                    M2M$CFG_CFG_FILE            .EQU 0x0101                      ; Config file for OSM persistence
000802                    M2M$CFG_GENERAL             .EQU 0x0110                      ; General configuration settings
000803                    M2M$CFG_CORENAME            .EQU 0x0200                      ; String: name and version of core
000804                    
000805                    M2M$CFG_OPTM_ITEMS          .EQU 0x0300 ; "Help" menu / Options menu items
000806                    M2M$CFG_OPTM_GROUPS         .EQU 0x0301                      ; Menu groups
000807                    M2M$CFG_OPTM_STDSEL         .EQU 0x0302                      ; Menu items that are selected by default
000808                    M2M$CFG_OPTM_LINES          .EQU 0x0303                      ; Separator lines
000809                    M2M$CFG_OPTM_START          .EQU 0x0304                      ; Position of very first cursor pos
000810                    M2M$CFG_OPTM_ICOUNT         .EQU 0x0305                      ; Amount of menu items
000811                    M2M$CFG_OPTM_MOUNT          .EQU 0x0306                      ; Menu item = mount a drive
000812                    M2M$CFG_OPTM_SINGLE         .EQU 0x0307                      ; Single-select menu item
000813                    M2M$CFG_OPTM_MSTR           .EQU 0x0308                      ; Mount string to display instead of %s
000814                    M2M$CFG_OPTM_DIM            .EQU 0x0309                      ; DX and DY of Options/Help menu
000815                    M2M$CFG_OPTM_SSTR           .EQU 0x030A                      ; Saving string to display instead of %s
000816                    M2M$CFG_OPTM_HELP           .EQU 0x0310                      ; Menu item = show a help menu
000817                    M2M$CFG_OPTM_CRTROM         .EQU 0x0311                      ; Menu item = manually load CRT/ROM
000818                    M2M$CFG_OPTM_CRSTR          .EQU 0x0312                      ; CRT/ROM load str. to show instead of %s
000819                    
000820                    ; M2M$CFG_WHS
000821                    
000822                    M2M$WHS_PAGES               .EQU 0x7FFF                      ; Amount of pages in current WHS element
000823                    M2M$WHS_WELCOME             .EQU 0x0000                      ; WHS array element: Welcome page
000824                    M2M$WHS_HELP_INDEX          .EQU 0x0001                      ; WHS array: Help pages start with index 1
000825                    M2M$WHS_HELP_NEXT           .EQU 0x0100                      ; WHS array element: Next help structure
000826                    M2M$WHS_PAGE_NEXT           .EQU 0x0001                      ; WHS array element: Next page / prev page
000827                    
000828                    ; M2M$CFG_OPTM_DIM: Addresses
000829                    
000830                    M2M$SHELL_O_DX              .EQU 0x7000                      ; Width of Help/Options menu
000831                    M2M$SHELL_O_DY              .EQU 0x7001                      ; Height of Help/Options menu
000832                    
000833                    ; M2M$CFG_GENERAL Addresses
000834                    
000835                    M2M$CFG_RP_COUNTER          .EQU 0x7001 ; keep reset for a "QNICE loop while"
000836                    M2M$CFG_RP_PAUSE            .EQU 0x7002                      ; pause core when any OSD opens
000837                    M2M$CFG_RP_WELCOME          .EQU 0x7003                      ; show the welcome screen in general
000838                    M2M$CFG_RP_WLCM_RST         .EQU 0x7004                      ; show welcome screen after reset
000839                    M2M$CFG_RP_KB_RST           .EQU 0x7005                      ; connect the keyboard at reset
000840                    M2M$CFG_RP_J1_RST           .EQU 0x7006                      ; connect the joystick 1 at reset
000841                    M2M$CFG_RP_J2_RST           .EQU 0x7007                      ; connect the joystick 2 at reset
000842                    M2M$CFG_RP_KB_OSD           .EQU 0x7008                      ; connect the keyboard at OSD
000843                    M2M$CFG_RP_J1_OSD           .EQU 0x7009                      ; connect the joystick 1 at OSD
000844                    M2M$CFG_RP_J2_OSD           .EQU 0x700A                      ; connect the joystick 2 at OSD
000845                    
000846                    M2M$CFG_ASCAL_USAGE         .EQU 0x700B                      ; firmware treatment of ascal mode
000847                    M2M$CFG_ASCAL_MODE          .EQU 0x700C                      ; hardcoded ascal mode, if applicable
000848                    
000849                    M2M$CFG_VD_AT_DELAY         .EQU 0x700D                      ; Anti-Thrashing delay (virtual drives)
000850                    M2M$CFG_VD_ITERSIZE         .EQU 0x700E                      ; Bytes that are saving per flushing-iter.
000851                    
000852                    M2M$CFG_SAVEOSDCFG          .EQU 0x700F                      ; Remember on-screen-menu settings
000853                    
000854                    ; M2M$CFG_ASCAL_USAGE modes
000855                    M2M$CFG_AUSE_CFG            .EQU 0x0000                      ; use ASCAL_MODE from config.vhd
000856                    M2M$CFG_AUSE_CUSTOM         .EQU 0x0001                      ; controlled via custom QNICE assembly
000857                    M2M$CFG_AUSE_AUTO           .EQU 0x0002                      ; auto-sync via M2M$CFG_ASCAL_USAGE
000858                    
000859                    ; ----------------------------------------------------------------------------
000860                    ; Virtual Drives Device for MiSTer "SD" interface (vdrives.vhd)
000861                    ; ----------------------------------------------------------------------------
000862                    
000863                    ; sysinfo addresses (data is configured by the user in globals.vhd)
000864                    VD_NUM                      .EQU 0x7000                      ; amount of virtual drives
000865                    VD_DEVICE                   .EQU 0x7001                      ; address of the vdrives.vhd device
000866                    VD_RAM_BUFFERS              .EQU 0x7100                      ; array of RAM buffers to store dsk images
000867                    VD_BUF_SDDIRECT             .EQU 0xAAAA ; "buffer" value: no RAM buffer, the image
000868                                                ; stays on the SD card and blocks are
000869                                                ; transferred on request (see shell.asm)
000870                    
000871                    ; window selectors for vdrives.vhd
000872                    VD_WIN_CAD                  .EQU 0x0000                      ; control and data registers
000873                    VD_WIN_DRV                  .EQU 0x0001                      ; drive 0, next window = drive 1, ...
000874                    
000875                    ; VD_WIN_CAD: control and data registers
000876                    VD_IMG_MOUNT                .EQU 0x7000                      ; image mounted, lowest bit = drive 0
000877                    VD_RO                       .EQU 0x7001                      ; read-only for currently mounted drive
000878                    VD_SIZE_L                   .EQU 0x7002                      ; image file size, low word
000879                    VD_SIZE_H                   .EQU 0x7003                      ; image file size, high word
000880                    VD_TYPE                     .EQU 0x7004                      ; image file type (2-bit value)
000881                    VD_B_ADDR                   .EQU 0x7005                      ; drive buffer: address
000882                    VD_B_DOUT                   .EQU 0x7006                      ; drive buffer: data out (to drive)
000883                    VD_B_WREN                   .EQU 0x7007                      ; drive buffer: write enable (also needs ack)
000884                    VD_VDNUM                    .EQU 0x7008                      ; number of virtual drives
000885                    VD_BLKSZ                    .EQU 0x7009                      ; block size for LBA in bytes
000886                    VD_DRV_MOUNT                .EQU 0x700A                      ; drive mounted, lowest bit = drive 0
000887                    
000888                    ; VD_WIN_DRV (and onwards): virtual drive specific registers
000889                    VD_LBA_L                    .EQU 0x7000                      ; SD LBA low word
000890                    VD_LBA_H                    .EQU 0x7001                      ; SD LBA high word
000891                    VD_BLKCNT                   .EQU 0x7002                      ; SD block count
000892                    VD_BYTES_L                  .EQU 0x7003                      ; SD block address in bytes: low word
000893                    VD_BYTES_H                  .EQU 0x7004                      ; SD block address in bytes: high word
000894                    VD_SIZEB                    .EQU 0x7005                      ; SD block data amount in bytes
000895                    VD_4K_WIN                   .EQU 0x7006                      ; SD block address in 4k win logic: window
000896                    VD_4K_OFFS                  .EQU 0x7007                      ; SD block address in 4k win logic: offset
000897                    VD_RD                       .EQU 0x7008                      ; SD read request
000898                    VD_WR                       .EQU 0x7009                      ; SD write request
000899                    VD_ACK                      .EQU 0x700A                      ; SD acknowledge
000900                    VD_B_DIN                    .EQU 0x700B                      ; drive buffer: data in (from drive)
000901                    VD_CACHE_DIRTY              .EQU 0x700C                      ; cache dirty flag
000902                    VD_CACHE_FLUSHING           .EQU 0x700D                      ; cache flushing flag
000903                    VD_CACHE_FLUSH_ST           .EQU 0x700E                      ; cache flushing can start now
000904                    VD_CACHE_FLUSH_DE           .EQU 0x700F                      ; delay in ms between VD_WR and FLUSH_ST
000905                    
000906                    ; ----------------------------------------------------------------------------
000907                    ; Automatically and manually loadable cartridges and ROMs
000908                    ; ----------------------------------------------------------------------------
000909                    
000910                    ; sysinfo addresses (data is configured by the user in globals.vhd)
000911                    CRTROM_MAN_NUM_A            .EQU 0x7000                      ; amount of manually loadable CRTs/ROMs
000912                    CRTROM_AUT_NUM_A            .EQU 0x7001                      ; amount of automatically loadable ROMs
000913                    CRTROM_MAN_BUFFERS          .EQU 0x7100                      ; array of records: manually loadable
000914                    CRTROM_AUT_BUFFERS          .EQU 0x7200                      ; array of records: automatically loadable
000915                    CRTROM_AUT_FILES            .EQU 0x7300                      ; auto-load filesnames
000916                    
000917                    ; Type of byte streaming device for receiving the CRT/ROM data
000918                    CRTROM_TYPE_DEVICE          .EQU 0x0000                      ; any QNICE compatible device
000919                    CRTROM_TYPE_HYPRAM          .EQU 0x0001                      ; HyperRAM
000920                    CRTROM_TYPE_SDRAM           .EQU 0x0002                      ; @TODO/RESERVED for future R4 boards
000921                    CRTROM_TYPE_MNDTRY          .EQU 0x0003                      ; mandatory ROM
000922                    CTRROM_TYPE_OPTNL           .EQU 0x0004                      ; optional ROM
000923                    
000924                    ; Control and status registers of a CRT/ROM device
000925                    CRTROM_CSR_4KWIN            .EQU 0xFFFF                      ; 4K window in the device addr. space
000926                    
000927                    CRTROM_CSR_STATUS           .EQU 0x7000                      ; QNICE to device: load status (see below)
000928                    CRTROM_CSR_FS_LO            .EQU 0x7001                      ; filesize of CRT/ROM: low word
000929                    CRTROM_CSR_FS_HI            .EQU 0x7002                      ; filesize of CRT/ROM: high word
000930                    CRTROM_CSR_PARSEST          .EQU 0x7010                      ; device to QNICE: parse status
000931                    CRTROM_CSR_PARSEE1          .EQU 0x7011                      ; device to QNICE: error code
000932                    CRTROM_CSR_ADDR_LO          .EQU 0x7012                      ; device to QNICE: load address low word
000933                    CRTROM_CSR_ADDR_HI          .EQU 0x7013                      ; device to QNICE: load address high word
000934                    CRTROM_CSR_ERR_STRT         .EQU 0x7100                      ; device to QNICE: status string
000935                    
000936                    ; QNICE to device: CRT/ROM load status
000937                    CRTROM_CSR_ST_IDLE          .EQU 0x0000                      ; device is initialized, no loading
000938                    CRTROM_CSR_ST_LDNG          .EQU 0x0001                      ; loading takes place
000939                    CRTROM_CSR_ST_ERR           .EQU 0x0002                      ; loading failed
000940                    CRTROM_CSR_ST_OK            .EQU 0x0003                      ; loading successful
000941                    
000942                    ; Device to QNICE: Parsing status
000943                    CRTROM_CSR_PT_IDLE          .EQU 0x0000                      ; parser is idle
000944                    CRTROM_CSR_PT_PRSNG         .EQU 0x0001                      ; parser is parsing
000945                    CRTROM_CSR_PT_OK            .EQU 0x0002                      ; parsing successful
000946                    CRTROM_CSR_PT_ERR           .EQU 0x0003                      ; parsing error
000947                    
000948                    ; ----------------------------------------------------------------------------
000949                    ; Situation and context identifiers for custom messages
000950                    ; ----------------------------------------------------------------------------
000951                    
000952                    CTX_MASK_CTX                .EQU 0xFF00                      ; used to mask out the lower byte
000953                    CTX_MASK_PARAM              .EQU 0x00FF                      ; used to mask out the higher byte
000954                    
000955                    ; Trying to mount a disk or a rom image. The lower byte contains the
000956                    ; core-specific disk or rom image type and core specific code can use this
000957                    ; to filter for the right types and to output context-sensitive messages
000958                    CTX_MOUNT_DISKIMG           .EQU 0x0100                      ; trying to mount a disk image
000959                    CTX_LOAD_ROM                .EQU 0x0200                      ; trying to mount a rom image
000960                    
000961                    ; The filter function returned an empty linked list. This happens when there
000962                    ; is no file that fits the criteria in the root folder and additionally the
000963                    ; root folder has no sub-directory
000964                    CMSG_BROWSENOTHING          .EQU 0x0001
000965                    
000966                                                .ORG 0x8000
000967  8000  0FB4  FEE0                              MOVE 0xFEE0, R13
000968                    
000969                                                ; ---- mount the SD card
000970  8002  0FA0  8C8E                              MOVE HANDLE_DEV, R8
000971  8004  0FA4  0001                              MOVE 1, R9
000972  8006  FF90  0044                              ASUB f32_mnt_sd, 1
000973  8008  CFA4  0000                              CMP 0, R9
000974  800A  FFA3  000A                              RBRA _MOUNTED, Z
000975  800C  0FA0  89C6                              MOVE S_EMNT, R8
000976  800E  FF90  0008                              ASUB puts, 1
000977  8010  0920                                    MOVE R9, R8
000978  8011  FF90  0026                              ASUB puthex, 1
000979  8013  FF90  000A                              ASUB crlf, 1
000980  8015  E000                                    HALT
000981                    
000982                    ; ============================================================================
000983                    ; Test 1: the 42 MB, contiguous image file
000984                    ; ============================================================================
000985  8016  0FA0  8A76  _MOUNTED                    MOVE S_T1, R8
000986  8018  FF90  0008                              ASUB puts, 1
000987  801A  0FA0  897F                              MOVE F_FREEDOS, R8
000988  801C  FFB0  0214                              RSUB OPEN, 1
000989                    
000990                                                ; the one-off mount time cost: walking 1344 cluster chain
000991                                                ; entries, in emulator instructions
000992  801E  0FA0  FF0B                              MOVE IO$CYC_STATE, R8
000993  8020  0FA1  0001                              MOVE 1, @R8
000994  8022  0FA0  FF08                              MOVE IO$CYC_LO, R8
000995  8024  0850                                    MOVE @R8, R4
000996  8025  0FA0  FF09                              MOVE IO$CYC_MID, R8
000997  8027  0854                                    MOVE @R8, R5
000998  8028  0FA0  8967                              MOVE HANDLE_FILE, R8
000999  802A  0FA4  8CB3                              MOVE SDB_VD_MAPS, R9
001000  802C  FFB0  060C                              RSUB SDB_MAP_BUILD, 1
001001  802E  0FA0  FF08                              MOVE IO$CYC_LO, R8
001002  8030  0858                                    MOVE @R8, R6
001003  8031  0FA0  FF09                              MOVE IO$CYC_MID, R8
001004  8033  085C                                    MOVE @R8, R7
001005  8034  3418                                    SUB R4, R6
001006  8035  451C                                    SUBC R5, R7
001007  8036  0FA0  89FA                              MOVE S_MAPC, R8
001008  8038  FF90  0008                              ASUB puts, 1
001009  803A  0720                                    MOVE R7, R8
001010  803B  FF90  0026                              ASUB puthex, 1
001011  803D  0620                                    MOVE R6, R8
001012  803E  FF90  0026                              ASUB puthex, 1
001013  8040  FF90  000A                              ASUB crlf, 1
001014                    
001015  8042  0FA0  8CB3                              MOVE SDB_VD_MAPS, R8
001016  8044  FFB0  0206                              RSUB PRMAP, 1
001017                    
001018                                                ; blocks to check: first, second, around the 64 sector
001019                                                ; cluster boundary, a marker block, the last one, and two
001020                                                ; blocks past the end of the file
001021  8046  0F80  8C68                              MOVE T1_BLKS, R0
001022  8048  00A4        _T1_L                       MOVE @R0++, R9                   ; block index lo
001023  8049  00A8                                    MOVE @R0++, R10                  ; block index hi
001024  804A  00AC                                    MOVE @R0++, R11                  ; expectation: 0=ok 1=nomap
001025  804B  CFAC  FFFF                              CMP 0xFFFF, R11
001026  804D  FFA3  0008                              RBRA _T1B, Z
001027  804F  0FA0  8967                              MOVE HANDLE_FILE, R8
001028  8051  FFB0  02F1                              RSUB CHKBLK, 1
001029  8053  FFB0  03DD                              RSUB VERDICT, 1
001030  8055  FFA0  FFF1                              RBRA _T1_L, 1
001031                    
001032                                                ; and 16 pseudo random blocks spread over the whole image
001033  8057  0FA0  8A9B  _T1B                        MOVE S_T1B, R8
001034  8059  FF90  0008                              ASUB puts, 1
001035  805B  0F80  0010                              MOVE 16, R0                      ; R0: blocks still to check
001036  805D  0F84  1234                              MOVE 0x1234, R1                  ; R1/R2: LCG state
001037  805F  0F88  5678                              MOVE 0x5678, R2
001038  8061  B30C                                    XOR R3, R3                       ; R3: amount of bad blocks
001039  8062  0FA0  4E6D  _T1B_L                      MOVE 0x4E6D, R8                  ; state = state * 0x41C64E6D
001040  8064  0FA4  41C6                              MOVE 0x41C6, R9                  ; .. + 12345 (the classic one)
001041  8066  0128                                    MOVE R1, R10
001042  8067  022C                                    MOVE R2, R11
001043  8068  FF90  0032                              ASUB mulu32, 1
001044  806A  1FA0  3039                              ADD 0x3039, R8
001045  806C  2FA4  0000                              ADDC 0, R9
001046  806E  0804                                    MOVE R8, R1
001047  806F  0908                                    MOVE R9, R2
001048  8070  0228                                    MOVE R2, R10                     ; block = state >> 16, which
001049  8071  9FA8  0001                              AND 0x0001, R10                  ; .. is 0 .. 131071, then
001050  8073  0124                                    MOVE R1, R9                      ; .. masked into the image
001051  8074  CFA8  0001                              CMP 1, R10
001052  8076  FFAB  0005                              RBRA _T1B_C, !Z
001053  8078  CFA4  5000                              CMP 0x5000, R9                   ; keep it below 86016
001054  807A  FFA4  0001                              RBRA _T1B_C, N                   ; still inside the image
001055  807C  BA28                                    XOR R10, R10                     ; no: fold it down
001056  807D  0FA0  8967  _T1B_C                      MOVE HANDLE_FILE, R8
001057  807F  FFB0  02C3                              RSUB CHKBLK, 1
001058  8081  CFA0  0000                              CMP 0, R8
001059  8083  FFA3  0002                              RBRA _T1B_N, Z
001060  8085  1F8C  0001                              ADD 1, R3
001061  8087  3F80  0001  _T1B_N                      SUB 1, R0
001062  8089  FFAB  FFD7                              RBRA _T1B_L, !Z
001063  808B  0320                                    MOVE R3, R8
001064  808C  FFB0  03C7                              RSUB VERDICT0, 1
001065                    
001066                    ; ============================================================================
001067                    ; Test 2: a file that is not one block long and not block aligned
001068                    ; ============================================================================
001069  808E  0FA0  8AB9  _T2                         MOVE S_T2, R8
001070  8090  FF90  0008                              ASUB puts, 1
001071  8092  B820                                    XOR R8, R8                       ; virtual drive 0
001072  8093  0FA4  8967                              MOVE HANDLE_FILE, R9
001073  8095  BA28                                    XOR R10, R10                     ; byte position 0
001074  8096  BB2C                                    XOR R11, R11
001075  8097  0FB0  0100                              MOVE 0x0100, R12                 ; 256 bytes: not a block
001076  8099  FFB0  07B0                              RSUB SDB_VD_RDBLK, 1
001077  809B  FFA2  0004                              RBRA _T2_F1, C
001078  809D  0FA0  89E1                              MOVE S_OK, R8
001079  809F  FFA0  0004                              RBRA _T2_P1, 1
001080  80A1  0FA0  89E6  _T2_F1                      MOVE S_FAIL, R8
001081  80A3  FFB0  03C9                              RSUB BUMPFAIL, 1
001082  80A5  FF90  0008  _T2_P1                      ASUB puts, 1
001083                    
001084  80A7  0FA0  8AE0                              MOVE S_T2B, R8
001085  80A9  FF90  0008                              ASUB puts, 1
001086  80AB  B820                                    XOR R8, R8
001087  80AC  0FA4  8967                              MOVE HANDLE_FILE, R9
001088  80AE  0FA8  0100                              MOVE 0x0100, R10                 ; byte position 256
001089  80B0  BB2C                                    XOR R11, R11
001090  80B1  0FB0  0200                              MOVE 0x0200, R12
001091  80B3  FFB0  0796                              RSUB SDB_VD_RDBLK, 1
001092  80B5  FFA2  0004                              RBRA _T2_F2, C
001093  80B7  0FA0  89E1                              MOVE S_OK, R8
001094  80B9  FFA0  0004                              RBRA _T2_P2, 1
001095  80BB  0FA0  89E6  _T2_F2                      MOVE S_FAIL, R8
001096  80BD  FFB0  03AF                              RSUB BUMPFAIL, 1
001097  80BF  FF90  0008  _T2_P2                      ASUB puts, 1
001098                    
001099                    ; ============================================================================
001100                    ; Test 3: read after write, both directions
001101                    ; ============================================================================
001102  80C1  0FA0  8B06                              MOVE S_T3, R8
001103  80C3  FF90  0008                              ASUB puts, 1
001104                    
001105                                                ; (a) direct write, then read back through the FAT32 library
001106  80C5  0FA0  B000                              MOVE BUF_A, R8
001107  80C7  0FA4  0055                              MOVE 0x0055, R9
001108  80C9  FFB0  01B2                              RSUB PATTERN, 1
001109  80CB  0FA4  8C8C                              MOVE T3_BLK, R9
001110  80CD  0964                                    MOVE @R9, R9
001111  80CE  BA28                                    XOR R10, R10
001112  80CF  FFB0  0212                              RSUB WRBLK, 1                    ; fills the drive buffer and
001113  80D1  FFAA  0044                              RBRA _T3_NOMAP, !C               ; ..calls SDB_VD_WRBLK
001114                    
001115  80D3  0FA4  8C8C                              MOVE T3_BLK, R9
001116  80D5  0964                                    MOVE @R9, R9
001117  80D6  BA28                                    XOR R10, R10
001118  80D7  0FA0  8967                              MOVE HANDLE_FILE, R8
001119  80D9  FFB0  01C4                              RSUB RDSLOW, 1                   ; f32 read into BUF_B
001120  80DB  0FA0  B000                              MOVE BUF_A, R8
001121  80DD  0FA4  B200                              MOVE BUF_B, R9
001122  80DF  FFB0  024E                              RSUB CMP512, 1
001123  80E1  FFB0  0372                              RSUB VERDICT0, 1
001124                    
001125                                                ; (b) the same block through the fast read path
001126  80E3  0FA0  8B25                              MOVE S_T3B, R8
001127  80E5  FF90  0008                              ASUB puts, 1
001128  80E7  0FA0  8967                              MOVE HANDLE_FILE, R8
001129  80E9  0FA4  8C8C                              MOVE T3_BLK, R9
001130  80EB  0964                                    MOVE @R9, R9
001131  80EC  BA28                                    XOR R10, R10
001132  80ED  FFB0  0255                              RSUB CHKBLK, 1                   ; fast vs slow, both re-read
001133  80EF  FFB0  0364                              RSUB VERDICT0, 1
001134                    
001135                                                ; (c) write through the FAT32 library, read through the fast
001136                                                ; path: this is the direction that would show a stale
001137                                                ; buffer if SDB_FLUSHINV were missing
001138  80F1  0FA0  8B44                              MOVE S_T3C, R8
001139  80F3  FF90  0008                              ASUB puts, 1
001140  80F5  0FA0  B000                              MOVE BUF_A, R8
001141  80F7  0FA4  00A7                              MOVE 0x00A7, R9
001142  80F9  FFB0  0182                              RSUB PATTERN, 1
001143  80FB  0FA0  8967                              MOVE HANDLE_FILE, R8
001144  80FD  0FA4  8C8C                              MOVE T3_BLK, R9
001145  80FF  0964                                    MOVE @R9, R9
001146  8100  BA28                                    XOR R10, R10
001147  8101  FFB0  01AA                              RSUB WRSLOW, 1                   ; f32_fwrite + f32_fflush
001148  8103  0FA0  8967                              MOVE HANDLE_FILE, R8
001149  8105  0FA4  8C8C                              MOVE T3_BLK, R9
001150  8107  0964                                    MOVE @R9, R9
001151  8108  BA28                                    XOR R10, R10
001152  8109  FFB0  01BA                              RSUB RDFAST, 1                   ; SDB_VD_RDBLK into BUF_B
001153  810B  FFAA  000A                              RBRA _T3_NOMAP, !C
001154  810D  0FA0  B000                              MOVE BUF_A, R8
001155  810F  0FA4  B200                              MOVE BUF_B, R9
001156  8111  FFB0  021C                              RSUB CMP512, 1
001157  8113  FFB0  0340                              RSUB VERDICT0, 1
001158  8115  FFA0  0006                              RBRA _T4, 1
001159  8117  0FA0  89E6  _T3_NOMAP                   MOVE S_FAIL, R8
001160  8119  FF90  0008                              ASUB puts, 1
001161  811B  FFB0  0351                              RSUB BUMPFAIL, 1
001162                    
001163                    ; ============================================================================
001164                    ; Test 4: a file with three extents - all of its blocks, byte for byte
001165                    ; ============================================================================
001166  811D  0FA0  8B63  _T4                         MOVE S_T4, R8
001167  811F  FF90  0008                              ASUB puts, 1
001168  8121  0FA0  898C                              MOVE F_FRAG3, R8
001169  8123  FFB0  010D                              RSUB OPEN, 1
001170  8125  0FA0  8967                              MOVE HANDLE_FILE, R8
001171  8127  0FA4  8CB3                              MOVE SDB_VD_MAPS, R9
001172  8129  FFB0  050F                              RSUB SDB_MAP_BUILD, 1
001173  812B  0FA0  8CB3                              MOVE SDB_VD_MAPS, R8
001174  812D  FFB0  011D                              RSUB PRMAP, 1
001175                    
001176  812F  0FA0  8CB3                              MOVE SDB_VD_MAPS, R8
001177  8131  1FA0  0002                              ADD SDB_M_TBLK_LO, R8
001178  8133  0840                                    MOVE @R8, R0                     ; R0: amount of blocks
001179  8134  B104                                    XOR R1, R1                       ; R1: block index
001180  8135  B208                                    XOR R2, R2                       ; R2: amount of bad blocks
001181  8136  C100        _T4_L                       CMP R1, R0
001182  8137  FFA3  0010                              RBRA _T4_D, Z
001183  8139  0FA0  8967                              MOVE HANDLE_FILE, R8
001184  813B  0124                                    MOVE R1, R9
001185  813C  BA28                                    XOR R10, R10
001186  813D  FFB0  0205                              RSUB CHKBLK, 1
001187  813F  CFA0  0000                              CMP 0, R8
001188  8141  FFA3  0002                              RBRA _T4_N, Z
001189  8143  1F88  0001                              ADD 1, R2
001190  8145  1F84  0001  _T4_N                       ADD 1, R1
001191  8147  FFA0  FFED                              RBRA _T4_L, 1
001192  8149  0020        _T4_D                       MOVE R0, R8
001193  814A  FF90  0026                              ASUB puthex, 1
001194  814C  0FA0  8A33                              MOVE S_BLOCKS, R8
001195  814E  FF90  0008                              ASUB puts, 1
001196  8150  0220                                    MOVE R2, R8
001197  8151  FFB0  0302                              RSUB VERDICT0, 1
001198                    
001199                    ; ============================================================================
001200                    ; Test 5: a file with twelve extents - must fall back, silently
001201                    ; ============================================================================
001202  8153  0FA0  8B82                              MOVE S_T5, R8
001203  8155  FF90  0008                              ASUB puts, 1
001204  8157  0FA0  8997                              MOVE F_FRAG16, R8
001205  8159  FFB0  00D7                              RSUB OPEN, 1
001206  815B  0FA0  8967                              MOVE HANDLE_FILE, R8
001207  815D  0FA4  8CB3                              MOVE SDB_VD_MAPS, R9
001208  815F  FFB0  04D9                              RSUB SDB_MAP_BUILD, 1
001209  8161  0FA0  8CB3                              MOVE SDB_VD_MAPS, R8
001210  8163  FFB0  00E7                              RSUB PRMAP, 1
001211  8165  0FA0  8CB3                              MOVE SDB_VD_MAPS, R8
001212  8167  CFA1  0000                              CMP 0, @R8 ; must be "no map"
001213  8169  FFAB  000F                              RBRA _T5_F, !Z
001214  816B  B820                                    XOR R8, R8                       ; ..and the entry point must
001215  816C  0FA4  8967                              MOVE HANDLE_FILE, R9             ; ..report the fallback
001216  816E  BA28                                    XOR R10, R10
001217  816F  BB2C                                    XOR R11, R11
001218  8170  0FB0  0200                              MOVE 0x0200, R12
001219  8172  FFB0  06D7                              RSUB SDB_VD_RDBLK, 1
001220  8174  FFA2  0004                              RBRA _T5_F, C
001221  8176  0FA0  89E1                              MOVE S_OK, R8
001222  8178  FFA0  0004                              RBRA _T5_P, 1
001223  817A  0FA0  89E6  _T5_F                       MOVE S_FAIL, R8
001224  817C  FFB0  02F0                              RSUB BUMPFAIL, 1
001225  817E  FF90  0008  _T5_P                       ASUB puts, 1
001226                    
001227                    ; ============================================================================
001228                    ; Test 6: SDB_FREAD_FAST, the CRT/ROM loader path
001229                    ; 6a: a file that fits into one 4k window, all bytes are checked
001230                    ; 6b: a 16 KB file, so that the 4k window wrap is exercised; the last
001231                    ; window and the byte-wise tail are checked
001232                    ; ============================================================================
001233  8180  0FA0  8BA1                              MOVE S_T6A, R8
001234  8182  FF90  0008                              ASUB puts, 1
001235  8184  0FA0  89B0                              MOVE F_SMALL, R8
001236  8186  0FA4  0664                              MOVE 1636, R9                    ; file size
001237  8188  FFB0  01F2                              RSUB CHKROM, 1
001238                    
001239  818A  0FA0  8BC4                              MOVE S_T6B, R8
001240  818C  FF90  0008                              ASUB puts, 1
001241  818E  0FA0  89A3                              MOVE F_TESTROM, R8
001242  8190  0FA4  412C                              MOVE 16684, R9                   ; file size
001243  8192  FFB0  01E8                              RSUB CHKROM, 1
001244                    
001245                                                ; A file that ends exactly on a cluster boundary. Seeking such
001246                                                ; a file to its very end walks one step past the last cluster,
001247                                                ; and FAT32$RW_SIC then issues a block read at a wild LBA,
001248                                                ; which latches the error state of the real SD controller.
001249                                                ; The fast path must stop one whole block short, so that the
001250                                                ; position it hands over is always strictly inside the file.
001251  8194  0FA0  8BE6                              MOVE S_T6C, R8
001252  8196  FF90  0008                              ASUB puts, 1
001253  8198  0FA0  89BB                              MOVE F_EXACT, R8
001254  819A  0FA4  8000                              MOVE 32768, R9                   ; exactly one 64 sector cluster
001255  819C  FFB0  01DE                              RSUB CHKROM, 1
001256                    
001257                    ; ============================================================================
001258                    ; Test 7: after a map build that gives up, the FAT32 library must be exactly
001259                    ; where it was. This is the property that broke on real hardware.
001260                    ; ============================================================================
001261  819E  0FA0  8C12                              MOVE S_T7, R8
001262  81A0  FF90  0008                              ASUB puts, 1
001263  81A2  0FA0  8997                              MOVE F_FRAG16, R8                ; twelve extents: always bails
001264  81A4  FFB0  008C                              RSUB OPEN, 1
001265  81A6  0FA0  8967                              MOVE HANDLE_FILE, R8             ; reference: read 512 bytes
001266  81A8  0FA4  B000                              MOVE BUF_A, R9                   ; ..before doing anything
001267  81AA  FFB0  016E                              RSUB FREAD512, 1
001268  81AC  0FA0  8967                              MOVE HANDLE_FILE, R8
001269  81AE  B924                                    XOR R9, R9
001270  81AF  BA28                                    XOR R10, R10
001271  81B0  FF90  0054                              ASUB f32_fseek, 1
001272  81B2  0FA0  8967                              MOVE HANDLE_FILE, R8             ; now let the map build run
001273  81B4  0FA4  8D2B                              MOVE SDB_RM_MAP, R9              ; ..and give up half way
001274  81B6  FFB0  0482                              RSUB SDB_MAP_BUILD, 1
001275  81B8  0FA0  8967                              MOVE HANDLE_FILE, R8             ; the very next library read
001276  81BA  0FA4  B200                              MOVE BUF_B, R9                   ; ..must still be correct
001277  81BC  FFB0  015C                              RSUB FREAD512, 1
001278  81BE  0FA0  B000                              MOVE BUF_A, R8
001279  81C0  0FA4  B200                              MOVE BUF_B, R9
001280  81C2  FFB0  016B                              RSUB CMP512, 1
001281  81C4  FFB0  028F                              RSUB VERDICT0, 1
001282                    
001283                                                ; the same for a vdrive block read that uses the fast path:
001284                                                ; it must not disturb a second, unrelated file handle
001285  81C6  0FA0  8C3D                              MOVE S_T7B, R8
001286  81C8  FF90  0008                              ASUB puts, 1
001287  81CA  0FA0  897F                              MOVE F_FREEDOS, R8
001288  81CC  FFB0  0064                              RSUB OPEN, 1
001289  81CE  0FA0  8967                              MOVE HANDLE_FILE, R8
001290  81D0  0FA4  8CB3                              MOVE SDB_VD_MAPS, R9
001291  81D2  FFB0  0466                              RSUB SDB_MAP_BUILD, 1
001292  81D4  0FA0  8C8E                              MOVE HANDLE_DEV, R8              ; a second file, positioned
001293  81D6  0FA4  8973                              MOVE HANDLE_FILE2, R9            ; ..somewhere in the middle
001294  81D8  0FA8  898C                              MOVE F_FRAG3, R10
001295  81DA  BB2C                                    XOR R11, R11
001296  81DB  FF90  0050                              ASUB f32_fopen, 1
001297  81DD  0FA0  8973                              MOVE HANDLE_FILE2, R8
001298  81DF  0FA4  2600                              MOVE 0x2600, R9                  ; byte 9728, inside extent 1
001299  81E1  BA28                                    XOR R10, R10
001300  81E2  FF90  0054                              ASUB f32_fseek, 1
001301  81E4  0FA0  8973                              MOVE HANDLE_FILE2, R8            ; reference bytes
001302  81E6  0FA4  B000                              MOVE BUF_A, R9
001303  81E8  FFB0  0130                              RSUB FREAD512, 1
001304  81EA  0FA0  8973                              MOVE HANDLE_FILE2, R8
001305  81EC  0FA4  2600                              MOVE 0x2600, R9
001306  81EE  BA28                                    XOR R10, R10
001307  81EF  FF90  0054                              ASUB f32_fseek, 1
001308  81F1  B820                                    XOR R8, R8                       ; a fast vdrive block read in
001309  81F2  0FA4  8967                              MOVE HANDLE_FILE, R9             ; ..between, on the other file
001310  81F4  0FA8  0000                              MOVE 0x0000, R10
001311  81F6  0FAC  0002                              MOVE 0x0002, R11                 ; byte 131072 of freedos.vhd
001312  81F8  0FB0  0200                              MOVE 0x0200, R12
001313  81FA  FFB0  064F                              RSUB SDB_VD_RDBLK, 1
001314  81FC  FFAA  0015                              RBRA _T7B_NO, !C
001315  81FE  B820                                    XOR R8, R8
001316  81FF  FFB0  05E0                              RSUB SDB_SD2VD, 1
001317  8201  FFB0  0672                              RSUB SDB_VD_RDDONE, 1
001318  8203  0FA0  8973                              MOVE HANDLE_FILE2, R8            ; ..and the second handle must
001319  8205  0FA4  B200                              MOVE BUF_B, R9                   ; ..still read the same bytes
001320  8207  FFB0  0111                              RSUB FREAD512, 1
001321  8209  0FA0  B000                              MOVE BUF_A, R8
001322  820B  0FA4  B200                              MOVE BUF_B, R9
001323  820D  FFB0  0120                              RSUB CMP512, 1
001324  820F  FFB0  0244                              RSUB VERDICT0, 1
001325  8211  FFA0  0006                              RBRA _T7B_D, 1
001326  8213  0FA0  89EC  _T7B_NO                     MOVE S_NOMAP, R8
001327  8215  FF90  0008                              ASUB puts, 1
001328  8217  FFB0  0255                              RSUB BUMPFAIL, 1
001329  8219  0FA0  8C67  _T7B_D                      MOVE S_NUL, R8
001330  821B  FF90  0008                              ASUB puts, 1
001331                    
001332                    ; ============================================================================
001333  821D  0FA0  8A6C                              MOVE S_SUM, R8
001334  821F  FF90  0008                              ASUB puts, 1
001335  8221  0FA0  8C8D                              MOVE NFAIL, R8
001336  8223  0860                                    MOVE @R8, R8
001337  8224  FFAB  0005                              RBRA _SUM_F, !Z
001338  8226  0FA0  8A45                              MOVE S_PASS, R8
001339  8228  FF90  0008                              ASUB puts, 1
001340  822A  E000                                    HALT
001341  822B  FF90  0026  _SUM_F                      ASUB puthex, 1
001342  822D  0FA0  8A59                              MOVE S_FAILS, R8
001343  822F  FF90  0008                              ASUB puts, 1
001344  8231  E000                                    HALT
001345                    
001346                    ; ============================================================================
001347                    ; Helpers
001348                    ; ============================================================================
001349                    
001350                    ; open a file, R8 = name
001351  8232  E0C0        OPEN                        INCRB
001352  8233  0800                                    MOVE R8, R0
001353  8234  0FA0  8C8E                              MOVE HANDLE_DEV, R8
001354  8236  0FA4  8967                              MOVE HANDLE_FILE, R9
001355  8238  0028                                    MOVE R0, R10
001356  8239  BB2C                                    XOR R11, R11
001357  823A  FF90  0050                              ASUB f32_fopen, 1
001358  823C  CFA8  0000                              CMP 0, R10
001359  823E  FFA3  000A                              RBRA _OPEN_R, Z
001360  8240  0FA0  89D4                              MOVE S_EOPEN, R8
001361  8242  FF90  0008                              ASUB puts, 1
001362  8244  0A20                                    MOVE R10, R8
001363  8245  FF90  0026                              ASUB puthex, 1
001364  8247  FF90  000A                              ASUB crlf, 1
001365  8249  E000                                    HALT
001366  824A  E100        _OPEN_R                     DECRB
001367  824B  0DBC                                    MOVE @R13++, R15
001368                    
001369                    ; print the interesting parts of a block map, R8 = map
001370  824C  E0C0        PRMAP                       INCRB
001371  824D  0800                                    MOVE R8, R0
001372  824E  0FA0  8A18                              MOVE S_MAPE, R8
001373  8250  FF90  0008                              ASUB puts, 1
001374  8252  0060                                    MOVE @R0, R8
001375  8253  FF90  0026                              ASUB puthex, 1
001376  8255  0FA0  8A23                              MOVE S_MAPT, R8
001377  8257  FF90  0008                              ASUB puts, 1
001378  8259  0020                                    MOVE R0, R8
001379  825A  1FA0  0003                              ADD SDB_M_TBLK_HI, R8
001380  825C  0860                                    MOVE @R8, R8
001381  825D  FF90  0026                              ASUB puthex, 1
001382  825F  0020                                    MOVE R0, R8
001383  8260  1FA0  0002                              ADD SDB_M_TBLK_LO, R8
001384  8262  0860                                    MOVE @R8, R8
001385  8263  FF90  0026                              ASUB puthex, 1
001386  8265  0FA0  8A2C                              MOVE S_MAPL, R8
001387  8267  FF90  0008                              ASUB puts, 1
001388  8269  0020                                    MOVE R0, R8
001389  826A  1FA0  0005                              ADD SDB_M_EXT, R8
001390  826C  1FA0  0003                              ADD SDB_E_LBA_HI, R8
001391  826E  0860                                    MOVE @R8, R8
001392  826F  FF90  0026                              ASUB puthex, 1
001393  8271  0020                                    MOVE R0, R8
001394  8272  1FA0  0005                              ADD SDB_M_EXT, R8
001395  8274  1FA0  0002                              ADD SDB_E_LBA_LO, R8
001396  8276  0860                                    MOVE @R8, R8
001397  8277  FF90  0026                              ASUB puthex, 1
001398  8279  FF90  000A                              ASUB crlf, 1
001399  827B  E100                                    DECRB
001400  827C  0DBC                                    MOVE @R13++, R15
001401                    
001402                    ; ---- fill a 512 word buffer with a seeded pattern. R8: buffer, R9: seed
001403  827D  E0C0        PATTERN                     INCRB
001404  827E  0800                                    MOVE R8, R0
001405  827F  0904                                    MOVE R9, R1
001406  8280  B208                                    XOR R2, R2
001407  8281  0102        _PAT_L                      MOVE R1, @R0++
001408  8282  1F84  001F                              ADD 0x001F, R1
001409  8284  9F84  00FF                              AND 0x00FF, R1
001410  8286  1F88  0001                              ADD 1, R2
001411  8288  CF88  0200                              CMP 0x0200, R2
001412  828A  FFAB  FFF5                              RBRA _PAT_L, !Z
001413  828C  E100                                    DECRB
001414  828D  0DBC                                    MOVE @R13++, R15
001415                    
001416                    ; ---- copy the 512 byte SD controller buffer into a word buffer. R8: buffer
001417  828E  E0C0        SD2MEM                      INCRB
001418  828F  0F80  FF22                              MOVE IO$SD_DATA_POS, R0
001419  8291  0F84  FF23                              MOVE IO$SD_DATA, R1
001420  8293  0808                                    MOVE R8, R2
001421  8294  B30C                                    XOR R3, R3
001422  8295  0301        _S2M_L                      MOVE R3, @R0
001423  8296  014A                                    MOVE @R1, @R2++
001424  8297  1F8C  0001                              ADD 1, R3
001425  8299  CF8C  0200                              CMP 0x0200, R3
001426  829B  FFAB  FFF8                              RBRA _S2M_L, !Z
001427  829D  E100                                    DECRB
001428  829E  0DBC                                    MOVE @R13++, R15
001429                    
001430                    ; ---- read a block through the FAT32 library into BUF_B
001431                    ; R8: FDH, R9/R10: block index lo/hi
001432  829F  E0C0        RDSLOW                      INCRB
001433  82A0  0800                                    MOVE R8, R0
001434  82A1  FFB0  02D6                              RSUB SDB_BLK2B, 1
001435  82A3  FF90  0054                              ASUB f32_fseek, 1
001436  82A5  0020                                    MOVE R0, R8
001437  82A6  0FA4  B200                              MOVE BUF_B, R9
001438  82A8  FFB0  0070                              RSUB FREAD512, 1
001439  82AA  0020                                    MOVE R0, R8
001440  82AB  E100                                    DECRB
001441  82AC  0DBC                                    MOVE @R13++, R15
001442                    
001443                    ; ---- write a block through the FAT32 library from BUF_A
001444                    ; R8: FDH, R9/R10: block index lo/hi
001445  82AD  E0C0        WRSLOW                      INCRB
001446  82AE  0800                                    MOVE R8, R0
001447  82AF  FFB0  02C8                              RSUB SDB_BLK2B, 1
001448  82B1  FF90  0054                              ASUB f32_fseek, 1
001449  82B3  0F84  B000                              MOVE BUF_A, R1
001450  82B5  0F88  0200                              MOVE 0x0200, R2
001451  82B7  0020        _WRS_L                      MOVE R0, R8
001452  82B8  01A4                                    MOVE @R1++, R9
001453  82B9  FF90  0066                              ASUB f32_fwrite, 1
001454  82BB  3F88  0001                              SUB 1, R2
001455  82BD  FFAB  FFF8                              RBRA _WRS_L, !Z
001456  82BF  0020                                    MOVE R0, R8
001457  82C0  FF90  0068                              ASUB f32_fflush, 1
001458  82C2  0020                                    MOVE R0, R8
001459  82C3  E100                                    DECRB
001460  82C4  0DBC                                    MOVE @R13++, R15
001461                    
001462                    ; ---- read a block through the fast path into BUF_B
001463                    ; R8: FDH, R9/R10: block index lo/hi; Carry=1 if the fast path was used
001464  82C5  E0C0        RDFAST                      INCRB
001465  82C6  0800                                    MOVE R8, R0
001466  82C7  FFB0  02B0                              RSUB SDB_BLK2B, 1
001467  82C9  0A2C                                    MOVE R10, R11
001468  82CA  0928                                    MOVE R9, R10
001469  82CB  B820                                    XOR R8, R8
001470  82CC  0024                                    MOVE R0, R9
001471  82CD  0FB0  0200                              MOVE 0x0200, R12
001472  82CF  FFB0  057A                              RSUB SDB_VD_RDBLK, 1
001473  82D1  FFAA  000B                              RBRA _RDF_NO, !C
001474  82D3  0FA0  B200                              MOVE BUF_B, R8
001475  82D5  FFB0  FFB7                              RSUB SD2MEM, 1
001476  82D7  FFB0  059C                              RSUB SDB_VD_RDDONE, 1            ; hand the buffer back
001477  82D9  0020                                    MOVE R0, R8
001478  82DA  AFB8  0004                              OR 0x0004, R14
001479  82DC  FFA0  0003                              RBRA _RDF_R, 1
001480  82DE  0020        _RDF_NO                     MOVE R0, R8
001481  82DF  9FB8  FFFB                              AND 0xFFFB, R14
001482  82E1  E100        _RDF_R                      DECRB
001483  82E2  0DBC                                    MOVE @R13++, R15
001484                    
001485                    ; ---- write a block through the fast path from BUF_A. The virtual drive
001486                    ; buffer is not emulated, so the bytes are staged in the SD controller
001487                    ; buffer and SDB_VD_WRBLK is told to write exactly that block: this
001488                    ; exercises the mapping, the flush/invalidate and the SD write, but not
001489                    ; the vdrives.vhd register protocol (only hardware can show that).
001490                    ; R9/R10: block index lo/hi; Carry=1 on success
001491  82E3  E0C0        WRBLK                       INCRB
001492  82E4  0900                                    MOVE R9, R0
001493  82E5  0A04                                    MOVE R10, R1
001494  82E6  FFB0  0291                              RSUB SDB_BLK2B, 1
001495  82E8  0908                                    MOVE R9, R2                      ; R2/R3: byte position
001496  82E9  0A0C                                    MOVE R10, R3
001497                    
001498  82EA  0FA0  8CB3                              MOVE SDB_VD_MAPS, R8             ; LBA of that block
001499  82EC  0024                                    MOVE R0, R9
001500  82ED  0128                                    MOVE R1, R10
001501  82EE  FFB0  02EF                              RSUB SDB_LBA, 1
001502  82F0  FFAA  0024                              RBRA _WRB_NO, !C
001503  82F2  0910                                    MOVE R9, R4                      ; R4/R5: LBA
001504  82F3  0A14                                    MOVE R10, R5
001505                    
001506  82F4  FFB0  01D7                              RSUB SDB_GUARD_IN, 1             ; same order as SDB_VD_WRBLK
001507  82F6  FFAA  001E                              RBRA _WRB_NO, !C
001508  82F8  0F98  FF22                              MOVE IO$SD_DATA_POS, R6
001509  82FA  0F9C  FF23                              MOVE IO$SD_DATA, R7
001510  82FC  0FA0  B000                              MOVE BUF_A, R8
001511  82FE  B924                                    XOR R9, R9
001512  82FF  0919        _WRB_L                      MOVE R9, @R6
001513  8300  089D                                    MOVE @R8++, @R7
001514  8301  1FA4  0001                              ADD 1, R9
001515  8303  CFA4  0200                              CMP 0x0200, R9
001516  8305  FFAB  FFF8                              RBRA _WRB_L, !Z
001517  8307  0420                                    MOVE R4, R8
001518  8308  0524                                    MOVE R5, R9
001519  8309  FF90  003E                              ASUB sd_w_block, 1
001520  830B  080C                                    MOVE R8, R3                      ; remember the error code
001521  830C  FFB0  0219                              RSUB SDB_GUARD_OUT, 1            ; hand the buffer back
001522  830E  CF8C  0000                              CMP 0, R3
001523  8310  FFAB  0004                              RBRA _WRB_NO, !Z
001524  8312  AFB8  0004                              OR 0x0004, R14
001525  8314  FFA0  0002                              RBRA _WRB_R, 1
001526  8316  9FB8  FFFB  _WRB_NO                     AND 0xFFFB, R14
001527  8318  E100        _WRB_R                      DECRB
001528  8319  0DBC                                    MOVE @R13++, R15
001529                    
001530                    ; ---- read 512 bytes with f32_fread. R8: FDH, R9: destination buffer
001531  831A  E0C0        FREAD512                    INCRB
001532  831B  0800                                    MOVE R8, R0
001533  831C  0904                                    MOVE R9, R1
001534  831D  0F88  0200                              MOVE 0x0200, R2
001535  831F  0020        _FR5_L                      MOVE R0, R8
001536  8320  FF90  0052                              ASUB f32_fread, 1
001537  8322  CFA8  0000                              CMP 0, R10
001538  8324  FFA3  0001                              RBRA _FR5_1, Z
001539  8326  B924                                    XOR R9, R9                       ; EOF and errors read as zero
001540  8327  0906        _FR5_1                      MOVE R9, @R1++
001541  8328  3F88  0001                              SUB 1, R2
001542  832A  FFAB  FFF3                              RBRA _FR5_L, !Z
001543  832C  0020                                    MOVE R0, R8
001544  832D  E100                                    DECRB
001545  832E  0DBC                                    MOVE @R13++, R15
001546                    
001547                    ; ---- compare two 512 word buffers. R8, R9 -> R8 = 0 if equal, else the
001548                    ; index of the first difference plus one
001549  832F  E0C0        CMP512                      INCRB
001550  8330  0800                                    MOVE R8, R0
001551  8331  0904                                    MOVE R9, R1
001552  8332  B208                                    XOR R2, R2
001553  8333  C086        _C5_L                       CMP @R0++, @R1++
001554  8334  FFAB  0009                              RBRA _C5_NE, !Z
001555  8336  1F88  0001                              ADD 1, R2
001556  8338  CF88  0200                              CMP 0x0200, R2
001557  833A  FFAB  FFF7                              RBRA _C5_L, !Z
001558  833C  B820                                    XOR R8, R8
001559  833D  FFA0  0003                              RBRA _C5_R, 1
001560  833F  0220        _C5_NE                      MOVE R2, R8
001561  8340  1FA0  0001                              ADD 1, R8
001562  8342  E100        _C5_R                       DECRB
001563  8343  0DBC                                    MOVE @R13++, R15
001564                    
001565                    ; ---- the central comparison: read one block of the file through the fast
001566                    ; path and through the FAT32 library and compare byte for byte.
001567                    ; R8: FDH, R9/R10: block index lo/hi
001568                    ; Returns R8: 0 = identical, 1 = no fast path, else difference index + 2
001569  8344  FF90  005E  CHKBLK                      ASUB enter, 1
001570  8346  0800                                    MOVE R8, R0
001571  8347  0904                                    MOVE R9, R1
001572  8348  0A08                                    MOVE R10, R2
001573                    
001574  8349  0020                                    MOVE R0, R8
001575  834A  0124                                    MOVE R1, R9
001576  834B  0228                                    MOVE R2, R10
001577  834C  FFB0  FF77                              RSUB RDFAST, 1
001578  834E  FFA2  0004                              RBRA _CB_MAP, C
001579  8350  0FA0  0001                              MOVE 1, R8
001580  8352  FFA0  0017                              RBRA _CB_RET, 1
001581  8354  0FA0  B200  _CB_MAP                     MOVE BUF_B, R8                   ; keep the fast result
001582  8356  0FA4  B000                              MOVE BUF_A, R9
001583  8358  FFB0  0016                              RSUB COPY512, 1
001584  835A  0020                                    MOVE R0, R8
001585  835B  0124                                    MOVE R1, R9
001586  835C  0228                                    MOVE R2, R10
001587  835D  FFB0  FF40                              RSUB RDSLOW, 1
001588  835F  0FA0  B000                              MOVE BUF_A, R8
001589  8361  0FA4  B200                              MOVE BUF_B, R9
001590  8363  FFB0  FFCA                              RSUB CMP512, 1
001591  8365  CFA0  0000                              CMP 0, R8
001592  8367  FFA3  0002                              RBRA _CB_RET, Z
001593  8369  1FA0  0001                              ADD 1, R8
001594  836B  0837        _CB_RET                     MOVE R8, @--R13
001595  836C  FF90  0060                              ASUB leave, 1
001596  836E  0DA0                                    MOVE @R13++, R8
001597  836F  0DBC                                    MOVE @R13++, R15
001598                    
001599  8370  E0C0        COPY512                     INCRB
001600  8371  0800                                    MOVE R8, R0
001601  8372  0904                                    MOVE R9, R1
001602  8373  0F88  0200                              MOVE 0x0200, R2
001603  8375  0086        _CP5_L                      MOVE @R0++, @R1++
001604  8376  3F88  0001                              SUB 1, R2
001605  8378  FFAB  FFFB                              RBRA _CP5_L, !Z
001606  837A  E100                                    DECRB
001607  837B  0DBC                                    MOVE @R13++, R15
001608                    
001609                    ; ---- CRT/ROM loader check.
001610                    ; R8: file name, R9: file size in bytes (< 64 KB)
001611                    ;
001612                    ; Works out for itself what SDB_FREAD_FAST is supposed to do: it takes
001613                    ; all whole 512-byte blocks except the last one, so
001614                    ; blocks = size/512 - 1, bytes = blocks*512,
001615                    ; window = bytes/4096, address = 0x7000 + bytes mod 4096
001616                    ; Then it checks
001617                    ; (a) the returned 4k window and address,
001618                    ; (b) that the handed-over file position is exactly "bytes",
001619                    ; (c) that reading the rest byte-wise yields exactly (size - bytes)
001620                    ; bytes and then EOF, with the right content, read through a
001621                    ; second file handle on the same device so that the two handles
001622                    ; fight over the FAT32 library's one sector buffer,
001623                    ; (d) every byte still visible in the 4k window against f32_fread.
001624  837C  FF90  005E  CHKROM                      ASUB enter, 1
001625  837E  0900                                    MOVE R9, R0                      ; R0: file size
001626  837F  0808                                    MOVE R8, R2                      ; R2: file name
001627  8380  FFB0  FEB0                              RSUB OPEN, 1
001628                    
001629  8382  0004                                    MOVE R0, R1                      ; R1: bytes taken by the
001630  8383  9FB8  FFFB                              AND 0xFFFB, R14                  ; ..fast path
001631  8385  6F84  0009                              SHR 9, R1
001632  8387  3F84  0001                              SUB 1, R1
001633  8389  9FB8  FFFD                              AND 0xFFFD, R14
001634  838B  5F84  0009                              SHL 9, R1
001635                    
001636  838D  010C                                    MOVE R1, R3                      ; R3: expected 4k window
001637  838E  9FB8  FFFB                              AND 0xFFFB, R14
001638  8390  6F8C  000C                              SHR 12, R3
001639  8392  0110                                    MOVE R1, R4                      ; R4: expected address
001640  8393  9F90  0FFF                              AND 0x0FFF, R4
001641  8395  1F90  7000                              ADD M2M$RAMROM_DATA, R4
001642                    
001643  8397  0FA0  8967                              MOVE HANDLE_FILE, R8
001644  8399  0FA4  8D2B                              MOVE SDB_RM_MAP, R9
001645  839B  FFB0  029D                              RSUB SDB_MAP_BUILD, 1
001646  839D  0FA0  8967                              MOVE HANDLE_FILE, R8
001647  839F  0FA4  8D2B                              MOVE SDB_RM_MAP, R9
001648  83A1  0FA8  00AB                              MOVE 0x00AB, R10                 ; target device (ignored here)
001649  83A3  BB2C                                    XOR R11, R11                     ; target 4k window
001650  83A4  0FB0  7000                              MOVE M2M$RAMROM_DATA, R12        ; plain RAM in the emulator
001651  83A6  FFB0  051D                              RSUB SDB_FREAD_FAST, 1
001652  83A8  FFAA  0079                              RBRA _CR_NO, !C
001653  83AA  C32C                                    CMP R3, R11                      ; (a) window as expected?
001654  83AB  FFAB  007C                              RBRA _CR_BAD, !Z
001655  83AD  C430                                    CMP R4, R12                      ; address as expected?
001656  83AE  FFAB  0079                              RBRA _CR_BAD, !Z
001657                    
001658                                                ; (b) the file position must be exactly R1
001659  83B0  0FA0  8967                              MOVE HANDLE_FILE, R8
001660  83B2  1FA0  0008                              ADD FAT32$FDH_ACCESS_HI, R8
001661  83B4  CFA1  0000                              CMP 0, @R8
001662  83B6  FFAB  0071                              RBRA _CR_BAD, !Z
001663  83B8  0FA0  8967                              MOVE HANDLE_FILE, R8
001664  83BA  1FA0  0007                              ADD FAT32$FDH_ACCESS_LO, R8
001665  83BC  C121                                    CMP R1, @R8
001666  83BD  FFAB  006A                              RBRA _CR_BAD, !Z
001667                    
001668                                                ; (c) the tail, alternating between two file handles
001669  83BF  0FA0  8C8E                              MOVE HANDLE_DEV, R8
001670  83C1  0FA4  8973                              MOVE HANDLE_FILE2, R9
001671  83C3  0228                                    MOVE R2, R10
001672  83C4  BB2C                                    XOR R11, R11
001673  83C5  FF90  0050                              ASUB f32_fopen, 1
001674  83C7  CFA8  0000                              CMP 0, R10
001675  83C9  FFAB  005E                              RBRA _CR_BAD, !Z
001676  83CB  0FA0  8973                              MOVE HANDLE_FILE2, R8
001677  83CD  0124                                    MOVE R1, R9
001678  83CE  BA28                                    XOR R10, R10
001679  83CF  FF90  0054                              ASUB f32_fseek, 1
001680  83D1  CFA4  0000                              CMP 0, R9
001681  83D3  FFAB  0054                              RBRA _CR_BAD, !Z
001682                    
001683  83D5  001C                                    MOVE R0, R7                      ; R7: tail bytes still to go
001684  83D6  311C                                    SUB R1, R7
001685  83D7  CF9C  0000  _CR_TL                      CMP 0, R7
001686  83D9  FFA3  0018                              RBRA _CR_TD, Z
001687  83DB  0FA0  8967                              MOVE HANDLE_FILE, R8
001688  83DD  FF90  0052                              ASUB f32_fread, 1
001689  83DF  CFA8  0000                              CMP 0, R10                       ; tail must not be short
001690  83E1  FFAB  0046                              RBRA _CR_BAD, !Z
001691  83E3  0914                                    MOVE R9, R5
001692  83E4  0FA0  8973                              MOVE HANDLE_FILE2, R8
001693  83E6  FF90  0052                              ASUB f32_fread, 1
001694  83E8  CFA8  0000                              CMP 0, R10
001695  83EA  FFAB  003D                              RBRA _CR_BAD, !Z
001696  83EC  C524                                    CMP R5, R9                       ; both handles must agree
001697  83ED  FFAB  003A                              RBRA _CR_BAD, !Z
001698  83EF  3F9C  0001                              SUB 1, R7
001699  83F1  FFA0  FFE4                              RBRA _CR_TL, 1
001700  83F3  0FA0  8967  _CR_TD                      MOVE HANDLE_FILE, R8
001701  83F5  FF90  0052                              ASUB f32_fread, 1
001702  83F7  CFA8  EEEE                              CMP FAT32$EOF, R10               ; ..and must not be long
001703  83F9  FFAB  002E                              RBRA _CR_BAD, !Z
001704                    
001705                                                ; (d) the bytes that are still visible in the 4k window
001706  83FB  0314                                    MOVE R3, R5                      ; R5: their file offset
001707  83FC  9FB8  FFFD                              AND 0xFFFD, R14
001708  83FE  5F94  000C                              SHL 12, R5
001709  8400  011C                                    MOVE R1, R7                      ; R7: how many of them
001710  8401  351C                                    SUB R5, R7
001711  8402  FFA3  001B                              RBRA _CR_OK, Z                   ; the window is empty
001712  8404  0FA0  8967                              MOVE HANDLE_FILE, R8
001713  8406  0524                                    MOVE R5, R9
001714  8407  BA28                                    XOR R10, R10
001715  8408  FF90  0054                              ASUB f32_fseek, 1
001716  840A  CFA4  0000                              CMP 0, R9
001717  840C  FFAB  001B                              RBRA _CR_BAD, !Z
001718  840E  0F98  7000                              MOVE M2M$RAMROM_DATA, R6
001719  8410  0FA0  8967  _CR_CL                      MOVE HANDLE_FILE, R8
001720  8412  FF90  0052                              ASUB f32_fread, 1
001721  8414  CFA8  0000                              CMP 0, R10
001722  8416  FFAB  0011                              RBRA _CR_BAD, !Z
001723  8418  C6A4                                    CMP @R6++, R9
001724  8419  FFAB  000E                              RBRA _CR_BAD, !Z
001725  841B  3F9C  0001                              SUB 1, R7
001726  841D  FFAB  FFF1                              RBRA _CR_CL, !Z
001727                    
001728  841F  0FA0  89E1  _CR_OK                      MOVE S_OK, R8
001729  8421  FFA0  000A                              RBRA _CR_P, 1
001730  8423  0FA0  89EC  _CR_NO                      MOVE S_NOMAP, R8
001731  8425  FFB0  0047                              RSUB BUMPFAIL, 1
001732  8427  FFA0  0004                              RBRA _CR_P, 1
001733  8429  0FA0  89E6  _CR_BAD                     MOVE S_FAIL, R8
001734  842B  FFB0  0041                              RSUB BUMPFAIL, 1
001735  842D  FF90  0008  _CR_P                       ASUB puts, 1
001736  842F  FF90  0060                              ASUB leave, 1
001737  8431  0DBC                                    MOVE @R13++, R15
001738                    
001739                    ; ---- verdict for CHKBLK, honouring the expectation in R11 (0 = must be
001740                    ; readable through the fast path, 1 = must fall back)
001741  8432  E0C0        VERDICT                     INCRB
001742  8433  0800                                    MOVE R8, R0
001743  8434  CFAC  0001                              CMP 1, R11
001744  8436  FFAB  0006                              RBRA _VD_WANT_OK, !Z
001745  8438  CF80  0001                              CMP 1, R0                        ; fallback expected
001746  843A  FFA3  0013                              RBRA _VD_OK, Z
001747  843C  FFA0  0004                              RBRA _VD_BAD, 1
001748  843E  CF80  0000  _VD_WANT_OK                 CMP 0, R0
001749  8440  FFA3  000D                              RBRA _VD_OK, Z
001750  8442  0FA0  89E6  _VD_BAD                     MOVE S_FAIL, R8
001751  8444  FF90  0008                              ASUB puts, 1
001752  8446  0020                                    MOVE R0, R8
001753  8447  FF90  0026                              ASUB puthex, 1
001754  8449  FF90  000A                              ASUB crlf, 1
001755  844B  FFB0  0021                              RSUB BUMPFAIL, 1
001756  844D  FFA0  0004                              RBRA _VD_R, 1
001757  844F  0FA0  89E1  _VD_OK                      MOVE S_OK, R8
001758  8451  FF90  0008                              ASUB puts, 1
001759  8453  E100        _VD_R                       DECRB
001760  8454  0DBC                                    MOVE @R13++, R15
001761                    
001762                    ; ---- verdict for a plain "must be zero" result in R8
001763  8455  E0C0        VERDICT0                    INCRB
001764  8456  0800                                    MOVE R8, R0
001765  8457  CF80  0000                              CMP 0, R0
001766  8459  FFA3  000D                              RBRA _VD0_OK, Z
001767  845B  0FA0  89E6                              MOVE S_FAIL, R8
001768  845D  FF90  0008                              ASUB puts, 1
001769  845F  0020                                    MOVE R0, R8
001770  8460  FF90  0026                              ASUB puthex, 1
001771  8462  FF90  000A                              ASUB crlf, 1
001772  8464  FFB0  0008                              RSUB BUMPFAIL, 1
001773  8466  FFA0  0004                              RBRA _VD0_R, 1
001774  8468  0FA0  89E1  _VD0_OK                     MOVE S_OK, R8
001775  846A  FF90  0008                              ASUB puts, 1
001776  846C  E100        _VD0_R                      DECRB
001777  846D  0DBC                                    MOVE @R13++, R15
001778                    
001779  846E  E0C0        BUMPFAIL                    INCRB
001780  846F  0F80  8C8D                              MOVE NFAIL, R0
001781  8471  1F81  0001                              ADD 1, @R0
001782  8473  E100                                    DECRB
001783  8474  0DBC                                    MOVE @R13++, R15
001784                    
001785                    ; ============================================================================
001786                    ; ****************************************************************************
001787                    ; MiSTer2MEGA65 (M2M) QNICE ROM
001788                    ;
001789                    ; sdblock.asm: direct 512-byte block access to files on the SD card
001790                    ;
001791                    ; The FAT32 library of the QNICE Monitor only offers a byte-wise API
001792                    ; (f32_fread / f32_fwrite). Every single byte revalidates the cluster and the
001793                    ; sector of the file handle, which costs about 107 instructions per byte, and
001794                    ; f32_fseek walks the cluster chain from the start of the file, which makes a
001795                    ; random access at the far end of a 42 MB image cost seconds.
001796                    ;
001797                    ; This module resolves the on-disk layout of a file *once* into a compact
001798                    ; extent table and can then map "block N of the file" to an absolute SD card
001799                    ; LBA. A block is then one SD$READ_BLOCK plus a tight copy loop out of the
001800                    ; 512-byte buffer of the SD controller.
001801                    ;
001802                    ; ----------------------------------------------------------------------------
001803                    ; THE TWO RULES
001804                    ; ----------------------------------------------------------------------------
001805                    ;
001806                    ; (1) The FAT32 library must never be able to tell that we were here.
001807                    ;
001808                    ; The 512-byte "sector buffer" of the FAT32 library IS the 512-byte
001809                    ; hardware buffer of the SD controller; the device handle only remembers
001810                    ; *which* file handle filled it (FAT32$DEV_BUFFERED_FDH). Every direct
001811                    ; access destroys the library's buffer while the library still believes
001812                    ; it holds a particular sector.
001813                    ;
001814                    ; Earlier versions of this file solved that by pointing
001815                    ; FAT32$DEV_BUFFERED_FDH at a dummy handle, i.e. by reaching into the
001816                    ; library's bookkeeping. That is not done any more. Instead:
001817                    ;
001818                    ; * SDB_GUARD_IN works out, *before* anything is touched, which sector
001819                    ; the library believes is in the buffer and whether that sector can
001820                    ; be read back. If it cannot, the fast path is refused and nothing
001821                    ; is touched at all.
001822                    ; * a dirty buffer is written back through the library first.
001823                    ; * SDB_GUARD_OUT reads that very sector back, so the buffer holds
001824                    ; exactly what it held before.
001825                    ; * SDB_FREAD_FAST, which moves the file position anyway, restores the
001826                    ; library state the library's own way: with an f32_fseek, which
001827                    ; unconditionally re-reads the sector and re-claims ownership.
001828                    ;
001829                    ; The one remaining poke, SDB_ORPHAN, exists only for the case where the
001830                    ; restoring read itself fails, i.e. where the card is already broken. It
001831                    ; is strictly better than leaving the library with a buffer that holds
001832                    ; something else than it thinks.
001833                    ;
001834                    ; (2) Any error anywhere leaves the caller with "nothing happened".
001835                    ;
001836                    ; Every entry point returns Carry=0 on any problem, and the byte-wise
001837                    ; FAT32 path then does all of the work exactly as it did before this
001838                    ; file existed. In particular:
001839                    ;
001840                    ; * an SD card error latches the controller into its error state (see
001841                    ; the IO$SD_CSR description in sysdef.asm: "you need to reset the
001842                    ; controller to go on"), which would make every *subsequent* library
001843                    ; access fail too. SDB_SDERR therefore issues SD$RESET after any
001844                    ; failed SD operation before we hand back control.
001845                    ; * SDB_FREAD_FAST never seeks to the end of the file. It always leaves
001846                    ; at least one whole block to the byte loop, so the file position it
001847                    ; hands over is strictly inside the file and the caller reaches EOF
001848                    ; through the library, the way it always did.
001849                    ; * every seek is verified against FAT32$FDH_ACCESS afterwards.
001850                    ;
001851                    ; ----------------------------------------------------------------------------
001852                    ; Serial logging
001853                    ; ----------------------------------------------------------------------------
001854                    ; To log what the fast path does to the serial console at boot (no keyboard
001855                    ; needed), remove the ";" in front of the #define below and rebuild the ROM
001856                    ; with CORE/m2m-rom/make_rom.sh. Put the ";" back to switch it off again.
001857                    ;
001858                    ;#define SDB_DEBUG
001859                    ;
001860                    ; This file needs the environment of shell.asm.
001861                    ;
001862                    ; done for the PCXT-EGA-MEGA65 port and licensed under GPL v3
001863                    ; ****************************************************************************
001864                    
001865                    ; ----------------------------------------------------------------------------
001866                    ; Layout of a block map (see SDB_VD_MAPS / SDB_RM_MAP in shell_vars.asm)
001867                    ; ----------------------------------------------------------------------------
001868                    
001869                    ; Maximum amount of extents (runs of physically consecutive clusters) that we
001870                    ; are willing to remember for one file. A freshly copied image file normally
001871                    ; is one single extent. Files that would need more extents than this fall
001872                    ; back to the FAT32 library path.
001873                    SDB_MAX_EXT                 .EQU 8
001874                    
001875                    SDB_M_NEXT                  .EQU 0                           ; amount of valid extents; 0 = no map
001876                    SDB_M_FDH                   .EQU 1                           ; FDH this map was built for
001877                    SDB_M_TBLK_LO               .EQU 2                           ; amount of *whole* 512-byte blocks..
001878                    SDB_M_TBLK_HI               .EQU 3                           ; ..in the file (filesize / 512)
001879                    SDB_M_BAIL                  .EQU 4                           ; why there is no map (SDB_B_*)
001880                    SDB_M_EXT                   .EQU 5                           ; start of the extent array
001881                    
001882                    ; one extent: amount of blocks (lo/hi) and the absolute SD card LBA (lo/hi)
001883                    ; of the first of them
001884                    SDB_E_NBLK_LO               .EQU 0
001885                    SDB_E_NBLK_HI               .EQU 1
001886                    SDB_E_LBA_LO                .EQU 2
001887                    SDB_E_LBA_HI                .EQU 3
001888                    SDB_E_SIZE                  .EQU 4
001889                    
001890                    ; size of one map in words: SDB_M_EXT + SDB_E_SIZE * SDB_MAX_EXT = 5 + 4*8
001891                    ; = 37, rounded up to 40 to leave room
001892                    SDB_M_SIZE                  .EQU 40
001893                    
001894                    ; Amount of virtual drives that SDB_VD_MAPS in shell_vars.asm has room for.
001895                    ; The QNICE assembler cannot evaluate expressions in .BLOCK, so the size of
001896                    ; SDB_VD_MAPS is the literal SDB_M_SIZE * SDB_VD_MAX_N and both have to be
001897                    ; kept in sync by hand. Virtual drives beyond SDB_VD_MAX_N are not broken,
001898                    ; they just always use the (slow) FAT32 library path.
001899                    SDB_VD_MAX_N                .EQU 3
001900                    
001901                    ; Why a map could not be built. Logged, and also readable from SDB_M_BAIL.
001902                    SDB_B_OK                    .EQU 0
001903                    SDB_B_NOMAP                 .EQU 1                           ; no map slot for this drive
001904                    SDB_B_NODEV                 .EQU 2                           ; file handle has no device handle
001905                    SDB_B_NOSPC                 .EQU 3                           ; sectors per cluster is zero
001906                    SDB_B_EMPTY                 .EQU 4                           ; file is shorter than one block
001907                    SDB_B_BADSTART              .EQU 5                           ; start cluster < 2
001908                    SDB_B_FRAG                  .EQU 6                           ; more extents than SDB_MAX_EXT
001909                    SDB_B_FATERR                .EQU 7                           ; could not read a FAT sector
001910                    SDB_B_BADCLUS               .EQU 8                           ; illegal cluster in the chain
001911                    SDB_B_SHORT                 .EQU 9                           ; chain ends before the file does
001912                    SDB_B_LBA                   .EQU 10                          ; LBA arithmetic out of range
001913                    SDB_B_GUARD                 .EQU 11                          ; buffer could not be made restorable
001914                    SDB_B_SEEK                  .EQU 12                          ; restoring seek failed
001915                    
001916                    ; end-of-chain marker: everything >= 0x0FFFFFF8 terminates a FAT32 chain,
001917                    ; and everything >= 0x0FFFFFF0 is reserved, so refuse all of it
001918                    SDB_EOC_HI                  .EQU 0x0FFF
001919                    SDB_EOC_LO                  .EQU 0xFFF0
001920                    
001921                    ; ----------------------------------------------------------------------------
001922                    ; Housekeeping
001923                    ; ----------------------------------------------------------------------------
001924                    
001925                    ; SDB_INVAL_ALL
001926                    ; Invalidates all block maps, i.e. everything falls back to the FAT32 library
001927                    ; until the maps are rebuilt. Called from VD_INIT and whenever the SD card
001928                    ; changes. Also clears the two zero-filled helper structures, because the
001929                    ; variables live in uninitialized RAM.
001930                    ;
001931                    ; Input: none
001932                    ; Output: none, all registers unchanged
001933  8475  E0C0        SDB_INVAL_ALL               INCRB
001934  8476  0F80  8CB3                              MOVE SDB_VD_MAPS, R0
001935  8478  0F84  0003                              MOVE SDB_VD_MAX_N, R1
001936  847A  0F81  0000  _SDBIA_L                    MOVE 0, @R0
001937  847C  1F80  0028                              ADD SDB_M_SIZE, R0
001938  847E  3F84  0001                              SUB 1, R1
001939  8480  FFAB  FFF8                              RBRA _SDBIA_L, !Z
001940  8482  0F80  8D2B                              MOVE SDB_RM_MAP, R0
001941  8484  0F81  0000                              MOVE 0, @R0
001942  8486  0F80  8D53                              MOVE SDB_NULL_MAP, R0
001943  8488  0F81  0000                              MOVE 0, @R0
001944  848A  0F80  8D62                              MOVE SDB_G_VAL, R0
001945  848C  0F81  0000                              MOVE 0, @R0
001946                    
001947                                                ; SDB_DUMMY_FDH must read as an all-zero, and therefore never
001948                                                ; dirty, file handle: SDB_ORPHAN hands it to FAT32$FLUSH
001949  848E  0F80  8D54                              MOVE SDB_DUMMY_FDH, R0
001950  8490  0F84  000C                              MOVE FAT32$FDH_STRUCT_SIZE, R1
001951  8492  0F82  0000  _SDBIA_L2                   MOVE 0, @R0++
001952  8494  3F84  0001                              SUB 1, R1
001953  8496  FFAB  FFFA                              RBRA _SDBIA_L2, !Z
001954  8498  E100                                    DECRB
001955  8499  0DBC                                    MOVE @R13++, R15
001956                    
001957                    ; SDB_VDMAP
001958                    ; Returns the block map that belongs to a virtual drive. Drives that have no
001959                    ; map (see SDB_VD_MAX_N) get the permanently empty SDB_NULL_MAP, which makes
001960                    ; SDB_CHECK fail and therefore forces the FAT32 library path.
001961                    ;
001962                    ; Input: R8: virtual drive number
001963                    ; Output: R8: pointer to the block map
001964  849A  E0C0        SDB_VDMAP                   INCRB
001965  849B  0800                                    MOVE R8, R0
001966  849C  0F84  0003                              MOVE SDB_VD_MAX_N, R1
001967  849E  C100                                    CMP R1, R0                       ; drive number < maximum?
001968  849F  FFA4  0004                              RBRA _SDBVM_OK, N                ; yes
001969  84A1  0FA0  8D53                              MOVE SDB_NULL_MAP, R8            ; no: never mapped
001970  84A3  FFA0  000C                              RBRA _SDBVM_D, 1
001971  84A5  0FA0  8CB3  _SDBVM_OK                   MOVE SDB_VD_MAPS, R8
001972  84A7  CF80  0000  _SDBVM_L                    CMP 0, R0
001973  84A9  FFA3  0006                              RBRA _SDBVM_D, Z
001974  84AB  1FA0  0028                              ADD SDB_M_SIZE, R8
001975  84AD  3F80  0001                              SUB 1, R0
001976  84AF  FFA0  FFF6                              RBRA _SDBVM_L, 1
001977  84B1  E100        _SDBVM_D                    DECRB
001978  84B2  0DBC                                    MOVE @R13++, R15
001979                    
001980                    ; SDB_CHECK
001981                    ; Is the given map valid and does it belong to the given file handle?
001982                    ;
001983                    ; Input: R8: pointer to the block map
001984                    ; R9: file handle (FDH)
001985                    ; Output: Carry=1 if the map can be used, all registers unchanged
001986  84B3  E0C0        SDB_CHECK                   INCRB
001987  84B4  CFA1  0000                              CMP 0, @R8                       ; any extents?
001988  84B6  FFA3  000A                              RBRA _SDBC_NO, Z                 ; no: unusable
001989  84B8  0800                                    MOVE R8, R0
001990  84B9  1F80  0001                              ADD SDB_M_FDH, R0
001991  84BB  C064                                    CMP @R0, R9                      ; built for this file handle?
001992  84BC  FFAB  0004                              RBRA _SDBC_NO, !Z                ; no: unusable
001993  84BE  AFB8  0004                              OR 0x0004, R14                   ; set Carry
001994  84C0  FFA0  0002                              RBRA _SDBC_R, 1
001995  84C2  9FB8  FFFB  _SDBC_NO                    AND 0xFFFB, R14                  ; clear Carry
001996  84C4  E100        _SDBC_R                     DECRB
001997  84C5  0DBC                                    MOVE @R13++, R15
001998                    
001999                    ; SDB_SDERR
002000                    ; Called after a failed SD card operation. The controller latches its error
002001                    ; state and refuses everything until it is reset, which would turn our
002002                    ; problem into a fatal error in the *next* FAT32 library call. Reset it, so
002003                    ; that the fallback path starts from a clean controller.
002004                    ;
002005                    ; Input: R8: the error code (only used for logging)
002006                    ; Output: none, R8 unchanged
002007  84C6  E0C0        SDB_SDERR                   INCRB
002008  84C7  0800                                    MOVE R8, R0
002009                    
002010                    
002011                    
002012                    
002013                    
002014                    
002015                    
002016  84C8  FF90  003A                              ASUB sd_reset, 1
002017  84CA  0020                                    MOVE R0, R8
002018  84CB  E100                                    DECRB
002019  84CC  0DBC                                    MOVE @R13++, R15
002020                    
002021                    ; ----------------------------------------------------------------------------
002022                    ; Guarding the FAT32 library's sector buffer
002023                    ; ----------------------------------------------------------------------------
002024                    
002025                    ; SDB_GUARD_IN
002026                    ; Prepares for direct SD card access. Works out which sector the FAT32
002027                    ; library believes the hardware buffer holds and remembers its LBA so that
002028                    ; SDB_GUARD_OUT can put it back, and writes the buffer back first if it is
002029                    ; dirty. Refuses (Carry=0) without touching anything if the sector cannot be
002030                    ; identified or the write-back fails.
002031                    ;
002032                    ; Input: none
002033                    ; Output: Carry=1: direct access is allowed
002034                    ; Carry=0: do not touch the SD card, nothing has been touched
002035                    ; all registers unchanged
002036  84CD  FF90  005E  SDB_GUARD_IN                ASUB enter, 1
002037                    
002038  84CF  0FA0  8D62                              MOVE SDB_G_VAL, R8               ; nothing to restore yet
002039  84D1  0FA1  0000                              MOVE 0, @R8
002040                    
002041  84D3  0FA0  8C8E                              MOVE HANDLE_DEV, R8              ; who claims the buffer?
002042  84D5  FFB0  003D                              RSUB _SDB_OWNER, 1
002043  84D7  FFA2  0008                              RBRA _SDBGI_HAVE, C
002044  84D9  0FA0  8CA0                              MOVE CONFIG_DEVH, R8
002045  84DB  FFB0  0037                              RSUB _SDB_OWNER, 1
002046  84DD  FFA2  0002                              RBRA _SDBGI_HAVE, C
002047  84DF  FFA0  002A                              RBRA _SDBGI_OK, 1                ; nobody: nothing to restore
002048                    
002049                                                ; R8: device handle, R9: owning FDH
002050  84E1  0800        _SDBGI_HAVE                 MOVE R8, R0
002051  84E2  0904                                    MOVE R9, R1
002052                    
002053  84E3  0120                                    MOVE R1, R8                      ; dirty? then write it back
002054  84E4  1FA0  000B                              ADD FAT32$FDH_FLAGS, R8
002055  84E6  0860                                    MOVE @R8, R8
002056  84E7  9FA0  0001                              AND FAT32$FDHF_DIRTY, R8
002057  84E9  FFA3  0007                              RBRA _SDBGI_CLEAN, Z
002058  84EB  0120                                    MOVE R1, R8
002059  84EC  FF90  0068                              ASUB f32_fflush, 1
002060  84EE  CFA4  0000                              CMP 0, R9
002061  84F0  FFAB  001D                              RBRA _SDBGI_NO, !Z               ; cannot write back: refuse
002062                    
002063                                                ; which sector does the library think it is holding?
002064  84F2  0120        _SDBGI_CLEAN                MOVE R1, R8
002065  84F3  1FA0  0001                              ADD FAT32$FDH_CLUSTER_LO, R8
002066  84F5  0864                                    MOVE @R8, R9
002067  84F6  0120                                    MOVE R1, R8
002068  84F7  1FA0  0002                              ADD FAT32$FDH_CLUSTER_HI, R8
002069  84F9  0868                                    MOVE @R8, R10
002070  84FA  0120                                    MOVE R1, R8
002071  84FB  1FA0  0003                              ADD FAT32$FDH_SECTOR, R8
002072  84FD  086C                                    MOVE @R8, R11
002073  84FE  0020                                    MOVE R0, R8
002074  84FF  FFB0  0089                              RSUB SDB_CLULBA, 1
002075  8501  FFAA  000C                              RBRA _SDBGI_NO, !C               ; cannot be restored: refuse
002076                    
002077  8503  0FA0  8D60                              MOVE SDB_G_LBA, R8
002078  8505  0922                                    MOVE R9, @R8++
002079  8506  0A21                                    MOVE R10, @R8
002080  8507  0FA0  8D62                              MOVE SDB_G_VAL, R8
002081  8509  0FA1  0001                              MOVE 1, @R8
002082                    
002083  850B  AFB8  0004  _SDBGI_OK                   OR 0x0004, R14                   ; set Carry
002084  850D  FFA0  0002                              RBRA _SDBGI_RET, 1
002085  850F  9FB8  FFFB  _SDBGI_NO                   AND 0xFFFB, R14                  ; clear Carry
002086  8511  FF90  0060  _SDBGI_RET                  ASUB leave, 1
002087  8513  0DBC                                    MOVE @R13++, R15
002088                    
002089                    ; Input: R8: device handle
002090                    ; Output: Carry=1 and R9 = the FDH that claims the buffer, R8 unchanged
002091  8514  E0C0        _SDB_OWNER                  INCRB
002092  8515  CFA1  0000                              CMP 0, @R8                       ; device handle initialized?
002093  8517  FFA3  000A                              RBRA _SDB_OWN_NO, Z
002094  8519  0800                                    MOVE R8, R0
002095  851A  1F80  0011                              ADD FAT32$DEV_BUFFERED_FDH, R0
002096  851C  0064                                    MOVE @R0, R9
002097  851D  FFA3  0004                              RBRA _SDB_OWN_NO, Z              ; nobody claims it
002098  851F  AFB8  0004                              OR 0x0004, R14
002099  8521  FFA0  0002                              RBRA _SDB_OWN_R, 1
002100  8523  9FB8  FFFB  _SDB_OWN_NO                 AND 0xFFFB, R14
002101  8525  E100        _SDB_OWN_R                  DECRB
002102  8526  0DBC                                    MOVE @R13++, R15
002103                    
002104                    ; SDB_GUARD_OUT
002105                    ; Puts the hardware buffer back to the sector SDB_GUARD_IN identified, so
002106                    ; that the FAT32 library finds exactly what it left behind.
002107                    ;
002108                    ; Input: none
002109                    ; Output: none, all registers unchanged
002110  8527  FF90  005E  SDB_GUARD_OUT               ASUB enter, 1
002111  8529  0FA0  8D62                              MOVE SDB_G_VAL, R8
002112  852B  CFA1  0000                              CMP 0, @R8
002113  852D  FFA3  0018                              RBRA _SDBGO_RET, Z               ; nothing to restore
002114                    
002115  852F  0FA0  8D60                              MOVE SDB_G_LBA, R8
002116  8531  08A8                                    MOVE @R8++, R10
002117  8532  086C                                    MOVE @R8, R11
002118  8533  0A20                                    MOVE R10, R8
002119  8534  0B24                                    MOVE R11, R9
002120  8535  FF90  003C                              ASUB sd_r_block, 1
002121  8537  CFA0  0000                              CMP 0, R8
002122  8539  FFA3  000C                              RBRA _SDBGO_RET, Z               ; restored
002123                    
002124                                                ; the restoring read failed, so the card is already broken.
002125                                                ; Reset the controller, try once more, and if that fails too
002126                                                ; make sure the library re-reads instead of trusting a buffer
002127                                                ; that now holds something else than it believes.
002128  853B  FFB0  FF89                              RSUB SDB_SDERR, 1
002129  853D  0A20                                    MOVE R10, R8
002130  853E  0B24                                    MOVE R11, R9
002131  853F  FF90  003C                              ASUB sd_r_block, 1
002132  8541  CFA0  0000                              CMP 0, R8
002133  8543  FFA3  0002                              RBRA _SDBGO_RET, Z
002134  8545  FFB0  0003                              RSUB SDB_ORPHAN, 1
002135  8547  FF90  0060  _SDBGO_RET                  ASUB leave, 1
002136  8549  0DBC                                    MOVE @R13++, R15
002137                    
002138                    ; SDB_ORPHAN
002139                    ; Last resort, only used when the hardware buffer could not be restored: tell
002140                    ; both device handles that the buffer contents are unknown, so that the
002141                    ; library re-reads rather than serving something stale.
002142                    ;
002143                    ; "Unknown" is expressed by handing the buffer to SDB_DUMMY_FDH, an all-zero
002144                    ; and therefore never dirty file handle, and not by the obvious 0: FAT32$FLUSH
002145                    ; returns immediately when called with R8 = 0 and then leaves R9 - its error
002146                    ; code - untouched, and FAT32$FILE_SEEK checks that stale R9 right after
002147                    ; calling it, so a seek would silently do nothing.
002148                    ;
002149                    ; Input: none
002150                    ; Output: none, all registers unchanged
002151  854A  FF90  005E  SDB_ORPHAN                  ASUB enter, 1
002152                    
002153                    
002154                    
002155                    
002156                    
002157  854C  0FA0  8C8E                              MOVE HANDLE_DEV, R8
002158  854E  FFB0  0007                              RSUB _SDB_ORPH1, 1
002159  8550  0FA0  8CA0                              MOVE CONFIG_DEVH, R8
002160  8552  FFB0  0003                              RSUB _SDB_ORPH1, 1
002161  8554  FF90  0060                              ASUB leave, 1
002162  8556  0DBC                                    MOVE @R13++, R15
002163                    
002164  8557  E0C0        _SDB_ORPH1                  INCRB
002165  8558  0804                                    MOVE R8, R1
002166  8559  CFA1  0000                              CMP 0, @R8
002167  855B  FFA3  0006                              RBRA _SDB_ORPH_R, Z
002168  855D  0800                                    MOVE R8, R0
002169  855E  1F80  0011                              ADD FAT32$DEV_BUFFERED_FDH, R0
002170  8560  0F88  8D54                              MOVE SDB_DUMMY_FDH, R2
002171  8562  0201                                    MOVE R2, @R0
002172  8563  0120        _SDB_ORPH_R                 MOVE R1, R8
002173  8564  E100                                    DECRB
002174  8565  0DBC                                    MOVE @R13++, R15
002175                    
002176                    ; ----------------------------------------------------------------------------
002177                    ; 32-bit helpers
002178                    ; ----------------------------------------------------------------------------
002179                    
002180                    ; SDB_B2BLK
002181                    ; Converts a byte position into a 512-byte block index (unsigned 32 bit).
002182                    ;
002183                    ; Input: R9/R10: byte position lo/hi
002184                    ; Output: R9/R10: block index lo/hi
002185  8566  E0C0        SDB_B2BLK                   INCRB
002186  8567  0A00                                    MOVE R10, R0
002187  8568  9F80  01FF                              AND 0x01FF, R0                   ; bits that move down into..
002188  856A  9FB8  FFFD                              AND 0xFFFD, R14                  ; ..the low word; clear X so..
002189  856C  5F80  0007                              SHL 7, R0                        ; ..SHL shifts in zeros
002190  856E  9FB8  FFFB                              AND 0xFFFB, R14                  ; clear C so SHR shifts in 0
002191  8570  6FA4  0009                              SHR 9, R9
002192  8572  1024                                    ADD R0, R9
002193  8573  9FB8  FFFB                              AND 0xFFFB, R14
002194  8575  6FA8  0009                              SHR 9, R10
002195  8577  E100                                    DECRB
002196  8578  0DBC                                    MOVE @R13++, R15
002197                    
002198                    ; SDB_BLK2B
002199                    ; Converts a 512-byte block index into a byte position (unsigned 32 bit).
002200                    ;
002201                    ; Input: R9/R10: block index lo/hi
002202                    ; Output: R9/R10: byte position lo/hi
002203  8579  E0C0        SDB_BLK2B                   INCRB
002204  857A  0900                                    MOVE R9, R0
002205  857B  9FB8  FFFB                              AND 0xFFFB, R14                  ; clear C so SHR shifts in 0
002206  857D  6F80  0007                              SHR 7, R0                        ; bits that move up into..
002207  857F  9FB8  FFFD                              AND 0xFFFD, R14                  ; ..the high word; clear X
002208  8581  5FA8  0009                              SHL 9, R10
002209  8583  1028                                    ADD R0, R10
002210  8584  9FB8  FFFD                              AND 0xFFFD, R14
002211  8586  5FA4  0009                              SHL 9, R9
002212  8588  E100                                    DECRB
002213  8589  0DBC                                    MOVE @R13++, R15
002214                    
002215                    ; SDB_CLULBA
002216                    ; The absolute SD card LBA of one sector within one cluster, i.e. exactly
002217                    ; what FAT32$RW_SIC computes, with every range check spelled out.
002218                    ;
002219                    ; Input: R8: device handle
002220                    ; R9/R10: cluster lo/hi
002221                    ; R11: sector within the cluster
002222                    ; Output: Carry=1: R9/R10 = LBA lo/hi
002223                    ; Carry=0: the cluster or the sector is out of range
002224                    ; R8, R11 unchanged
002225  858A  E0C0        SDB_CLULBA                  INCRB
002226  858B  0800                                    MOVE R8, R0                      ; R0: device handle
002227  858C  0B04                                    MOVE R11, R1                     ; R1: sector
002228                    
002229  858D  CFA8  0000                              CMP 0, R10                       ; cluster >= 2?
002230  858F  FFAB  0006                              RBRA _SDBCL_C1, !Z
002231  8591  CFA4  0001                              CMP 1, R9
002232  8593  FFA4  0044                              RBRA _SDBCL_NO, N                ; cluster = 0
002233  8595  FFA3  0042                              RBRA _SDBCL_NO, Z                ; cluster = 1
002234  8597  CFA8  0FFF  _SDBCL_C1                   CMP SDB_EOC_HI, R10              ; cluster < 0x0FFFFFF0?
002235  8599  FFAB  0006                              RBRA _SDBCL_C2, !Z
002236  859B  C93E  FFF0                              CMP R9, SDB_EOC_LO
002237  859D  FFA4  003A                              RBRA _SDBCL_NO, N
002238  859F  FFA3  0038                              RBRA _SDBCL_NO, Z
002239  85A1  CA3E  0FFF  _SDBCL_C2                   CMP R10, 0x0FFF                  ; and inside 28 bits at all?
002240  85A3  FFA4  0034                              RBRA _SDBCL_NO, N
002241                    
002242  85A5  0008                                    MOVE R0, R2                      ; R2: sectors per cluster
002243  85A6  1F88  000C                              ADD FAT32$DEV_SECT_PER_CLUS, R2
002244  85A8  0248                                    MOVE @R2, R2
002245  85A9  FFA3  002E                              RBRA _SDBCL_NO, Z
002246  85AB  020C                                    MOVE R2, R3
002247  85AC  3F8C  0001                              SUB 1, R3
002248  85AE  C10C                                    CMP R1, R3                       ; sector inside the cluster?
002249  85AF  FFA4  0028                              RBRA _SDBCL_NO, N
002250                    
002251  85B1  0920                                    MOVE R9, R8                      ; (cluster - 2) * spc
002252  85B2  0A24                                    MOVE R10, R9
002253  85B3  3FA0  0002                              SUB 2, R8
002254  85B5  4FA4  0000                              SUBC 0, R9
002255  85B7  0228                                    MOVE R2, R10
002256  85B8  BB2C                                    XOR R11, R11
002257  85B9  FF90  0032                              ASUB mulu32, 1                   ; R11|R10|R9|R8 = 64 bit
002258  85BB  CFA8  0000                              CMP 0, R10                       ; more than 32 bits?
002259  85BD  FFAB  001A                              RBRA _SDBCL_NO, !Z
002260  85BF  CFAC  0000                              CMP 0, R11
002261  85C1  FFAB  0016                              RBRA _SDBCL_NO, !Z
002262                    
002263  85C3  002C                                    MOVE R0, R11                     ; plus cluster_begin_lba
002264  85C4  1FAC  000A                              ADD FAT32$DEV_CLUSTER_LO, R11
002265  85C6  0BA8                                    MOVE @R11++, R10
002266  85C7  0B6C                                    MOVE @R11, R11
002267  85C8  1A20                                    ADD R10, R8
002268  85C9  2B24                                    ADDC R11, R9
002269  85CA  FFA2  000D                              RBRA _SDBCL_NO, C                ; 32-bit overflow
002270  85CC  1120                                    ADD R1, R8                       ; plus the sector
002271  85CD  2FA4  0000                              ADDC 0, R9
002272  85CF  FFA2  0008                              RBRA _SDBCL_NO, C
002273                    
002274  85D1  0928                                    MOVE R9, R10                     ; return the LBA in R9/R10
002275  85D2  0824                                    MOVE R8, R9
002276  85D3  0020                                    MOVE R0, R8
002277  85D4  012C                                    MOVE R1, R11
002278  85D5  AFB8  0004                              OR 0x0004, R14                   ; set Carry
002279  85D7  FFA0  0004                              RBRA _SDBCL_RET, 1
002280  85D9  0020        _SDBCL_NO                   MOVE R0, R8
002281  85DA  012C                                    MOVE R1, R11
002282  85DB  9FB8  FFFB                              AND 0xFFFB, R14                  ; clear Carry
002283  85DD  E100        _SDBCL_RET                  DECRB
002284  85DE  0DBC                                    MOVE @R13++, R15
002285                    
002286                    ; SDB_LBA
002287                    ; Maps a block index within the file to an absolute SD card LBA.
002288                    ;
002289                    ; Input: R8: pointer to the block map
002290                    ; R9/R10: block index lo/hi
002291                    ; Output: Carry=1: R9/R10 = LBA lo/hi
002292                    ; Carry=0: the block cannot be mapped (use the FAT32 library)
002293                    ; R8 unchanged
002294  85DF  E0C0        SDB_LBA                     INCRB
002295  85E0  0800                                    MOVE R8, R0                      ; R0: map
002296  85E1  0904                                    MOVE R9, R1                      ; R1/R2: remaining block idx
002297  85E2  0A08                                    MOVE R10, R2
002298  85E3  004C                                    MOVE @R0, R3                     ; R3: amount of extents
002299  85E4  FFA3  0037                              RBRA _SDBL_NO, Z
002300                    
002301                                                ; reject anything that is not completely inside the file
002302  85E6  0010                                    MOVE R0, R4
002303  85E7  1F90  0003                              ADD SDB_M_TBLK_HI, R4
002304  85E9  C211                                    CMP R2, @R4
002305  85EA  FFA4  0031                              RBRA _SDBL_NO, N                 ; idx_hi > total_hi
002306  85EC  FFAB  0008                              RBRA _SDBL_C1, !Z                ; idx_hi < total_hi: inside
002307  85EE  0010                                    MOVE R0, R4
002308  85EF  1F90  0002                              ADD SDB_M_TBLK_LO, R4
002309  85F1  C111                                    CMP R1, @R4
002310  85F2  FFA4  0029                              RBRA _SDBL_NO, N                 ; idx_lo > total_lo
002311  85F4  FFA3  0027                              RBRA _SDBL_NO, Z                 ; idx_lo = total_lo: outside
002312                    
002313  85F6  0010        _SDBL_C1                    MOVE R0, R4
002314  85F7  1F90  0005                              ADD SDB_M_EXT, R4                ; R4: current extent
002315  85F9  0454        _SDBL_LOOP                  MOVE @R4, R5                     ; R5/R6: blocks in extent
002316  85FA  0418                                    MOVE R4, R6
002317  85FB  1F98  0001                              ADD SDB_E_NBLK_HI, R6
002318  85FD  0658                                    MOVE @R6, R6
002319  85FE  C218                                    CMP R2, R6                       ; remainder < extent size?
002320  85FF  FFA4  0014                              RBRA _SDBL_NEXT, N               ; rem_hi > ext_hi: no
002321  8601  FFAB  0005                              RBRA _SDBL_HIT, !Z               ; rem_hi < ext_hi: yes
002322  8603  C114                                    CMP R1, R5
002323  8604  FFA4  000F                              RBRA _SDBL_NEXT, N               ; rem_lo > ext_lo: no
002324  8606  FFA3  000D                              RBRA _SDBL_NEXT, Z               ; rem_lo = ext_lo: no
002325                    
002326  8608  0418        _SDBL_HIT                   MOVE R4, R6
002327  8609  1F98  0002                              ADD SDB_E_LBA_LO, R6
002328  860B  06A4                                    MOVE @R6++, R9                   ; R9/R10: LBA of the extent
002329  860C  0668                                    MOVE @R6, R10
002330  860D  1124                                    ADD R1, R9                       ; plus the remainder
002331  860E  2228                                    ADDC R2, R10
002332  860F  FFA2  000C                              RBRA _SDBL_NO, C                 ; 32-bit overflow
002333  8611  AFB8  0004                              OR 0x0004, R14                   ; set Carry
002334  8613  FFA0  000A                              RBRA _SDBL_RET, 1
002335                    
002336  8615  3504        _SDBL_NEXT                  SUB R5, R1                       ; remainder -= extent size
002337  8616  4608                                    SUBC R6, R2
002338  8617  1F90  0004                              ADD SDB_E_SIZE, R4               ; next extent
002339  8619  3F8C  0001                              SUB 1, R3
002340  861B  FFAB  FFDC                              RBRA _SDBL_LOOP, !Z
002341  861D  9FB8  FFFB  _SDBL_NO                    AND 0xFFFB, R14                  ; clear Carry
002342  861F  E100        _SDBL_RET                   DECRB
002343  8620  0DBC                                    MOVE @R13++, R15
002344                    
002345                    ; Unsigned 32-bit "A >= B" for two little-endian word pairs in memory.
002346                    ; The answer is returned in the Carry flag and not in N/Z, because MOVE @R13++, R15 is
002347                    ; a MOVE (see sysdef.asm) and a MOVE overwrites N and Z but not the Carry.
002348                    ; Input: R8: pointer to A (lo, hi), R9: pointer to B (lo, hi)
002349                    ; Output: Carry=1 if A >= B, R8 and R9 unchanged
002350  8621  E0C0        _SDB_GE32                   INCRB
002351  8622  0800                                    MOVE R8, R0
002352  8623  0904                                    MOVE R9, R1
002353  8624  1F80  0001                              ADD 1, R0
002354  8626  1F84  0001                              ADD 1, R1
002355  8628  C045                                    CMP @R0, @R1                     ; high words
002356  8629  FFA4  000B                              RBRA _SDB_G32Y, N                ; A_hi > B_hi
002357  862B  FFAB  0005                              RBRA _SDB_G32N, !Z               ; A_hi < B_hi
002358  862D  C865                                    CMP @R8, @R9                     ; low words
002359  862E  FFA4  0006                              RBRA _SDB_G32Y, N
002360  8630  FFA3  0004                              RBRA _SDB_G32Y, Z
002361  8632  9FB8  FFFB  _SDB_G32N                   AND 0xFFFB, R14                  ; clear Carry
002362  8634  FFA0  0002                              RBRA _SDB_G32R, 1
002363  8636  AFB8  0004  _SDB_G32Y                   OR 0x0004, R14                   ; set Carry
002364  8638  E100        _SDB_G32R                   DECRB
002365  8639  0DBC                                    MOVE @R13++, R15
002366                    
002367                    ; ----------------------------------------------------------------------------
002368                    ; Building the map
002369                    ; ----------------------------------------------------------------------------
002370                    
002371                    ; SDB_MAP_BUILD
002372                    ; Walks the FAT cluster chain of an open file once and stores the result as
002373                    ; an extent table, so that SDB_LBA can map blocks to LBAs afterwards. Costs
002374                    ; one SD card block read per 128 clusters of the file.
002375                    ;
002376                    ; Reads FAT sectors directly and therefore destroys the FAT32 library's
002377                    ; sector buffer, so it guards and restores it (see THE TWO RULES above). It
002378                    ; never modifies the file handle: the file position is the same afterwards.
002379                    ;
002380                    ; Input: R8: file handle (FDH)
002381                    ; R9: pointer to the block map to be filled
002382                    ; Output: none. The map is left invalid (extent count = 0, reason in
002383                    ; SDB_M_BAIL) when the file cannot be described, which makes all
002384                    ; callers fall back silently.
002385  863A  FF90  005E  SDB_MAP_BUILD               ASUB enter, 1
002386                    
002387  863C  0800                                    MOVE R8, R0                      ; R0: FDH
002388  863D  0904                                    MOVE R9, R1                      ; R1: map
002389                    
002390  863E  0F85  0000                              MOVE 0, @R1                      ; invalid until proven good
002391  8640  0108                                    MOVE R1, R2
002392  8641  1F88  0004                              ADD SDB_M_BAIL, R2
002393  8643  0F89  0001                              MOVE SDB_B_NOMAP, @R2
002394  8645  0F88  8D53                              MOVE SDB_NULL_MAP, R2            ; no real map for this drive?
002395  8647  C204                                    CMP R2, R1
002396  8648  FFA3  0100                              RBRA _SDBMB_RET, Z               ; then there is nothing to do
002397                    
002398  864A  0108                                    MOVE R1, R2
002399  864B  1F88  0001                              ADD SDB_M_FDH, R2
002400  864D  0009                                    MOVE R0, @R2                     ; remember the file handle
002401                    
002402  864E  0FA0  0002                              MOVE SDB_B_NODEV, R8
002403  8650  FFB0  00FB                              RSUB _SDB_BAIL, 1
002404  8652  0008                                    MOVE R0, R2
002405  8653  1F88  0000                              ADD FAT32$FDH_DEVICE, R2
002406  8655  0248                                    MOVE @R2, R2                     ; R2: device handle
002407  8656  FFA3  00F2                              RBRA _SDBMB_RET, Z
002408                    
002409  8658  0FA0  0003                              MOVE SDB_B_NOSPC, R8
002410  865A  FFB0  00F1                              RSUB _SDB_BAIL, 1
002411  865C  020C                                    MOVE R2, R3
002412  865D  1F8C  000C                              ADD FAT32$DEV_SECT_PER_CLUS, R3
002413  865F  034C                                    MOVE @R3, R3                     ; R3: sectors per cluster
002414  8660  FFA3  00E8                              RBRA _SDBMB_RET, Z
002415                    
002416                                                ; total amount of whole 512-byte blocks = filesize / 512
002417  8662  0020                                    MOVE R0, R8
002418  8663  1FA0  0005                              ADD FAT32$FDH_SIZE_LO, R8
002419  8665  0864                                    MOVE @R8, R9
002420  8666  0020                                    MOVE R0, R8
002421  8667  1FA0  0006                              ADD FAT32$FDH_SIZE_HI, R8
002422  8669  0868                                    MOVE @R8, R10
002423  866A  FFB0  FEFA                              RSUB SDB_B2BLK, 1
002424  866C  0120                                    MOVE R1, R8
002425  866D  1FA0  0002                              ADD SDB_M_TBLK_LO, R8
002426  866F  0921                                    MOVE R9, @R8
002427  8670  0120                                    MOVE R1, R8
002428  8671  1FA0  0003                              ADD SDB_M_TBLK_HI, R8
002429  8673  0A21                                    MOVE R10, @R8
002430  8674  0FA0  8D65                              MOVE SDB_S_BLEFT, R8             ; blocks still to be mapped
002431  8676  0922                                    MOVE R9, @R8++
002432  8677  0A21                                    MOVE R10, @R8
002433                    
002434                    
002435                    
002436                    
002437                    
002438                    
002439                    
002440  8678  0FA0  0004                              MOVE SDB_B_EMPTY, R8
002441  867A  FFB0  00D1                              RSUB _SDB_BAIL, 1
002442  867C  0FA0  8D65                              MOVE SDB_S_BLEFT, R8
002443  867E  CFA1  0000                              CMP 0, @R8
002444  8680  FFAB  0006                              RBRA _SDBMB_C0, !Z
002445  8682  1FA0  0001                              ADD 1, R8
002446  8684  CFA1  0000                              CMP 0, @R8
002447  8686  FFA3  00C2                              RBRA _SDBMB_RET, Z               ; less than one whole block
002448                    
002449                                                ; start cluster of the file
002450  8688  0FA0  0005  _SDBMB_C0                   MOVE SDB_B_BADSTART, R8
002451  868A  FFB0  00C1                              RSUB _SDB_BAIL, 1
002452  868C  0020                                    MOVE R0, R8
002453  868D  1FA0  0009                              ADD FAT32$FDH_START_CLUS_LO, R8
002454  868F  0864                                    MOVE @R8, R9
002455  8690  0020                                    MOVE R0, R8
002456  8691  1FA0  000A                              ADD FAT32$FDH_START_CLUS_HI, R8
002457  8693  0868                                    MOVE @R8, R10
002458  8694  CFA8  0000                              CMP 0, R10                       ; cluster >= 2?
002459  8696  FFAB  0006                              RBRA _SDBMB_C1, !Z
002460  8698  CFA4  0001                              CMP 1, R9
002461  869A  FFA4  00AE                              RBRA _SDBMB_RET, N               ; cluster = 0: unusable
002462  869C  FFA3  00AC                              RBRA _SDBMB_RET, Z               ; cluster = 1: unusable
002463  869E  0FA0  8D69  _SDBMB_C1                   MOVE SDB_S_CLU, R8
002464  86A0  0922                                    MOVE R9, @R8++
002465  86A1  0A21                                    MOVE R10, @R8
002466                    
002467                                                ; from here on the SD controller buffer gets destroyed, so
002468                                                ; make sure we can put it back before touching anything
002469  86A2  0FA0  000B                              MOVE SDB_B_GUARD, R8
002470  86A4  FFB0  00A7                              RSUB _SDB_BAIL, 1
002471  86A6  FFB0  FE25                              RSUB SDB_GUARD_IN, 1
002472  86A8  FFAA  00A0                              RBRA _SDBMB_RET, !C
002473                    
002474  86AA  0FA0  8D71                              MOVE SDB_S_FCVAL, R8             ; FAT sector cache is empty
002475  86AC  0FA1  0000                              MOVE 0, @R8
002476                    
002477  86AE  B410                                    XOR R4, R4                       ; R4: amount of extents
002478  86AF  0114                                    MOVE R1, R5
002479  86B0  1F94  0005                              ADD SDB_M_EXT, R5                ; R5: next extent to write
002480                    
002481                                                ; ---- outer loop: one iteration per extent
002482  86B2  0FA0  0006  _SDBMB_EXT                  MOVE SDB_B_FRAG, R8
002483  86B4  FFB0  0097                              RSUB _SDB_BAIL, 1
002484  86B6  0FA0  0008                              MOVE SDB_MAX_EXT, R8
002485  86B8  C420                                    CMP R4, R8                       ; still room for an extent?
002486  86B9  FFA4  008D                              RBRA _SDBMB_OUT, N               ; cannot happen
002487  86BB  FFA3  008B                              RBRA _SDBMB_OUT, Z               ; no: file is too fragmented
002488                    
002489  86BD  0FA0  8D69                              MOVE SDB_S_CLU, R8               ; remember the first cluster
002490  86BF  0FA4  8D6B                              MOVE SDB_S_RSTART, R9            ; of this extent
002491  86C1  08A6                                    MOVE @R8++, @R9++
002492  86C2  0865                                    MOVE @R8, @R9
002493                    
002494  86C3  0FA0  8D67                              MOVE SDB_S_RBLK, R8              ; blocks in this extent = 0
002495  86C5  0FA2  0000                              MOVE 0, @R8++
002496  86C7  0FA1  0000                              MOVE 0, @R8
002497                    
002498                                                ; ---- inner loop: follow physically consecutive clusters
002499  86C9  0FA0  8D67  _SDBMB_RUN                  MOVE SDB_S_RBLK, R8              ; blocks += sectors/cluster
002500  86CB  0324                                    MOVE R3, R9
002501  86CC  1922                                    ADD R9, @R8++
002502  86CD  2FA1  0000                              ADDC 0, @R8
002503                    
002504  86CF  0FA0  8D67                              MOVE SDB_S_RBLK, R8              ; blocks >= blocks left?
002505  86D1  0FA4  8D65                              MOVE SDB_S_BLEFT, R9
002506  86D3  FFB0  FF4C                              RSUB _SDB_GE32, 1
002507  86D5  FFA2  005D                              RBRA _SDBMB_LAST, C              ; yes: this is the last extent
002508                    
002509  86D7  0FA0  0007                              MOVE SDB_B_FATERR, R8
002510  86D9  FFB0  0072                              RSUB _SDB_BAIL, 1
002511  86DB  0FA0  8D69                              MOVE SDB_S_CLU, R8               ; next cluster from the FAT
002512  86DD  08A4                                    MOVE @R8++, R9
002513  86DE  0868                                    MOVE @R8, R10
002514  86DF  0220                                    MOVE R2, R8
002515  86E0  FFB0  008A                              RSUB SDB_FAT_NEXT, 1
002516  86E2  FFAA  0064                              RBRA _SDBMB_OUT, !C              ; read error: no map
002517                    
002518  86E4  0FA0  0008                              MOVE SDB_B_BADCLUS, R8
002519  86E6  FFB0  0065                              RSUB _SDB_BAIL, 1
002520  86E8  CFA8  0000                              CMP 0, R10                       ; free or reserved cluster?
002521  86EA  FFAB  0006                              RBRA _SDBMB_N1, !Z
002522  86EC  CFA4  0001                              CMP 1, R9
002523  86EE  FFA4  0058                              RBRA _SDBMB_OUT, N               ; cluster = 0: unusable
002524  86F0  FFA3  0056                              RBRA _SDBMB_OUT, Z               ; cluster = 1: unusable
002525  86F2  0FA0  0009  _SDBMB_N1                   MOVE SDB_B_SHORT, R8
002526  86F4  FFB0  0057                              RSUB _SDB_BAIL, 1
002527  86F6  CFA8  0FFF                              CMP SDB_EOC_HI, R10              ; end of chain?
002528  86F8  FFAB  0006                              RBRA _SDBMB_N2, !Z
002529  86FA  C93E  FFF0                              CMP R9, SDB_EOC_LO
002530  86FC  FFA4  004A                              RBRA _SDBMB_OUT, N               ; chain shorter than the file
002531  86FE  FFA3  0048                              RBRA _SDBMB_OUT, Z
002532  8700  0FA0  8D6D  _SDBMB_N2                   MOVE SDB_S_NEXT, R8
002533  8702  0922                                    MOVE R9, @R8++
002534  8703  0A21                                    MOVE R10, @R8
002535                    
002536                                                ; physically consecutive? then extend the current run
002537  8704  0FA0  8D69                              MOVE SDB_S_CLU, R8
002538  8706  08AC                                    MOVE @R8++, R11
002539  8707  0870                                    MOVE @R8, R12
002540  8708  1FAC  0001                              ADD 1, R11
002541  870A  2FB0  0000                              ADDC 0, R12
002542  870C  CB24                                    CMP R11, R9
002543  870D  FFAB  0009                              RBRA _SDBMB_BRK, !Z
002544  870F  CC28                                    CMP R12, R10
002545  8710  FFAB  0006                              RBRA _SDBMB_BRK, !Z
002546  8712  0FA0  8D69                              MOVE SDB_S_CLU, R8               ; yes: advance and continue
002547  8714  0922                                    MOVE R9, @R8++
002548  8715  0A21                                    MOVE R10, @R8
002549  8716  FFA0  FFB1                              RBRA _SDBMB_RUN, 1
002550                    
002551                                                ; ---- the run ends here, but the file continues
002552  8718  0FA0  8D67  _SDBMB_BRK                  MOVE SDB_S_RBLK, R8              ; extent size = run size
002553  871A  0898                                    MOVE @R8++, R6
002554  871B  085C                                    MOVE @R8, R7
002555  871C  0FA0  000A                              MOVE SDB_B_LBA, R8
002556  871E  FFB0  002D                              RSUB _SDB_BAIL, 1
002557  8720  FFB0  0032                              RSUB _SDB_EMIT, 1
002558  8722  FFAA  0024                              RBRA _SDBMB_OUT, !C
002559  8724  0FA0  8D65                              MOVE SDB_S_BLEFT, R8             ; blocks left -= extent size
002560  8726  3622                                    SUB R6, @R8++
002561  8727  4721                                    SUBC R7, @R8
002562  8728  0FA0  8D6D                              MOVE SDB_S_NEXT, R8              ; continue with the cluster..
002563  872A  0FA4  8D69                              MOVE SDB_S_CLU, R9               ; ..that broke the run
002564  872C  08A6                                    MOVE @R8++, @R9++
002565  872D  0865                                    MOVE @R8, @R9
002566  872E  1F90  0001                              ADD 1, R4
002567  8730  1F94  0004                              ADD SDB_E_SIZE, R5
002568  8732  FFA0  FF7E                              RBRA _SDBMB_EXT, 1
002569                    
002570                                                ; ---- the current run covers the rest of the file
002571  8734  0FA0  8D65  _SDBMB_LAST                 MOVE SDB_S_BLEFT, R8             ; extent size = blocks left
002572  8736  0898                                    MOVE @R8++, R6
002573  8737  085C                                    MOVE @R8, R7
002574  8738  0FA0  000A                              MOVE SDB_B_LBA, R8
002575  873A  FFB0  0011                              RSUB _SDB_BAIL, 1
002576  873C  FFB0  0016                              RSUB _SDB_EMIT, 1
002577  873E  FFAA  0008                              RBRA _SDBMB_OUT, !C
002578  8740  1F90  0001                              ADD 1, R4
002579  8742  0405                                    MOVE R4, @R1                     ; map is complete and valid
002580  8743  0120                                    MOVE R1, R8
002581  8744  1FA0  0004                              ADD SDB_M_BAIL, R8
002582  8746  0FA1  0000                              MOVE SDB_B_OK, @R8
002583                    
002584                                                ; ---- put the library's sector buffer back
002585  8748  FFB0  FDDD  _SDBMB_OUT                  RSUB SDB_GUARD_OUT, 1
002586  874A              _SDBMB_RET                  
002587                    
002588                    
002589                    
002590                    
002591  874A  FF90  0060                              ASUB leave, 1
002592  874C  0DBC                                    MOVE @R13++, R15
002593                    
002594                    ; Stores a bail-out reason in the map, so that the reason survives even
002595                    ; without the serial log. Runs in SDB_MAP_BUILD's own register bank (R1 is
002596                    ; the map there) and must not disturb any register, hence the stack.
002597                    ; Input: R1 = map, R8 = reason. Output: everything unchanged.
002598  874D  0937        _SDB_BAIL                   MOVE R9, @--R13
002599  874E  0124                                    MOVE R1, R9
002600  874F  1FA4  0004                              ADD SDB_M_BAIL, R9
002601  8751  0825                                    MOVE R8, @R9
002602  8752  0DA4                                    MOVE @R13++, R9
002603  8753  0DBC                                    MOVE @R13++, R15
002604                    
002605                    ; Writes one extent: R6/R7 = amount of blocks, SDB_S_RSTART = first cluster,
002606                    ; R5 = destination, R2 = device handle.
002607                    ; Output: Carry=1 if the extent is usable. Clobbers R8..R12, leaves R0..R7.
002608  8754  0FA0  8D6B  _SDB_EMIT                   MOVE SDB_S_RSTART, R8
002609  8756  08A4                                    MOVE @R8++, R9
002610  8757  0868                                    MOVE @R8, R10
002611  8758  BB2C                                    XOR R11, R11                     ; sector 0 within the cluster
002612  8759  0220                                    MOVE R2, R8
002613  875A  FFB0  FE2E                              RSUB SDB_CLULBA, 1
002614  875C  FFAA  000D                              RBRA _SDB_EMIT_R, !C             ; Carry is already clear
002615                    
002616  875E  0520                                    MOVE R5, R8
002617  875F  0621                                    MOVE R6, @R8
002618  8760  0520                                    MOVE R5, R8
002619  8761  1FA0  0001                              ADD SDB_E_NBLK_HI, R8
002620  8763  0721                                    MOVE R7, @R8
002621  8764  0520                                    MOVE R5, R8
002622  8765  1FA0  0002                              ADD SDB_E_LBA_LO, R8
002623  8767  0922                                    MOVE R9, @R8++
002624  8768  0A21                                    MOVE R10, @R8
002625  8769  AFB8  0004                              OR 0x0004, R14                   ; set Carry
002626  876B  0DBC        _SDB_EMIT_R                 MOVE @R13++, R15
002627                    
002628                    ; SDB_FAT_NEXT
002629                    ; Reads the FAT32 chain successor of a cluster. Uses a one entry cache for
002630                    ; the FAT sector, so a run of consecutive clusters costs one SD card block
002631                    ; read per 128 clusters. Expects SDB_GUARD_IN to have been called.
002632                    ;
002633                    ; Input: R8: device handle
002634                    ; R9/R10: cluster lo/hi
002635                    ; Output: Carry=1: R9/R10 = successor cluster lo/hi (28 bit)
002636                    ; Carry=0: the FAT sector could not be read
002637                    ; R8 unchanged
002638  876C  E0C0        SDB_FAT_NEXT                INCRB
002639  876D  0800                                    MOVE R8, R0                      ; R0: device handle
002640  876E  0904                                    MOVE R9, R1                      ; R1: byte offset in sector
002641  876F  9F84  007F                              AND 0x007F, R1                   ; 128 FAT entries per sector
002642  8771  9FB8  FFFD                              AND 0xFFFD, R14                  ; clear X
002643  8773  5F84  0002                              SHL 2, R1                        ; 4 bytes per entry
002644                    
002645                                                ; FAT sector number = cluster / 128
002646  8775  0A08                                    MOVE R10, R2
002647  8776  9F88  007F                              AND 0x007F, R2
002648  8778  9FB8  FFFD                              AND 0xFFFD, R14
002649  877A  5F88  0009                              SHL 9, R2
002650  877C  9FB8  FFFB                              AND 0xFFFB, R14                  ; clear C
002651  877E  6FA4  0007                              SHR 7, R9
002652  8780  1224                                    ADD R2, R9
002653  8781  9FB8  FFFB                              AND 0xFFFB, R14
002654  8783  6FA8  0007                              SHR 7, R10
002655                    
002656  8785  0008                                    MOVE R0, R2                      ; plus the FAT start LBA
002657  8786  1F88  0008                              ADD FAT32$DEV_FAT_LO, R2
002658  8788  028C                                    MOVE @R2++, R3
002659  8789  0248                                    MOVE @R2, R2
002660  878A  1324                                    ADD R3, R9
002661  878B  2228                                    ADDC R2, R10
002662  878C  FFA2  004E                              RBRA _SDB_FN_ERR, C              ; 32-bit overflow
002663                    
002664                                                ; is this sector already in the hardware buffer?
002665  878E  0F88  8D71                              MOVE SDB_S_FCVAL, R2
002666  8790  CF89  0000                              CMP 0, @R2
002667  8792  FFA3  000A                              RBRA _SDB_FN_RD, Z
002668  8794  0F88  8D6F                              MOVE SDB_S_FCLBA, R2
002669  8796  C264                                    CMP @R2, R9
002670  8797  FFAB  0005                              RBRA _SDB_FN_RD, !Z
002671  8799  1F88  0001                              ADD 1, R2
002672  879B  C268                                    CMP @R2, R10
002673  879C  FFA3  0016                              RBRA _SDB_FN_BUF, Z
002674                    
002675  879E  0F88  8D71  _SDB_FN_RD                  MOVE SDB_S_FCVAL, R2             ; cache is stale in any case
002676  87A0  0F89  0000                              MOVE 0, @R2
002677  87A2  0908                                    MOVE R9, R2                      ; R2/R3: remember the LBA
002678  87A3  0A0C                                    MOVE R10, R3
002679  87A4  0220                                    MOVE R2, R8
002680  87A5  0324                                    MOVE R3, R9
002681  87A6  FF90  003C                              ASUB sd_r_block, 1
002682  87A8  CFA0  0000                              CMP 0, R8
002683  87AA  FFAB  002E                              RBRA _SDB_FN_SDE, !Z
002684  87AC  0FA0  8D6F                              MOVE SDB_S_FCLBA, R8
002685  87AE  0222                                    MOVE R2, @R8++
002686  87AF  0321                                    MOVE R3, @R8
002687  87B0  0FA0  8D71                              MOVE SDB_S_FCVAL, R8
002688  87B2  0FA1  0001                              MOVE 1, @R8
002689                    
002690                                                ; read the 32-bit little-endian FAT entry. Keep one
002691                                                ; instruction between writing IO$SD_DATA_POS and reading
002692                                                ; IO$SD_DATA, exactly like SD$READ_BYTE does: the buffer is a
002693                                                ; block RAM whose output is registered (see byte_bram.vhd).
002694  87B4  0F88  FF22  _SDB_FN_BUF                 MOVE IO$SD_DATA_POS, R2
002695  87B6  0F8C  FF23                              MOVE IO$SD_DATA, R3
002696  87B8  0110                                    MOVE R1, R4                      ; R4: walking byte offset
002697  87B9  0409                                    MOVE R4, @R2
002698  87BA  1F90  0001                              ADD 1, R4                        ; spacing, and the next offset
002699  87BC  0364                                    MOVE @R3, R9                     ; byte 0
002700  87BD  0409                                    MOVE R4, @R2
002701  87BE  1F90  0001                              ADD 1, R4
002702  87C0  0354                                    MOVE @R3, R5                     ; byte 1
002703  87C1  9FB8  FFFD                              AND 0xFFFD, R14
002704  87C3  5F94  0008                              SHL 8, R5
002705  87C5  1524                                    ADD R5, R9
002706  87C6  0409                                    MOVE R4, @R2
002707  87C7  1F90  0001                              ADD 1, R4
002708  87C9  0368                                    MOVE @R3, R10                    ; byte 2
002709  87CA  0409                                    MOVE R4, @R2
002710  87CB  1F90  0001                              ADD 1, R4
002711  87CD  0354                                    MOVE @R3, R5                     ; byte 3
002712  87CE  9FB8  FFFD                              AND 0xFFFD, R14
002713  87D0  5F94  0008                              SHL 8, R5
002714  87D2  1528                                    ADD R5, R10
002715  87D3  9FA8  0FFF                              AND 0x0FFF, R10                  ; FAT32 entries are 28 bit
002716  87D5  0020                                    MOVE R0, R8
002717  87D6  AFB8  0004                              OR 0x0004, R14                   ; set Carry
002718  87D8  FFA0  0005                              RBRA _SDB_FN_RET, 1
002719                    
002720  87DA  FFB0  FCEA  _SDB_FN_SDE                 RSUB SDB_SDERR, 1
002721  87DC  0020        _SDB_FN_ERR                 MOVE R0, R8
002722  87DD  9FB8  FFFB                              AND 0xFFFB, R14                  ; clear Carry
002723  87DF  E100        _SDB_FN_RET                 DECRB
002724  87E0  0DBC                                    MOVE @R13++, R15
002725                    
002726                    ; ----------------------------------------------------------------------------
002727                    ; Block transfers
002728                    ; ----------------------------------------------------------------------------
002729                    
002730                    ; SDB_SD2VD
002731                    ; Copies the 512 bytes in the buffer of the SD controller into the internal
002732                    ; block buffer of a virtual drive. Device and 4k window selection are hoisted
002733                    ; out of the loop, which is what makes this about twenty times faster than
002734                    ; the original per-byte VD_CAD_WRITE sequence.
002735                    ;
002736                    ; Input: R8: virtual drive number (only used for the vdrives device select)
002737                    ; Output: none, all registers unchanged
002738  87E1  E0C0        SDB_SD2VD                   INCRB
002739  87E2  0F80  FFF4                              MOVE M2M$RAMROM_DEV, R0
002740  87E4  0F84  8CB2                              MOVE VDRIVES_DEVICE, R1
002741  87E6  0141                                    MOVE @R1, @R0                    ; select the vdrives device
002742  87E7  0F80  FFF5                              MOVE M2M$RAMROM_4KWIN, R0
002743  87E9  0F81  0000                              MOVE VD_WIN_CAD, @R0             ; control and data registers
002744                    
002745  87EB  0F80  FF22                              MOVE IO$SD_DATA_POS, R0
002746  87ED  0F84  FF23                              MOVE IO$SD_DATA, R1
002747  87EF  0F88  7005                              MOVE VD_B_ADDR, R2
002748  87F1  0F8C  7006                              MOVE VD_B_DOUT, R3
002749  87F3  0F90  7007                              MOVE VD_B_WREN, R4
002750  87F5  B514                                    XOR R5, R5
002751  87F6  0501        _SDB_S2V_L                  MOVE R5, @R0                     ; position in the SD buffer
002752  87F7  0509                                    MOVE R5, @R2                     ; address in the drive buffer
002753  87F8  014D                                    MOVE @R1, @R3                    ; the byte itself
002754  87F9  0F91  0001                              MOVE 1, @R4                      ; strobe write enable
002755  87FB  0F91  0000                              MOVE 0, @R4
002756  87FD  1F94  0001                              ADD 1, R5
002757  87FF  CF94  0200                              CMP 0x0200, R5
002758  8801  FFAB  FFF3                              RBRA _SDB_S2V_L, !Z
002759  8803  E100                                    DECRB
002760  8804  0DBC                                    MOVE @R13++, R15
002761                    
002762                    ; SDB_VD2SD
002763                    ; Copies the 512 bytes from the internal block buffer of a virtual drive into
002764                    ; the buffer of the SD controller. The drive buffer address register lives in
002765                    ; the control/data window while the data register lives in the drive window,
002766                    ; so the window selector has to be toggled per byte; the device selection is
002767                    ; still hoisted out of the loop.
002768                    ;
002769                    ; Input: R8: virtual drive number
002770                    ; Output: none, all registers unchanged
002771  8805  E0C0        SDB_VD2SD                   INCRB
002772  8806  0F80  FFF4                              MOVE M2M$RAMROM_DEV, R0
002773  8808  0F84  8CB2                              MOVE VDRIVES_DEVICE, R1
002774  880A  0141                                    MOVE @R1, @R0                    ; select the vdrives device
002775                    
002776  880B  0F80  FFF5                              MOVE M2M$RAMROM_4KWIN, R0        ; R0: window selector
002777  880D  0F84  0001                              MOVE VD_WIN_DRV, R1
002778  880F  1804                                    ADD R8, R1                       ; R1: window of this drive
002779  8810  0F88  FF22                              MOVE IO$SD_DATA_POS, R2
002780  8812  0F8C  FF23                              MOVE IO$SD_DATA, R3
002781  8814  0F90  7005                              MOVE VD_B_ADDR, R4
002782  8816  0F94  700B                              MOVE VD_B_DIN, R5
002783  8818  B618                                    XOR R6, R6
002784  8819  0F81  0000  _SDB_V2S_L                  MOVE VD_WIN_CAD, @R0             ; control and data registers
002785  881B  0611                                    MOVE R6, @R4                     ; address in the drive buffer
002786  881C  0101                                    MOVE R1, @R0                     ; drive specific registers
002787  881D  0609                                    MOVE R6, @R2                     ; position in the SD buffer
002788  881E  054D                                    MOVE @R5, @R3                    ; the byte itself
002789  881F  1F98  0001                              ADD 1, R6
002790  8821  CF98  0200                              CMP 0x0200, R6
002791  8823  FFAB  FFF4                              RBRA _SDB_V2S_L, !Z
002792  8825  E100                                    DECRB
002793  8826  0DBC                                    MOVE @R13++, R15
002794                    
002795                    ; SDB_SD2DEV
002796                    ; Copies the 512 bytes in the buffer of the SD controller into an M2M byte
002797                    ; streaming device (a CRT/ROM load target), handling the 4k window boundary.
002798                    ;
002799                    ; Input: R8: target device id
002800                    ; R9: target 4k window
002801                    ; R10: target address within the window (M2M$RAMROM_DATA based)
002802                    ; Output: R9/R10: window and address behind the last written byte
002803                    ; R8 unchanged
002804  8827  E0C0        SDB_SD2DEV                  INCRB
002805  8828  0F80  FFF4                              MOVE M2M$RAMROM_DEV, R0
002806  882A  0801                                    MOVE R8, @R0
002807  882B  0F80  FFF5                              MOVE M2M$RAMROM_4KWIN, R0        ; R0: window selector
002808  882D  0901                                    MOVE R9, @R0
002809  882E  0F84  FF22                              MOVE IO$SD_DATA_POS, R1
002810  8830  0F88  FF23                              MOVE IO$SD_DATA, R2
002811  8832  0F8C  7000                              MOVE M2M$RAMROM_DATA, R3
002812  8834  1F8C  1000                              ADD 0x1000, R3                   ; R3: end of window marker
002813  8836  B410                                    XOR R4, R4                       ; R4: position in the SD buf
002814  8837  0F94  0200                              MOVE 0x0200, R5                  ; R5: bytes still to go
002815                                                ; One instruction has to sit between writing IO$SD_DATA_POS
002816                                                ; and reading IO$SD_DATA, exactly like SD$READ_BYTE does: the
002817                                                ; buffer is a block RAM with a registered output, see
002818                                                ; M2M/QNICE/vhdl/byte_bram.vhd. The ADD below is that
002819                                                ; instruction and does useful work at the same time.
002820  8839  0405        _SDB_S2D_L                  MOVE R4, @R1                     ; position in the SD buffer
002821  883A  1F90  0001                              ADD 1, R4
002822  883C  026A                                    MOVE @R2, @R10++                 ; the byte itself
002823  883D  C328                                    CMP R3, R10                      ; 4k window boundary?
002824  883E  FFAB  0005                              RBRA _SDB_S2D_1, !Z              ; no
002825  8840  0FA8  7000                              MOVE M2M$RAMROM_DATA, R10        ; yes: next window
002826  8842  1FA4  0001                              ADD 1, R9
002827  8844  0901                                    MOVE R9, @R0
002828  8845  3F94  0001  _SDB_S2D_1                  SUB 1, R5
002829  8847  FFAB  FFF0                              RBRA _SDB_S2D_L, !Z
002830  8849  E100                                    DECRB
002831  884A  0DBC                                    MOVE @R13++, R15
002832                    
002833                    ; ----------------------------------------------------------------------------
002834                    ; High level entry points
002835                    ; ----------------------------------------------------------------------------
002836                    
002837                    ; SDB_VD_RDBLK
002838                    ; Prepares one virtual drive block read: maps the byte position to an LBA and
002839                    ; reads that block into the buffer of the SD controller. On success the
002840                    ; caller acknowledges sd_rd_i and then calls SDB_SD2VD.
002841                    ;
002842                    ; Input: R8: virtual drive number
002843                    ; R9: file handle of the disk image
002844                    ; R10/R11: byte position within the image, lo/hi
002845                    ; R12: amount of bytes the core asked for
002846                    ; Output: Carry=1: the block is in the buffer of the SD controller
002847                    ; Carry=0: use the FAT32 library path instead
002848                    ; R8 .. R12 unchanged
002849  884B  E0C0        SDB_VD_RDBLK                INCRB
002850  884C  0800                                    MOVE R8, R0
002851  884D  0904                                    MOVE R9, R1
002852  884E  0A08                                    MOVE R10, R2
002853  884F  0B0C                                    MOVE R11, R3
002854  8850  0C10                                    MOVE R12, R4
002855  8851  FFB0  0054                              RSUB _SDB_PREP, 1                ; R9/R10: LBA
002856  8853  FFAA  0017                              RBRA _SDB_VRD_NO, !C
002857  8855  0914                                    MOVE R9, R5                      ; R5/R6: LBA
002858  8856  0A18                                    MOVE R10, R6
002859  8857  FFB0  FC74                              RSUB SDB_GUARD_IN, 1             ; can we put the buffer back?
002860  8859  FFAA  0011                              RBRA _SDB_VRD_NO, !C             ; no: nothing was touched
002861  885B  0520                                    MOVE R5, R8
002862  885C  0624                                    MOVE R6, R9
002863  885D  FF90  003C                              ASUB sd_r_block, 1
002864  885F  CFA0  0000                              CMP 0, R8
002865  8861  FFAB  0005                              RBRA _SDB_VRD_SDE, !Z            ; SD error: try the slow path
002866  8863  0020                                    MOVE R0, R8
002867  8864  AFB8  0004                              OR 0x0004, R14                   ; set Carry
002868  8866  FFA0  0007                              RBRA _SDB_VRD_R, 1
002869  8868  FFB0  FC5C  _SDB_VRD_SDE                RSUB SDB_SDERR, 1
002870  886A  FFB0  FCBB                              RSUB SDB_GUARD_OUT, 1
002871  886C  0020        _SDB_VRD_NO                 MOVE R0, R8
002872  886D  9FB8  FFFB                              AND 0xFFFB, R14                  ; clear Carry
002873  886F  0124        _SDB_VRD_R                  MOVE R1, R9
002874  8870  0228                                    MOVE R2, R10
002875  8871  032C                                    MOVE R3, R11
002876  8872  0430                                    MOVE R4, R12
002877  8873  E100                                    DECRB
002878  8874  0DBC                                    MOVE @R13++, R15
002879                    
002880                    ; SDB_VD_RDDONE
002881                    ; Called by HANDLE_DRV_RD after SDB_SD2VD has emptied the buffer: puts the
002882                    ; FAT32 library's sector back into it.
002883                    ;
002884                    ; Input: none
002885                    ; Output: none, all registers unchanged
002886  8875  FFB0  FCB0  SDB_VD_RDDONE               RSUB SDB_GUARD_OUT, 1
002887  8877  0DBC                                    MOVE @R13++, R15
002888                    
002889                    ; SDB_VD_WRBLK
002890                    ; Writes one virtual drive block: maps the byte position to an LBA, copies
002891                    ; the internal block buffer of the drive into the buffer of the SD controller
002892                    ; and writes it. The caller acknowledges sd_wr_i afterwards.
002893                    ;
002894                    ; Input: R8: virtual drive number
002895                    ; R9: file handle of the disk image
002896                    ; R10/R11: byte position within the image, lo/hi
002897                    ; R12: amount of bytes the core wants to write
002898                    ; Output: Carry=1: the block has been written to the SD card
002899                    ; Carry=0: nothing was written, use the FAT32 library path instead
002900                    ; R8 .. R12 unchanged
002901  8878  E0C0        SDB_VD_WRBLK                INCRB
002902  8879  0800                                    MOVE R8, R0
002903  887A  0904                                    MOVE R9, R1
002904  887B  0A08                                    MOVE R10, R2
002905  887C  0B0C                                    MOVE R11, R3
002906  887D  0C10                                    MOVE R12, R4
002907  887E  FFB0  0027                              RSUB _SDB_PREP, 1                ; R9/R10: LBA
002908  8880  FFAA  001C                              RBRA _SDB_VWR_NO, !C
002909  8882  0914                                    MOVE R9, R5                      ; R5/R6: LBA
002910  8883  0A18                                    MOVE R10, R6
002911  8884  FFB0  FC47                              RSUB SDB_GUARD_IN, 1             ; can we put the buffer back?
002912  8886  FFAA  0016                              RBRA _SDB_VWR_NO, !C             ; no: nothing was touched
002913  8888  0020                                    MOVE R0, R8
002914  8889  FFB0  FF7A                              RSUB SDB_VD2SD, 1
002915  888B  0520                                    MOVE R5, R8
002916  888C  0624                                    MOVE R6, R9
002917  888D  FF90  003E                              ASUB sd_w_block, 1
002918  888F  CFA0  0000                              CMP 0, R8
002919  8891  FFAB  0007                              RBRA _SDB_VWR_SDE, !Z
002920  8893  FFB0  FC92                              RSUB SDB_GUARD_OUT, 1            ; the write is done, restore
002921  8895  0020                                    MOVE R0, R8
002922  8896  AFB8  0004                              OR 0x0004, R14                   ; set Carry
002923  8898  FFA0  0007                              RBRA _SDB_VWR_R, 1
002924  889A  FFB0  FC2A  _SDB_VWR_SDE                RSUB SDB_SDERR, 1                ; SD error: try the slow path
002925  889C  FFB0  FC89                              RSUB SDB_GUARD_OUT, 1
002926  889E  0020        _SDB_VWR_NO                 MOVE R0, R8
002927  889F  9FB8  FFFB                              AND 0xFFFB, R14                  ; clear Carry
002928  88A1  0124        _SDB_VWR_R                  MOVE R1, R9
002929  88A2  0228                                    MOVE R2, R10
002930  88A3  032C                                    MOVE R3, R11
002931  88A4  0430                                    MOVE R4, R12
002932  88A5  E100                                    DECRB
002933  88A6  0DBC                                    MOVE @R13++, R15
002934                    
002935                    ; Common preparation for SDB_VD_RDBLK / SDB_VD_WRBLK. Expects the inputs in
002936                    ; the caller's R0 (drive), R1 (FDH), R2/R3 (byte position) and R4 (amount of
002937                    ; bytes) and returns Carry=1 plus the LBA in R9/R10. Runs in the caller's
002938                    ; register bank on purpose. Touches nothing outside our own variables.
002939  88A7  0FA0  0200  _SDB_PREP                   MOVE 0x0200, R8
002940  88A9  C420                                    CMP R4, R8                       ; exactly one block?
002941  88AA  FFAB  0016                              RBRA _SDB_PREP_NO, !Z            ; no: let the FAT32 path do
002942  88AC  0220                                    MOVE R2, R8                      ; ..partial/multi blocks
002943  88AD  9FA0  01FF                              AND 0x01FF, R8                   ; block aligned?
002944  88AF  FFAB  0011                              RBRA _SDB_PREP_NO, !Z            ; no
002945  88B1  0020                                    MOVE R0, R8
002946  88B2  FFB0  FBE6                              RSUB SDB_VDMAP, 1
002947  88B4  082C                                    MOVE R8, R11                     ; R11: map
002948  88B5  0124                                    MOVE R1, R9
002949  88B6  FFB0  FBFB                              RSUB SDB_CHECK, 1
002950  88B8  FFAA  0008                              RBRA _SDB_PREP_NO, !C
002951  88BA  0224                                    MOVE R2, R9
002952  88BB  0328                                    MOVE R3, R10
002953  88BC  FFB0  FCA8                              RSUB SDB_B2BLK, 1
002954  88BE  0B20                                    MOVE R11, R8
002955  88BF  FFB0  FD1E                              RSUB SDB_LBA, 1                  ; sets/clears Carry
002956  88C1  0DBC                                    MOVE @R13++, R15
002957  88C2  9FB8  FFFB  _SDB_PREP_NO                AND 0xFFFB, R14                  ; clear Carry
002958  88C4  0DBC                                    MOVE @R13++, R15
002959                    
002960                    ; SDB_FREAD_FAST
002961                    ; Streams whole 512-byte blocks of a mapped file directly from the SD card
002962                    ; into an M2M byte streaming device and then positions the file handle right
002963                    ; behind them, so that the caller's byte loop reads the rest as usual.
002964                    ;
002965                    ; It deliberately stops one whole block short of the end of the file, so that
002966                    ; the position it hands over is always strictly inside the file and the
002967                    ; caller reaches EOF through the FAT32 library, exactly as before.
002968                    ;
002969                    ; The final f32_fseek is what restores the library: a seek unconditionally
002970                    ; re-reads the sector into the hardware buffer and re-claims ownership, so
002971                    ; afterwards the library is in a state it produced itself. If anything at all
002972                    ; goes wrong the file position is put back where it was and Carry=0 is
002973                    ; returned, i.e. the caller sees "nothing happened".
002974                    ;
002975                    ; Input: R8: file handle (FDH)
002976                    ; R9: pointer to the block map
002977                    ; R10: target device id
002978                    ; R11: target 4k window
002979                    ; R12: target address within the window
002980                    ; Output: Carry=1: R11/R12 updated, the file position is behind the data
002981                    ; Carry=0: nothing was transferred, the file position is unchanged
002982                    ; and R11/R12 are unchanged
002983  88C5  E0C0        SDB_FREAD_FAST              INCRB
002984  88C6  0800                                    MOVE R8, R0                      ; R0: FDH
002985  88C7  0904                                    MOVE R9, R1                      ; R1: map
002986  88C8  0A08                                    MOVE R10, R2                     ; R2: target device
002987  88C9  0B0C                                    MOVE R11, R3                     ; R3: target 4k window
002988  88CA  0C10                                    MOVE R12, R4                     ; R4: target address
002989                    
002990  88CB  0FA0  8D63                              MOVE SDB_FF_STAT, R8
002991  88CD  0FA1  0001                              MOVE SDB_B_NOMAP, @R8
002992  88CF  0FA0  8D64                              MOVE SDB_FF_BLKS, R8
002993  88D1  0FA1  0000                              MOVE 0, @R8
002994                    
002995  88D3  0120                                    MOVE R1, R8
002996  88D4  0024                                    MOVE R0, R9
002997  88D5  FFB0  FBDC                              RSUB SDB_CHECK, 1
002998  88D7  FFAA  008A                              RBRA _SDBFF_NO, !C
002999                    
003000                                                ; only from the very beginning of the file
003001  88D9  0020                                    MOVE R0, R8
003002  88DA  1FA0  0007                              ADD FAT32$FDH_ACCESS_LO, R8
003003  88DC  CFA1  0000                              CMP 0, @R8
003004  88DE  FFAB  0083                              RBRA _SDBFF_NO, !Z
003005  88E0  0020                                    MOVE R0, R8
003006  88E1  1FA0  0008                              ADD FAT32$FDH_ACCESS_HI, R8
003007  88E3  CFA1  0000                              CMP 0, @R8
003008  88E5  FFAB  007C                              RBRA _SDBFF_NO, !Z
003009                    
003010                                                ; how many whole blocks do we take? Always one less than the
003011                                                ; file has, so that the handover position is strictly inside
003012                                                ; the file and the caller still reaches EOF through the
003013                                                ; library. A CRT/ROM file is never 32 MB or larger, so one
003014                                                ; word of block count is plenty and anything else is refused.
003015  88E7  0120                                    MOVE R1, R8
003016  88E8  1FA0  0003                              ADD SDB_M_TBLK_HI, R8
003017  88EA  CFA1  0000                              CMP 0, @R8
003018  88EC  FFAB  0075                              RBRA _SDBFF_NO, !Z
003019  88EE  0120                                    MOVE R1, R8
003020  88EF  1FA0  0002                              ADD SDB_M_TBLK_LO, R8
003021  88F1  085C                                    MOVE @R8, R7                     ; R7: blocks still to do
003022  88F2  3F9C  0001                              SUB 1, R7
003023  88F4  FFA3  006D                              RBRA _SDBFF_NO, Z                ; a one block file: byte loop
003024  88F6  FFA4  006B                              RBRA _SDBFF_NO, N                ; cannot happen: TBLK was 0
003025                    
003026  88F8  0FA0  8D63                              MOVE SDB_FF_STAT, R8
003027  88FA  0FA1  000B                              MOVE SDB_B_GUARD, @R8
003028  88FC  FFB0  FBCF                              RSUB SDB_GUARD_IN, 1             ; nothing touched if it fails
003029  88FE  FFAA  0063                              RBRA _SDBFF_NO, !C
003030                    
003031  8900  B514                                    XOR R5, R5                       ; R5/R6: block index
003032  8901  B618                                    XOR R6, R6
003033                    
003034  8902  CF9C  0000  _SDBFF_LOOP                 CMP 0, R7
003035  8904  FFA3  0020                              RBRA _SDBFF_DONE, Z
003036  8906  0120                                    MOVE R1, R8
003037  8907  0524                                    MOVE R5, R9
003038  8908  0628                                    MOVE R6, R10
003039  8909  FFB0  FCD4                              RSUB SDB_LBA, 1
003040  890B  FFAA  0019                              RBRA _SDBFF_DONE, !C
003041                    
003042                    
003043                    
003044                    
003045  890D  0920                                    MOVE R9, R8
003046  890E  0A24                                    MOVE R10, R9
003047  890F  FF90  003C                              ASUB sd_r_block, 1
003048  8911  CFA0  0000                              CMP 0, R8
003049  8913  FFAB  000F                              RBRA _SDBFF_SDE, !Z              ; SD error: stop here
003050  8915  0220                                    MOVE R2, R8
003051  8916  0324                                    MOVE R3, R9
003052  8917  0428                                    MOVE R4, R10
003053  8918  FFB0  FF0D                              RSUB SDB_SD2DEV, 1
003054  891A  090C                                    MOVE R9, R3
003055  891B  0A10                                    MOVE R10, R4
003056  891C  1F94  0001                              ADD 1, R5
003057  891E  2F98  0000                              ADDC 0, R6
003058  8920  3F9C  0001                              SUB 1, R7
003059  8922  FFA0  FFDE                              RBRA _SDBFF_LOOP, 1
003060                    
003061  8924  FFB0  FBA0  _SDBFF_SDE                  RSUB SDB_SDERR, 1
003062                    
003063                                                ; the hardware buffer is ours now; whatever we do next, the
003064                                                ; library has to be put back. A seek does that properly.
003065  8926  0FA0  8D64  _SDBFF_DONE                 MOVE SDB_FF_BLKS, R8
003066  8928  0521                                    MOVE R5, @R8
003067  8929  CF94  0000                              CMP 0, R5                        ; anything transferred?
003068  892B  FFAB  0004                              RBRA _SDBFF_SEEK, !Z
003069  892D  CF98  0000                              CMP 0, R6
003070  892F  FFA3  0027                              RBRA _SDBFF_REW, Z               ; no: just put it back
003071                    
003072  8931  0FA0  8D63  _SDBFF_SEEK                 MOVE SDB_FF_STAT, R8
003073  8933  0FA1  000C                              MOVE SDB_B_SEEK, @R8
003074  8935  0524                                    MOVE R5, R9                      ; file position = blocks * 512
003075  8936  0628                                    MOVE R6, R10
003076  8937  FFB0  FC40                              RSUB SDB_BLK2B, 1
003077  8939  092C                                    MOVE R9, R11                     ; R11/R12: expected position
003078  893A  0A30                                    MOVE R10, R12
003079  893B  0020                                    MOVE R0, R8
003080  893C  FF90  0054                              ASUB f32_fseek, 1
003081  893E  CFA4  0000                              CMP 0, R9                        ; seek reported success?
003082  8940  FFAB  0016                              RBRA _SDBFF_REW, !Z
003083  8942  0020                                    MOVE R0, R8                      ; ..and actually got there?
003084  8943  1FA0  0007                              ADD FAT32$FDH_ACCESS_LO, R8
003085  8945  C86C                                    CMP @R8, R11
003086  8946  FFAB  0010                              RBRA _SDBFF_REW, !Z
003087  8948  0020                                    MOVE R0, R8
003088  8949  1FA0  0008                              ADD FAT32$FDH_ACCESS_HI, R8
003089  894B  C870                                    CMP @R8, R12
003090  894C  FFAB  000A                              RBRA _SDBFF_REW, !Z
003091                    
003092  894E  0FA0  8D63                              MOVE SDB_FF_STAT, R8
003093  8950  0FA1  0000                              MOVE SDB_B_OK, @R8
003094  8952  032C                                    MOVE R3, R11
003095  8953  0430                                    MOVE R4, R12
003096  8954  AFB8  0004                              OR 0x0004, R14                   ; set Carry
003097  8956  FFA0  000D                              RBRA _SDBFF_RET, 1
003098                    
003099                                                ; Put the file back to the start and report "nothing done".
003100                                                ; The caller has not seen the updated target pointers, so it
003101                                                ; simply overwrites whatever we already transferred. The seek
003102                                                ; also restores the library's sector buffer; if even that
003103                                                ; fails, the buffer is marked unknown.
003104  8958  0020        _SDBFF_REW                  MOVE R0, R8
003105  8959  B924                                    XOR R9, R9
003106  895A  BA28                                    XOR R10, R10
003107  895B  FF90  0054                              ASUB f32_fseek, 1
003108  895D  CFA4  0000                              CMP 0, R9
003109  895F  FFA3  0002                              RBRA _SDBFF_NO, Z
003110  8961  FFB0  FBE7                              RSUB SDB_ORPHAN, 1
003111                    
003112  8963  9FB8  FFFB  _SDBFF_NO                   AND 0xFFFB, R14                  ; clear Carry
003113  8965              _SDBFF_RET                  
003114  8965  E100                                    DECRB
003115  8966  0DBC                                    MOVE @R13++, R15
003116                    
003117                    ; ----------------------------------------------------------------------------
003118                    ; Serial logging (only assembled when SDB_DEBUG is defined at the top)
003119                    ; ----------------------------------------------------------------------------
003120                    ; ============================================================================
003121                    
003122  8967  0000        HANDLE_FILE                 .BLOCK FAT32$FDH_STRUCT_SIZE
        8968  0000
        8969  0000
        896A  0000
        896B  0000
        896C  0000
        896D  0000
        896E  0000
        896F  0000
        8970  0000
        8971  0000
        8972  0000
003123  8973  0000        HANDLE_FILE2                .BLOCK FAT32$FDH_STRUCT_SIZE
        8974  0000
        8975  0000
        8976  0000
        8977  0000
        8978  0000
        8979  0000
        897A  0000
        897B  0000
        897C  0000
        897D  0000
        897E  0000
003124  897F  002F        F_FREEDOS                   .ASCII_W "/freedos.vhd"
        8980  0066
        8981  0072
        8982  0065
        8983  0065
        8984  0064
        8985  006F
        8986  0073
        8987  002E
        8988  0076
        8989  0068
        898A  0064
        898B  0000
003125  898C  002F        F_FRAG3                     .ASCII_W "/frag3.vhd"
        898D  0066
        898E  0072
        898F  0061
        8990  0067
        8991  0033
        8992  002E
        8993  0076
        8994  0068
        8995  0064
        8996  0000
003126  8997  002F        F_FRAG16                    .ASCII_W "/frag16.vhd"
        8998  0066
        8999  0072
        899A  0061
        899B  0067
        899C  0031
        899D  0036
        899E  002E
        899F  0076
        89A0  0068
        89A1  0064
        89A2  0000
003127  89A3  002F        F_TESTROM                   .ASCII_W "/testrom.bin"
        89A4  0074
        89A5  0065
        89A6  0073
        89A7  0074
        89A8  0072
        89A9  006F
        89AA  006D
        89AB  002E
        89AC  0062
        89AD  0069
        89AE  006E
        89AF  0000
003128  89B0  002F        F_SMALL                     .ASCII_W "/small.bin"
        89B1  0073
        89B2  006D
        89B3  0061
        89B4  006C
        89B5  006C
        89B6  002E
        89B7  0062
        89B8  0069
        89B9  006E
        89BA  0000
003129  89BB  002F        F_EXACT                     .ASCII_W "/exact.bin"
        89BC  0065
        89BD  0078
        89BE  0061
        89BF  0063
        89C0  0074
        89C1  002E
        89C2  0062
        89C3  0069
        89C4  006E
        89C5  0000
003130                    
003131  89C6  004D        S_EMNT                      .ASCII_W "MOUNT FAILED "
        89C7  004F
        89C8  0055
        89C9  004E
        89CA  0054
        89CB  0020
        89CC  0046
        89CD  0041
        89CE  0049
        89CF  004C
        89D0  0045
        89D1  0044
        89D2  0020
        89D3  0000
003132  89D4  004F        S_EOPEN                     .ASCII_W "OPEN FAILED "
        89D5  0050
        89D6  0045
        89D7  004E
        89D8  0020
        89D9  0046
        89DA  0041
        89DB  0049
        89DC  004C
        89DD  0045
        89DE  0044
        89DF  0020
        89E0  0000
003133  89E1  006F        S_OK                        .ASCII_W "ok\n"
        89E2  006B
        89E3  000D
        89E4  000A
        89E5  0000
003134  89E6  0046        S_FAIL                      .ASCII_W "FAIL "
        89E7  0041
        89E8  0049
        89E9  004C
        89EA  0020
        89EB  0000
003135  89EC  0046        S_NOMAP                     .ASCII_W "FAIL(no map) "
        89ED  0041
        89EE  0049
        89EF  004C
        89F0  0028
        89F1  006E
        89F2  006F
        89F3  0020
        89F4  006D
        89F5  0061
        89F6  0070
        89F7  0029
        89F8  0020
        89F9  0000
003136  89FA  0020        S_MAPC                      .ASCII_W "  SDB_MAP_BUILD instructions="
        89FB  0020
        89FC  0053
        89FD  0044
        89FE  0042
        89FF  005F
        8A00  004D
        8A01  0041
        8A02  0050
        8A03  005F
        8A04  0042
        8A05  0055
        8A06  0049
        8A07  004C
        8A08  0044
        8A09  0020
        8A0A  0069
        8A0B  006E
        8A0C  0073
        8A0D  0074
        8A0E  0072
        8A0F  0075
        8A10  0063
        8A11  0074
        8A12  0069
        8A13  006F
        8A14  006E
        8A15  0073
        8A16  003D
        8A17  0000
003137  8A18  0020        S_MAPE                      .ASCII_W "  extents="
        8A19  0020
        8A1A  0065
        8A1B  0078
        8A1C  0074
        8A1D  0065
        8A1E  006E
        8A1F  0074
        8A20  0073
        8A21  003D
        8A22  0000
003138  8A23  0020        S_MAPT                      .ASCII_W " blocks="
        8A24  0062
        8A25  006C
        8A26  006F
        8A27  0063
        8A28  006B
        8A29  0073
        8A2A  003D
        8A2B  0000
003139  8A2C  0020        S_MAPL                      .ASCII_W " lba0="
        8A2D  006C
        8A2E  0062
        8A2F  0061
        8A30  0030
        8A31  003D
        8A32  0000
003140  8A33  0020        S_BLOCKS                    .ASCII_W " blocks checked: "
        8A34  0062
        8A35  006C
        8A36  006F
        8A37  0063
        8A38  006B
        8A39  0073
        8A3A  0020
        8A3B  0063
        8A3C  0068
        8A3D  0065
        8A3E  0063
        8A3F  006B
        8A40  0065
        8A41  0064
        8A42  003A
        8A43  0020
        8A44  0000
003141  8A45  0041        S_PASS                      .ASCII_W "ALL CHECKS PASSED\n"
        8A46  004C
        8A47  004C
        8A48  0020
        8A49  0043
        8A4A  0048
        8A4B  0045
        8A4C  0043
        8A4D  004B
        8A4E  0053
        8A4F  0020
        8A50  0050
        8A51  0041
        8A52  0053
        8A53  0053
        8A54  0045
        8A55  0044
        8A56  000D
        8A57  000A
        8A58  0000
003142  8A59  0020        S_FAILS                     .ASCII_W " CHECK(S) FAILED\n"
        8A5A  0043
        8A5B  0048
        8A5C  0045
        8A5D  0043
        8A5E  004B
        8A5F  0028
        8A60  0053
        8A61  0029
        8A62  0020
        8A63  0046
        8A64  0041
        8A65  0049
        8A66  004C
        8A67  0045
        8A68  0044
        8A69  000D
        8A6A  000A
        8A6B  0000
003143  8A6C  0073        S_SUM                       .ASCII_W "summary: "
        8A6D  0075
        8A6E  006D
        8A6F  006D
        8A70  0061
        8A71  0072
        8A72  0079
        8A73  003A
        8A74  0020
        8A75  0000
003144                    
003145  8A76  0054        S_T1                        .ASCII_W "T1 freedos.vhd (contiguous, 42 MB)\n"
        8A77  0031
        8A78  0020
        8A79  0066
        8A7A  0072
        8A7B  0065
        8A7C  0065
        8A7D  0064
        8A7E  006F
        8A7F  0073
        8A80  002E
        8A81  0076
        8A82  0068
        8A83  0064
        8A84  0020
        8A85  0028
        8A86  0063
        8A87  006F
        8A88  006E
        8A89  0074
        8A8A  0069
        8A8B  0067
        8A8C  0075
        8A8D  006F
        8A8E  0075
        8A8F  0073
        8A90  002C
        8A91  0020
        8A92  0034
        8A93  0032
        8A94  0020
        8A95  004D
        8A96  0042
        8A97  0029
        8A98  000D
        8A99  000A
        8A9A  0000
003146  8A9B  0054        S_T1B                       .ASCII_W "T1b 16 pseudo random blocks: "
        8A9C  0031
        8A9D  0062
        8A9E  0020
        8A9F  0031
        8AA0  0036
        8AA1  0020
        8AA2  0070
        8AA3  0073
        8AA4  0065
        8AA5  0075
        8AA6  0064
        8AA7  006F
        8AA8  0020
        8AA9  0072
        8AAA  0061
        8AAB  006E
        8AAC  0064
        8AAD  006F
        8AAE  006D
        8AAF  0020
        8AB0  0062
        8AB1  006C
        8AB2  006F
        8AB3  0063
        8AB4  006B
        8AB5  0073
        8AB6  003A
        8AB7  0020
        8AB8  0000
003147  8AB9  0054        S_T2                        .ASCII_W "T2 half block request must fall back: "
        8ABA  0032
        8ABB  0020
        8ABC  0068
        8ABD  0061
        8ABE  006C
        8ABF  0066
        8AC0  0020
        8AC1  0062
        8AC2  006C
        8AC3  006F
        8AC4  0063
        8AC5  006B
        8AC6  0020
        8AC7  0072
        8AC8  0065
        8AC9  0071
        8ACA  0075
        8ACB  0065
        8ACC  0073
        8ACD  0074
        8ACE  0020
        8ACF  006D
        8AD0  0075
        8AD1  0073
        8AD2  0074
        8AD3  0020
        8AD4  0066
        8AD5  0061
        8AD6  006C
        8AD7  006C
        8AD8  0020
        8AD9  0062
        8ADA  0061
        8ADB  0063
        8ADC  006B
        8ADD  003A
        8ADE  0020
        8ADF  0000
003148  8AE0  0054        S_T2B                       .ASCII_W "T2 unaligned request must fall back: "
        8AE1  0032
        8AE2  0020
        8AE3  0075
        8AE4  006E
        8AE5  0061
        8AE6  006C
        8AE7  0069
        8AE8  0067
        8AE9  006E
        8AEA  0065
        8AEB  0064
        8AEC  0020
        8AED  0072
        8AEE  0065
        8AEF  0071
        8AF0  0075
        8AF1  0065
        8AF2  0073
        8AF3  0074
        8AF4  0020
        8AF5  006D
        8AF6  0075
        8AF7  0073
        8AF8  0074
        8AF9  0020
        8AFA  0066
        8AFB  0061
        8AFC  006C
        8AFD  006C
        8AFE  0020
        8AFF  0062
        8B00  0061
        8B01  0063
        8B02  006B
        8B03  003A
        8B04  0020
        8B05  0000
003149  8B06  0054        S_T3                        .ASCII_W "T3a fast write, library read: "
        8B07  0033
        8B08  0061
        8B09  0020
        8B0A  0066
        8B0B  0061
        8B0C  0073
        8B0D  0074
        8B0E  0020
        8B0F  0077
        8B10  0072
        8B11  0069
        8B12  0074
        8B13  0065
        8B14  002C
        8B15  0020
        8B16  006C
        8B17  0069
        8B18  0062
        8B19  0072
        8B1A  0061
        8B1B  0072
        8B1C  0079
        8B1D  0020
        8B1E  0072
        8B1F  0065
        8B20  0061
        8B21  0064
        8B22  003A
        8B23  0020
        8B24  0000
003150  8B25  0054        S_T3B                       .ASCII_W "T3b fast write, fast read:    "
        8B26  0033
        8B27  0062
        8B28  0020
        8B29  0066
        8B2A  0061
        8B2B  0073
        8B2C  0074
        8B2D  0020
        8B2E  0077
        8B2F  0072
        8B30  0069
        8B31  0074
        8B32  0065
        8B33  002C
        8B34  0020
        8B35  0066
        8B36  0061
        8B37  0073
        8B38  0074
        8B39  0020
        8B3A  0072
        8B3B  0065
        8B3C  0061
        8B3D  0064
        8B3E  003A
        8B3F  0020
        8B40  0020
        8B41  0020
        8B42  0020
        8B43  0000
003151  8B44  0054        S_T3C                       .ASCII_W "T3c library write, fast read: "
        8B45  0033
        8B46  0063
        8B47  0020
        8B48  006C
        8B49  0069
        8B4A  0062
        8B4B  0072
        8B4C  0061
        8B4D  0072
        8B4E  0079
        8B4F  0020
        8B50  0077
        8B51  0072
        8B52  0069
        8B53  0074
        8B54  0065
        8B55  002C
        8B56  0020
        8B57  0066
        8B58  0061
        8B59  0073
        8B5A  0074
        8B5B  0020
        8B5C  0072
        8B5D  0065
        8B5E  0061
        8B5F  0064
        8B60  003A
        8B61  0020
        8B62  0000
003152  8B63  0054        S_T4                        .ASCII_W "T4 frag3.vhd (three extents)\n"
        8B64  0034
        8B65  0020
        8B66  0066
        8B67  0072
        8B68  0061
        8B69  0067
        8B6A  0033
        8B6B  002E
        8B6C  0076
        8B6D  0068
        8B6E  0064
        8B6F  0020
        8B70  0028
        8B71  0074
        8B72  0068
        8B73  0072
        8B74  0065
        8B75  0065
        8B76  0020
        8B77  0065
        8B78  0078
        8B79  0074
        8B7A  0065
        8B7B  006E
        8B7C  0074
        8B7D  0073
        8B7E  0029
        8B7F  000D
        8B80  000A
        8B81  0000
003153  8B82  0054        S_T5                        .ASCII_W "T5 frag16.vhd must fall back: "
        8B83  0035
        8B84  0020
        8B85  0066
        8B86  0072
        8B87  0061
        8B88  0067
        8B89  0031
        8B8A  0036
        8B8B  002E
        8B8C  0076
        8B8D  0068
        8B8E  0064
        8B8F  0020
        8B90  006D
        8B91  0075
        8B92  0073
        8B93  0074
        8B94  0020
        8B95  0066
        8B96  0061
        8B97  006C
        8B98  006C
        8B99  0020
        8B9A  0062
        8B9B  0061
        8B9C  0063
        8B9D  006B
        8B9E  003A
        8B9F  0020
        8BA0  0000
003154  8BA1  0054        S_T6A                       .ASCII_W "T6a small.bin via SDB_FREAD_FAST: "
        8BA2  0036
        8BA3  0061
        8BA4  0020
        8BA5  0073
        8BA6  006D
        8BA7  0061
        8BA8  006C
        8BA9  006C
        8BAA  002E
        8BAB  0062
        8BAC  0069
        8BAD  006E
        8BAE  0020
        8BAF  0076
        8BB0  0069
        8BB1  0061
        8BB2  0020
        8BB3  0053
        8BB4  0044
        8BB5  0042
        8BB6  005F
        8BB7  0046
        8BB8  0052
        8BB9  0045
        8BBA  0041
        8BBB  0044
        8BBC  005F
        8BBD  0046
        8BBE  0041
        8BBF  0053
        8BC0  0054
        8BC1  003A
        8BC2  0020
        8BC3  0000
003155  8BC4  0054        S_T6B                       .ASCII_W "T6b testrom.bin, 4k window wrap: "
        8BC5  0036
        8BC6  0062
        8BC7  0020
        8BC8  0074
        8BC9  0065
        8BCA  0073
        8BCB  0074
        8BCC  0072
        8BCD  006F
        8BCE  006D
        8BCF  002E
        8BD0  0062
        8BD1  0069
        8BD2  006E
        8BD3  002C
        8BD4  0020
        8BD5  0034
        8BD6  006B
        8BD7  0020
        8BD8  0077
        8BD9  0069
        8BDA  006E
        8BDB  0064
        8BDC  006F
        8BDD  0077
        8BDE  0020
        8BDF  0077
        8BE0  0072
        8BE1  0061
        8BE2  0070
        8BE3  003A
        8BE4  0020
        8BE5  0000
003156  8BE6  0054        S_T6C                       .ASCII_W "T6c exact.bin, ends on a cluster boundary: "
        8BE7  0036
        8BE8  0063
        8BE9  0020
        8BEA  0065
        8BEB  0078
        8BEC  0061
        8BED  0063
        8BEE  0074
        8BEF  002E
        8BF0  0062
        8BF1  0069
        8BF2  006E
        8BF3  002C
        8BF4  0020
        8BF5  0065
        8BF6  006E
        8BF7  0064
        8BF8  0073
        8BF9  0020
        8BFA  006F
        8BFB  006E
        8BFC  0020
        8BFD  0061
        8BFE  0020
        8BFF  0063
        8C00  006C
        8C01  0075
        8C02  0073
        8C03  0074
        8C04  0065
        8C05  0072
        8C06  0020
        8C07  0062
        8C08  006F
        8C09  0075
        8C0A  006E
        8C0B  0064
        8C0C  0061
        8C0D  0072
        8C0E  0079
        8C0F  003A
        8C10  0020
        8C11  0000
003157  8C12  0054        S_T7                        .ASCII_W "T7a library untouched after a failed map: "
        8C13  0037
        8C14  0061
        8C15  0020
        8C16  006C
        8C17  0069
        8C18  0062
        8C19  0072
        8C1A  0061
        8C1B  0072
        8C1C  0079
        8C1D  0020
        8C1E  0075
        8C1F  006E
        8C20  0074
        8C21  006F
        8C22  0075
        8C23  0063
        8C24  0068
        8C25  0065
        8C26  0064
        8C27  0020
        8C28  0061
        8C29  0066
        8C2A  0074
        8C2B  0065
        8C2C  0072
        8C2D  0020
        8C2E  0061
        8C2F  0020
        8C30  0066
        8C31  0061
        8C32  0069
        8C33  006C
        8C34  0065
        8C35  0064
        8C36  0020
        8C37  006D
        8C38  0061
        8C39  0070
        8C3A  003A
        8C3B  0020
        8C3C  0000
003158  8C3D  0054        S_T7B                       .ASCII_W "T7b other file handle after a fast read: "
        8C3E  0037
        8C3F  0062
        8C40  0020
        8C41  006F
        8C42  0074
        8C43  0068
        8C44  0065
        8C45  0072
        8C46  0020
        8C47  0066
        8C48  0069
        8C49  006C
        8C4A  0065
        8C4B  0020
        8C4C  0068
        8C4D  0061
        8C4E  006E
        8C4F  0064
        8C50  006C
        8C51  0065
        8C52  0020
        8C53  0061
        8C54  0066
        8C55  0074
        8C56  0065
        8C57  0072
        8C58  0020
        8C59  0061
        8C5A  0020
        8C5B  0066
        8C5C  0061
        8C5D  0073
        8C5E  0074
        8C5F  0020
        8C60  0072
        8C61  0065
        8C62  0061
        8C63  0064
        8C64  003A
        8C65  0020
        8C66  0000
003159  8C67  0000        S_NUL                       .ASCII_W ""
003160                    
003161                    ; block index lo, hi, expectation (0 = mapped, 1 = must fall back)
003162                    ; 0xFFFF in the third slot terminates the list
003163  8C68  0000        T1_BLKS                     .DW 0x0000, 0x0000, 0
        8C69  0000
        8C6A  0000
003164  8C6B  0001                                    .DW 0x0001, 0x0000, 0
        8C6C  0000
        8C6D  0000
003165  8C6E  003F                                    .DW 0x003F, 0x0000, 0            ; last sector of cluster 0
        8C6F  0000
        8C70  0000
003166  8C71  0040                                    .DW 0x0040, 0x0000, 0            ; first sector of cluster 1
        8C72  0000
        8C73  0000
003167  8C74  0041                                    .DW 0x0041, 0x0000, 0
        8C75  0000
        8C76  0000
003168  8C77  4E20                                    .DW 0x4E20, 0x0000, 0            ; the MARK20000 sector
        8C78  0000
        8C79  0000
003169  8C7A  0001                                    .DW 0x0001, 0x0001, 0            ; 65537
        8C7B  0001
        8C7C  0000
003170  8C7D  4FFE                                    .DW 0x4FFE, 0x0001, 0            ; 86014
        8C7E  0001
        8C7F  0000
003171  8C80  4FFF                                    .DW 0x4FFF, 0x0001, 0            ; 86015, the last one
        8C81  0001
        8C82  0000
003172  8C83  5000                                    .DW 0x5000, 0x0001, 1            ; 86016, one past the end
        8C84  0001
        8C85  0001
003173  8C86  0000                                    .DW 0x0000, 0x0002, 1            ; far past the end
        8C87  0002
        8C88  0001
003174  8C89  0000                                    .DW 0x0000, 0x0000, 0xFFFF
        8C8A  0000
        8C8B  FFFF
003175                    
003176  8C8C  7530        T3_BLK                      .DW 0x7530                       ; block 30000 of freedos.vhd
003177  8C8D  0000        NFAIL                       .DW 0
003178                    
003179                    ; The part of the shell.asm environment that M2M/rom/sdblock.asm refers to.
003180                    ; Same names, same sizes and same semantics as in M2M/rom/shell_vars.asm, so
003181                    ; that the bench runs the REAL firmware code and not a copy of it.
003182                    ;
003183                    ; Include this *after* the code, it only contains data.
003184                    
003185  8C8E  0000        HANDLE_DEV                  .BLOCK FAT32$DEV_STRUCT_SIZE
        8C8F  0000
        8C90  0000
        8C91  0000
        8C92  0000
        8C93  0000
        8C94  0000
        8C95  0000
        8C96  0000
        8C97  0000
        8C98  0000
        8C99  0000
        8C9A  0000
        8C9B  0000
        8C9C  0000
        8C9D  0000
        8C9E  0000
        8C9F  0000
003186  8CA0  0000        CONFIG_DEVH                 .BLOCK FAT32$DEV_STRUCT_SIZE     ; stays zero: no config file
        8CA1  0000
        8CA2  0000
        8CA3  0000
        8CA4  0000
        8CA5  0000
        8CA6  0000
        8CA7  0000
        8CA8  0000
        8CA9  0000
        8CAA  0000
        8CAB  0000
        8CAC  0000
        8CAD  0000
        8CAE  0000
        8CAF  0000
        8CB0  0000
        8CB1  0000
003187  8CB2  0102        VDRIVES_DEVICE              .DW 0x0102                       ; device id of vdrives.vhd
003188                    
003189  8CB3  0000        SDB_VD_MAPS                 .BLOCK 120                       ; SDB_M_SIZE * SDB_VD_MAX_N
        8CB4  0000
        8CB5  0000
        8CB6  0000
        8CB7  0000
        8CB8  0000
        8CB9  0000
        8CBA  0000
        8CBB  0000
        8CBC  0000
        8CBD  0000
        8CBE  0000
        8CBF  0000
        8CC0  0000
        8CC1  0000
        8CC2  0000
        8CC3  0000
        8CC4  0000
        8CC5  0000
        8CC6  0000
        8CC7  0000
        8CC8  0000
        8CC9  0000
        8CCA  0000
        8CCB  0000
        8CCC  0000
        8CCD  0000
        8CCE  0000
        8CCF  0000
        8CD0  0000
        8CD1  0000
        8CD2  0000
        8CD3  0000
        8CD4  0000
        8CD5  0000
        8CD6  0000
        8CD7  0000
        8CD8  0000
        8CD9  0000
        8CDA  0000
        8CDB  0000
        8CDC  0000
        8CDD  0000
        8CDE  0000
        8CDF  0000
        8CE0  0000
        8CE1  0000
        8CE2  0000
        8CE3  0000
        8CE4  0000
        8CE5  0000
        8CE6  0000
        8CE7  0000
        8CE8  0000
        8CE9  0000
        8CEA  0000
        8CEB  0000
        8CEC  0000
        8CED  0000
        8CEE  0000
        8CEF  0000
        8CF0  0000
        8CF1  0000
        8CF2  0000
        8CF3  0000
        8CF4  0000
        8CF5  0000
        8CF6  0000
        8CF7  0000
        8CF8  0000
        8CF9  0000
        8CFA  0000
        8CFB  0000
        8CFC  0000
        8CFD  0000
        8CFE  0000
        8CFF  0000
        8D00  0000
        8D01  0000
        8D02  0000
        8D03  0000
        8D04  0000
        8D05  0000
        8D06  0000
        8D07  0000
        8D08  0000
        8D09  0000
        8D0A  0000
        8D0B  0000
        8D0C  0000
        8D0D  0000
        8D0E  0000
        8D0F  0000
        8D10  0000
        8D11  0000
        8D12  0000
        8D13  0000
        8D14  0000
        8D15  0000
        8D16  0000
        8D17  0000
        8D18  0000
        8D19  0000
        8D1A  0000
        8D1B  0000
        8D1C  0000
        8D1D  0000
        8D1E  0000
        8D1F  0000
        8D20  0000
        8D21  0000
        8D22  0000
        8D23  0000
        8D24  0000
        8D25  0000
        8D26  0000
        8D27  0000
        8D28  0000
        8D29  0000
        8D2A  0000
003190  8D2B  0000        SDB_RM_MAP                  .BLOCK 40                        ; SDB_M_SIZE
        8D2C  0000
        8D2D  0000
        8D2E  0000
        8D2F  0000
        8D30  0000
        8D31  0000
        8D32  0000
        8D33  0000
        8D34  0000
        8D35  0000
        8D36  0000
        8D37  0000
        8D38  0000
        8D39  0000
        8D3A  0000
        8D3B  0000
        8D3C  0000
        8D3D  0000
        8D3E  0000
        8D3F  0000
        8D40  0000
        8D41  0000
        8D42  0000
        8D43  0000
        8D44  0000
        8D45  0000
        8D46  0000
        8D47  0000
        8D48  0000
        8D49  0000
        8D4A  0000
        8D4B  0000
        8D4C  0000
        8D4D  0000
        8D4E  0000
        8D4F  0000
        8D50  0000
        8D51  0000
        8D52  0000
003191  8D53  0000        SDB_NULL_MAP                .BLOCK 1
003192  8D54  0000        SDB_DUMMY_FDH               .BLOCK FAT32$FDH_STRUCT_SIZE     ; stays 0: never dirty
        8D55  0000
        8D56  0000
        8D57  0000
        8D58  0000
        8D59  0000
        8D5A  0000
        8D5B  0000
        8D5C  0000
        8D5D  0000
        8D5E  0000
        8D5F  0000
003193  8D60  0000  0000  SDB_G_LBA                   .BLOCK 2
003194  8D62  0000        SDB_G_VAL                   .BLOCK 1
003195  8D63  0000        SDB_FF_STAT                 .BLOCK 1
003196  8D64  0000        SDB_FF_BLKS                 .BLOCK 1
003197  8D65  0000  0000  SDB_S_BLEFT                 .BLOCK 2
003198  8D67  0000  0000  SDB_S_RBLK                  .BLOCK 2
003199  8D69  0000  0000  SDB_S_CLU                   .BLOCK 2
003200  8D6B  0000  0000  SDB_S_RSTART                .BLOCK 2
003201  8D6D  0000  0000  SDB_S_NEXT                  .BLOCK 2
003202  8D6F  0000  0000  SDB_S_FCLBA                 .BLOCK 2
003203  8D71  0000        SDB_S_FCVAL                 .BLOCK 1
003204                    
003205                                                .ORG 0xB000
003206  B000  0000        BUF_A                       .BLOCK 512
        B001  0000
        B002  0000
        B003  0000
        B004  0000
        B005  0000
        B006  0000
        B007  0000
        B008  0000
        B009  0000
        B00A  0000
        B00B  0000
        B00C  0000
        B00D  0000
        B00E  0000
        B00F  0000
        B010  0000
        B011  0000
        B012  0000
        B013  0000
        B014  0000
        B015  0000
        B016  0000
        B017  0000
        B018  0000
        B019  0000
        B01A  0000
        B01B  0000
        B01C  0000
        B01D  0000
        B01E  0000
        B01F  0000
        B020  0000
        B021  0000
        B022  0000
        B023  0000
        B024  0000
        B025  0000
        B026  0000
        B027  0000
        B028  0000
        B029  0000
        B02A  0000
        B02B  0000
        B02C  0000
        B02D  0000
        B02E  0000
        B02F  0000
        B030  0000
        B031  0000
        B032  0000
        B033  0000
        B034  0000
        B035  0000
        B036  0000
        B037  0000
        B038  0000
        B039  0000
        B03A  0000
        B03B  0000
        B03C  0000
        B03D  0000
        B03E  0000
        B03F  0000
        B040  0000
        B041  0000
        B042  0000
        B043  0000
        B044  0000
        B045  0000
        B046  0000
        B047  0000
        B048  0000
        B049  0000
        B04A  0000
        B04B  0000
        B04C  0000
        B04D  0000
        B04E  0000
        B04F  0000
        B050  0000
        B051  0000
        B052  0000
        B053  0000
        B054  0000
        B055  0000
        B056  0000
        B057  0000
        B058  0000
        B059  0000
        B05A  0000
        B05B  0000
        B05C  0000
        B05D  0000
        B05E  0000
        B05F  0000
        B060  0000
        B061  0000
        B062  0000
        B063  0000
        B064  0000
        B065  0000
        B066  0000
        B067  0000
        B068  0000
        B069  0000
        B06A  0000
        B06B  0000
        B06C  0000
        B06D  0000
        B06E  0000
        B06F  0000
        B070  0000
        B071  0000
        B072  0000
        B073  0000
        B074  0000
        B075  0000
        B076  0000
        B077  0000
        B078  0000
        B079  0000
        B07A  0000
        B07B  0000
        B07C  0000
        B07D  0000
        B07E  0000
        B07F  0000
        B080  0000
        B081  0000
        B082  0000
        B083  0000
        B084  0000
        B085  0000
        B086  0000
        B087  0000
        B088  0000
        B089  0000
        B08A  0000
        B08B  0000
        B08C  0000
        B08D  0000
        B08E  0000
        B08F  0000
        B090  0000
        B091  0000
        B092  0000
        B093  0000
        B094  0000
        B095  0000
        B096  0000
        B097  0000
        B098  0000
        B099  0000
        B09A  0000
        B09B  0000
        B09C  0000
        B09D  0000
        B09E  0000
        B09F  0000
        B0A0  0000
        B0A1  0000
        B0A2  0000
        B0A3  0000
        B0A4  0000
        B0A5  0000
        B0A6  0000
        B0A7  0000
        B0A8  0000
        B0A9  0000
        B0AA  0000
        B0AB  0000
        B0AC  0000
        B0AD  0000
        B0AE  0000
        B0AF  0000
        B0B0  0000
        B0B1  0000
        B0B2  0000
        B0B3  0000
        B0B4  0000
        B0B5  0000
        B0B6  0000
        B0B7  0000
        B0B8  0000
        B0B9  0000
        B0BA  0000
        B0BB  0000
        B0BC  0000
        B0BD  0000
        B0BE  0000
        B0BF  0000
        B0C0  0000
        B0C1  0000
        B0C2  0000
        B0C3  0000
        B0C4  0000
        B0C5  0000
        B0C6  0000
        B0C7  0000
        B0C8  0000
        B0C9  0000
        B0CA  0000
        B0CB  0000
        B0CC  0000
        B0CD  0000
        B0CE  0000
        B0CF  0000
        B0D0  0000
        B0D1  0000
        B0D2  0000
        B0D3  0000
        B0D4  0000
        B0D5  0000
        B0D6  0000
        B0D7  0000
        B0D8  0000
        B0D9  0000
        B0DA  0000
        B0DB  0000
        B0DC  0000
        B0DD  0000
        B0DE  0000
        B0DF  0000
        B0E0  0000
        B0E1  0000
        B0E2  0000
        B0E3  0000
        B0E4  0000
        B0E5  0000
        B0E6  0000
        B0E7  0000
        B0E8  0000
        B0E9  0000
        B0EA  0000
        B0EB  0000
        B0EC  0000
        B0ED  0000
        B0EE  0000
        B0EF  0000
        B0F0  0000
        B0F1  0000
        B0F2  0000
        B0F3  0000
        B0F4  0000
        B0F5  0000
        B0F6  0000
        B0F7  0000
        B0F8  0000
        B0F9  0000
        B0FA  0000
        B0FB  0000
        B0FC  0000
        B0FD  0000
        B0FE  0000
        B0FF  0000
        B100  0000
        B101  0000
        B102  0000
        B103  0000
        B104  0000
        B105  0000
        B106  0000
        B107  0000
        B108  0000
        B109  0000
        B10A  0000
        B10B  0000
        B10C  0000
        B10D  0000
        B10E  0000
        B10F  0000
        B110  0000
        B111  0000
        B112  0000
        B113  0000
        B114  0000
        B115  0000
        B116  0000
        B117  0000
        B118  0000
        B119  0000
        B11A  0000
        B11B  0000
        B11C  0000
        B11D  0000
        B11E  0000
        B11F  0000
        B120  0000
        B121  0000
        B122  0000
        B123  0000
        B124  0000
        B125  0000
        B126  0000
        B127  0000
        B128  0000
        B129  0000
        B12A  0000
        B12B  0000
        B12C  0000
        B12D  0000
        B12E  0000
        B12F  0000
        B130  0000
        B131  0000
        B132  0000
        B133  0000
        B134  0000
        B135  0000
        B136  0000
        B137  0000
        B138  0000
        B139  0000
        B13A  0000
        B13B  0000
        B13C  0000
        B13D  0000
        B13E  0000
        B13F  0000
        B140  0000
        B141  0000
        B142  0000
        B143  0000
        B144  0000
        B145  0000
        B146  0000
        B147  0000
        B148  0000
        B149  0000
        B14A  0000
        B14B  0000
        B14C  0000
        B14D  0000
        B14E  0000
        B14F  0000
        B150  0000
        B151  0000
        B152  0000
        B153  0000
        B154  0000
        B155  0000
        B156  0000
        B157  0000
        B158  0000
        B159  0000
        B15A  0000
        B15B  0000
        B15C  0000
        B15D  0000
        B15E  0000
        B15F  0000
        B160  0000
        B161  0000
        B162  0000
        B163  0000
        B164  0000
        B165  0000
        B166  0000
        B167  0000
        B168  0000
        B169  0000
        B16A  0000
        B16B  0000
        B16C  0000
        B16D  0000
        B16E  0000
        B16F  0000
        B170  0000
        B171  0000
        B172  0000
        B173  0000
        B174  0000
        B175  0000
        B176  0000
        B177  0000
        B178  0000
        B179  0000
        B17A  0000
        B17B  0000
        B17C  0000
        B17D  0000
        B17E  0000
        B17F  0000
        B180  0000
        B181  0000
        B182  0000
        B183  0000
        B184  0000
        B185  0000
        B186  0000
        B187  0000
        B188  0000
        B189  0000
        B18A  0000
        B18B  0000
        B18C  0000
        B18D  0000
        B18E  0000
        B18F  0000
        B190  0000
        B191  0000
        B192  0000
        B193  0000
        B194  0000
        B195  0000
        B196  0000
        B197  0000
        B198  0000
        B199  0000
        B19A  0000
        B19B  0000
        B19C  0000
        B19D  0000
        B19E  0000
        B19F  0000
        B1A0  0000
        B1A1  0000
        B1A2  0000
        B1A3  0000
        B1A4  0000
        B1A5  0000
        B1A6  0000
        B1A7  0000
        B1A8  0000
        B1A9  0000
        B1AA  0000
        B1AB  0000
        B1AC  0000
        B1AD  0000
        B1AE  0000
        B1AF  0000
        B1B0  0000
        B1B1  0000
        B1B2  0000
        B1B3  0000
        B1B4  0000
        B1B5  0000
        B1B6  0000
        B1B7  0000
        B1B8  0000
        B1B9  0000
        B1BA  0000
        B1BB  0000
        B1BC  0000
        B1BD  0000
        B1BE  0000
        B1BF  0000
        B1C0  0000
        B1C1  0000
        B1C2  0000
        B1C3  0000
        B1C4  0000
        B1C5  0000
        B1C6  0000
        B1C7  0000
        B1C8  0000
        B1C9  0000
        B1CA  0000
        B1CB  0000
        B1CC  0000
        B1CD  0000
        B1CE  0000
        B1CF  0000
        B1D0  0000
        B1D1  0000
        B1D2  0000
        B1D3  0000
        B1D4  0000
        B1D5  0000
        B1D6  0000
        B1D7  0000
        B1D8  0000
        B1D9  0000
        B1DA  0000
        B1DB  0000
        B1DC  0000
        B1DD  0000
        B1DE  0000
        B1DF  0000
        B1E0  0000
        B1E1  0000
        B1E2  0000
        B1E3  0000
        B1E4  0000
        B1E5  0000
        B1E6  0000
        B1E7  0000
        B1E8  0000
        B1E9  0000
        B1EA  0000
        B1EB  0000
        B1EC  0000
        B1ED  0000
        B1EE  0000
        B1EF  0000
        B1F0  0000
        B1F1  0000
        B1F2  0000
        B1F3  0000
        B1F4  0000
        B1F5  0000
        B1F6  0000
        B1F7  0000
        B1F8  0000
        B1F9  0000
        B1FA  0000
        B1FB  0000
        B1FC  0000
        B1FD  0000
        B1FE  0000
        B1FF  0000
003207  B200  0000        BUF_B                       .BLOCK 512
        B201  0000
        B202  0000
        B203  0000
        B204  0000
        B205  0000
        B206  0000
        B207  0000
        B208  0000
        B209  0000
        B20A  0000
        B20B  0000
        B20C  0000
        B20D  0000
        B20E  0000
        B20F  0000
        B210  0000
        B211  0000
        B212  0000
        B213  0000
        B214  0000
        B215  0000
        B216  0000
        B217  0000
        B218  0000
        B219  0000
        B21A  0000
        B21B  0000
        B21C  0000
        B21D  0000
        B21E  0000
        B21F  0000
        B220  0000
        B221  0000
        B222  0000
        B223  0000
        B224  0000
        B225  0000
        B226  0000
        B227  0000
        B228  0000
        B229  0000
        B22A  0000
        B22B  0000
        B22C  0000
        B22D  0000
        B22E  0000
        B22F  0000
        B230  0000
        B231  0000
        B232  0000
        B233  0000
        B234  0000
        B235  0000
        B236  0000
        B237  0000
        B238  0000
        B239  0000
        B23A  0000
        B23B  0000
        B23C  0000
        B23D  0000
        B23E  0000
        B23F  0000
        B240  0000
        B241  0000
        B242  0000
        B243  0000
        B244  0000
        B245  0000
        B246  0000
        B247  0000
        B248  0000
        B249  0000
        B24A  0000
        B24B  0000
        B24C  0000
        B24D  0000
        B24E  0000
        B24F  0000
        B250  0000
        B251  0000
        B252  0000
        B253  0000
        B254  0000
        B255  0000
        B256  0000
        B257  0000
        B258  0000
        B259  0000
        B25A  0000
        B25B  0000
        B25C  0000
        B25D  0000
        B25E  0000
        B25F  0000
        B260  0000
        B261  0000
        B262  0000
        B263  0000
        B264  0000
        B265  0000
        B266  0000
        B267  0000
        B268  0000
        B269  0000
        B26A  0000
        B26B  0000
        B26C  0000
        B26D  0000
        B26E  0000
        B26F  0000
        B270  0000
        B271  0000
        B272  0000
        B273  0000
        B274  0000
        B275  0000
        B276  0000
        B277  0000
        B278  0000
        B279  0000
        B27A  0000
        B27B  0000
        B27C  0000
        B27D  0000
        B27E  0000
        B27F  0000
        B280  0000
        B281  0000
        B282  0000
        B283  0000
        B284  0000
        B285  0000
        B286  0000
        B287  0000
        B288  0000
        B289  0000
        B28A  0000
        B28B  0000
        B28C  0000
        B28D  0000
        B28E  0000
        B28F  0000
        B290  0000
        B291  0000
        B292  0000
        B293  0000
        B294  0000
        B295  0000
        B296  0000
        B297  0000
        B298  0000
        B299  0000
        B29A  0000
        B29B  0000
        B29C  0000
        B29D  0000
        B29E  0000
        B29F  0000
        B2A0  0000
        B2A1  0000
        B2A2  0000
        B2A3  0000
        B2A4  0000
        B2A5  0000
        B2A6  0000
        B2A7  0000
        B2A8  0000
        B2A9  0000
        B2AA  0000
        B2AB  0000
        B2AC  0000
        B2AD  0000
        B2AE  0000
        B2AF  0000
        B2B0  0000
        B2B1  0000
        B2B2  0000
        B2B3  0000
        B2B4  0000
        B2B5  0000
        B2B6  0000
        B2B7  0000
        B2B8  0000
        B2B9  0000
        B2BA  0000
        B2BB  0000
        B2BC  0000
        B2BD  0000
        B2BE  0000
        B2BF  0000
        B2C0  0000
        B2C1  0000
        B2C2  0000
        B2C3  0000
        B2C4  0000
        B2C5  0000
        B2C6  0000
        B2C7  0000
        B2C8  0000
        B2C9  0000
        B2CA  0000
        B2CB  0000
        B2CC  0000
        B2CD  0000
        B2CE  0000
        B2CF  0000
        B2D0  0000
        B2D1  0000
        B2D2  0000
        B2D3  0000
        B2D4  0000
        B2D5  0000
        B2D6  0000
        B2D7  0000
        B2D8  0000
        B2D9  0000
        B2DA  0000
        B2DB  0000
        B2DC  0000
        B2DD  0000
        B2DE  0000
        B2DF  0000
        B2E0  0000
        B2E1  0000
        B2E2  0000
        B2E3  0000
        B2E4  0000
        B2E5  0000
        B2E6  0000
        B2E7  0000
        B2E8  0000
        B2E9  0000
        B2EA  0000
        B2EB  0000
        B2EC  0000
        B2ED  0000
        B2EE  0000
        B2EF  0000
        B2F0  0000
        B2F1  0000
        B2F2  0000
        B2F3  0000
        B2F4  0000
        B2F5  0000
        B2F6  0000
        B2F7  0000
        B2F8  0000
        B2F9  0000
        B2FA  0000
        B2FB  0000
        B2FC  0000
        B2FD  0000
        B2FE  0000
        B2FF  0000
        B300  0000
        B301  0000
        B302  0000
        B303  0000
        B304  0000
        B305  0000
        B306  0000
        B307  0000
        B308  0000
        B309  0000
        B30A  0000
        B30B  0000
        B30C  0000
        B30D  0000
        B30E  0000
        B30F  0000
        B310  0000
        B311  0000
        B312  0000
        B313  0000
        B314  0000
        B315  0000
        B316  0000
        B317  0000
        B318  0000
        B319  0000
        B31A  0000
        B31B  0000
        B31C  0000
        B31D  0000
        B31E  0000
        B31F  0000
        B320  0000
        B321  0000
        B322  0000
        B323  0000
        B324  0000
        B325  0000
        B326  0000
        B327  0000
        B328  0000
        B329  0000
        B32A  0000
        B32B  0000
        B32C  0000
        B32D  0000
        B32E  0000
        B32F  0000
        B330  0000
        B331  0000
        B332  0000
        B333  0000
        B334  0000
        B335  0000
        B336  0000
        B337  0000
        B338  0000
        B339  0000
        B33A  0000
        B33B  0000
        B33C  0000
        B33D  0000
        B33E  0000
        B33F  0000
        B340  0000
        B341  0000
        B342  0000
        B343  0000
        B344  0000
        B345  0000
        B346  0000
        B347  0000
        B348  0000
        B349  0000
        B34A  0000
        B34B  0000
        B34C  0000
        B34D  0000
        B34E  0000
        B34F  0000
        B350  0000
        B351  0000
        B352  0000
        B353  0000
        B354  0000
        B355  0000
        B356  0000
        B357  0000
        B358  0000
        B359  0000
        B35A  0000
        B35B  0000
        B35C  0000
        B35D  0000
        B35E  0000
        B35F  0000
        B360  0000
        B361  0000
        B362  0000
        B363  0000
        B364  0000
        B365  0000
        B366  0000
        B367  0000
        B368  0000
        B369  0000
        B36A  0000
        B36B  0000
        B36C  0000
        B36D  0000
        B36E  0000
        B36F  0000
        B370  0000
        B371  0000
        B372  0000
        B373  0000
        B374  0000
        B375  0000
        B376  0000
        B377  0000
        B378  0000
        B379  0000
        B37A  0000
        B37B  0000
        B37C  0000
        B37D  0000
        B37E  0000
        B37F  0000
        B380  0000
        B381  0000
        B382  0000
        B383  0000
        B384  0000
        B385  0000
        B386  0000
        B387  0000
        B388  0000
        B389  0000
        B38A  0000
        B38B  0000
        B38C  0000
        B38D  0000
        B38E  0000
        B38F  0000
        B390  0000
        B391  0000
        B392  0000
        B393  0000
        B394  0000
        B395  0000
        B396  0000
        B397  0000
        B398  0000
        B399  0000
        B39A  0000
        B39B  0000
        B39C  0000
        B39D  0000
        B39E  0000
        B39F  0000
        B3A0  0000
        B3A1  0000
        B3A2  0000
        B3A3  0000
        B3A4  0000
        B3A5  0000
        B3A6  0000
        B3A7  0000
        B3A8  0000
        B3A9  0000
        B3AA  0000
        B3AB  0000
        B3AC  0000
        B3AD  0000
        B3AE  0000
        B3AF  0000
        B3B0  0000
        B3B1  0000
        B3B2  0000
        B3B3  0000
        B3B4  0000
        B3B5  0000
        B3B6  0000
        B3B7  0000
        B3B8  0000
        B3B9  0000
        B3BA  0000
        B3BB  0000
        B3BC  0000
        B3BD  0000
        B3BE  0000
        B3BF  0000
        B3C0  0000
        B3C1  0000
        B3C2  0000
        B3C3  0000
        B3C4  0000
        B3C5  0000
        B3C6  0000
        B3C7  0000
        B3C8  0000
        B3C9  0000
        B3CA  0000
        B3CB  0000
        B3CC  0000
        B3CD  0000
        B3CE  0000
        B3CF  0000
        B3D0  0000
        B3D1  0000
        B3D2  0000
        B3D3  0000
        B3D4  0000
        B3D5  0000
        B3D6  0000
        B3D7  0000
        B3D8  0000
        B3D9  0000
        B3DA  0000
        B3DB  0000
        B3DC  0000
        B3DD  0000
        B3DE  0000
        B3DF  0000
        B3E0  0000
        B3E1  0000
        B3E2  0000
        B3E3  0000
        B3E4  0000
        B3E5  0000
        B3E6  0000
        B3E7  0000
        B3E8  0000
        B3E9  0000
        B3EA  0000
        B3EB  0000
        B3EC  0000
        B3ED  0000
        B3EE  0000
        B3EF  0000
        B3F0  0000
        B3F1  0000
        B3F2  0000
        B3F3  0000
        B3F4  0000
        B3F5  0000
        B3F6  0000
        B3F7  0000
        B3F8  0000
        B3F9  0000
        B3FA  0000
        B3FB  0000
        B3FC  0000
        B3FD  0000
        B3FE  0000
        B3FF  0000


EQU-list:
--------------------------------------------------------------------------------------------------------
IO$AREA_START           : 0xFF00    IO$SWITCH_REG           : 0xFF00    IO$TIL_DISPLAY          : 0xFF01    
IO$TIL_MASK             : 0xFF02    IO$KBD_STATE            : 0xFF04    IO$KBD_DATA             : 0xFF05    
IO$CYC_LO               : 0xFF08    IO$CYC_MID              : 0xFF09    IO$CYC_HI               : 0xFF0A    
IO$CYC_STATE            : 0xFF0B    IO$INS_LO               : 0xFF0C    IO$INS_MID              : 0xFF0D    
IO$INS_HI               : 0xFF0E    IO$INS_STATE            : 0xFF0F    IO$UART_BASE_ADDRESS    : 0xFF10    
IO$UART_MR1A            : 0xFF10    IO$UART_MR1B            : 0xFF10    IO$UART_SRA             : 0xFF11    
IO$UART_RHRA            : 0xFF12    IO$UART_THRA            : 0xFF13    IO$EAE_OPERAND_0        : 0xFF18    
IO$EAE_OPERAND_1        : 0xFF19    IO$EAE_RESULT_LO        : 0xFF1A    IO$EAE_RESULT_HI        : 0xFF1B    
IO$EAE_CSR              : 0xFF1C    IO$SD_BASE_ADDRESS      : 0xFF20    IO$SD_ADDR_LO           : 0xFF20    
IO$SD_ADDR_HI           : 0xFF21    IO$SD_DATA_POS          : 0xFF22    IO$SD_DATA              : 0xFF23    
IO$SD_ERROR             : 0xFF24    IO$SD_CSR               : 0xFF25    IO$TIMER_BASE_ADDRESS   : 0xFF28    
IO$TIMER_0_PRE          : 0xFF28    IO$TIMER_0_CNT          : 0xFF29    IO$TIMER_0_INT          : 0xFF2A    
IO$TIMER_1_PRE          : 0xFF2B    IO$TIMER_1_CNT          : 0xFF2C    IO$TIMER_1_INT          : 0xFF2D    
VGA$STATE               : 0xFF30    VGA$CR_X                : 0xFF31    VGA$CR_Y                : 0xFF32    
VGA$CHAR                : 0xFF33    VGA$OFFS_DISPLAY        : 0xFF34    VGA$OFFS_RW             : 0xFF35    
VGA$HDMI_H_MIN          : 0xFF36    VGA$HDMI_H_MAX          : 0xFF37    VGA$HDMI_V_MAX          : 0xFF38    
IO$M65HRAM_LO           : 0xFFF0    IO$M65HRAM_HI           : 0xFFF1    IO$M65HRAM_DATA8        : 0xFFF2    
IO$M65HRAM_DATA16       : 0xFFF3    VGA$MAX_X               : 0x004F    VGA$MAX_Y               : 0x0027    
VGA$MAX_CHARS           : 0x0C80    VGA$CHARS_PER_LINE      : 0x0050    VGA$EN_HW_CURSOR        : 0x0040    
VGA$EN_HW_SCRL          : 0x0C00    VGA$CLR_SCRN            : 0x0100    VGA$BUSY                : 0x0200    
VGA$COLOR_RED           : 0x0004    VGA$COLOR_GREEN         : 0x0002    VGA$COLOR_BLUE          : 0x0001    
VGA$COLOR_WHITE         : 0x0007    CYC$RESET               : 0x0001    CYC$RUN                 : 0x0002    
INS$RESET               : 0x0001    INS$RUN                 : 0x0002    EAE$MULU                : 0x0000    
EAE$MULS                : 0x0001    EAE$DIVU                : 0x0002    EAE$DIVS                : 0x0003    
EAE$BUSY                : 0x8000    SD$CMD_RESET            : 0x0000    SD$CMD_READ             : 0x0001    
SD$CMD_WRITE            : 0x0002    SD$BIT_ERROR            : 0x4000    SD$BIT_BUSY             : 0x8000    
SD$TIMEOUT_MID          : 0x0479    SD$ERR_MASK             : 0x00FF    SD$ERR_R1_ERROR         : 0x0001    
SD$ERR_CRC_OR_TIMEOUT   : 0x0002    SD$ERR_RESPONSE_TOKEN   : 0x0003    SD$ERR_ERROR_TOKEN      : 0x0004    
SD$ERR_WRITE_PROTECT    : 0x0005    SD$ERR_CARD_UNUSABLE    : 0x0006    SD$ERR_NO_CARD          : 0x0007    
SD$ERR_READ_TIMEOUT     : 0x0008    SD$ERR_READWRITEJAM     : 0xEE21    SD$ERR_TIMEOUT          : 0xEEFF    
SD$CT_SD_V1             : 0x0001    SD$CT_SD_V2             : 0x0002    SD$CT_SDHC              : 0x0003    
FAT32$ERR_MBR           : 0xEE10    FAT32$ERR_PARTITION_NO  : 0xEE11    FAT32$ERR_PARTTBL       : 0xEE12    
FAT32$ERR_NOTIMPL       : 0xEE13    FAT32$ERR_SIZE          : 0xEE14    FAT32$ERR_NOFAT32       : 0xEE15    
FAT32$ERR_ILLEGAL_SIC   : 0xEE16    FAT32$ERR_ILLEGAL_CLUS  : 0xEE17    FAT32$ERR_CORRUPT_DH    : 0xEE18    
FAT32$ERR_DIRNOTFOUND   : 0xEE19    FAT32$ERR_FILENOTFOUND  : 0xEE20    FAT23$ERR_SEEKTOOLARGE  : 0xEE21    
FAT32$EOF               : 0xEEEE    FAT32$DEV_RESET         : 0x0000    FAT32$DEV_BLOCK_READ    : 0x0001    
FAT32$DEV_BLOCK_WRITE   : 0x0002    FAT32$DEV_BYTE_READ     : 0x0003    FAT32$DEV_BYTE_WRITE    : 0x0004    
FAT32$DEV_PARTITION     : 0x0005    FAT32$DEV_FS_LO         : 0x0006    FAT32$DEV_FS_HI         : 0x0007    
FAT32$DEV_FAT_LO        : 0x0008    FAT32$DEV_FAT_HI        : 0x0009    FAT32$DEV_CLUSTER_LO    : 0x000A    
FAT32$DEV_CLUSTER_HI    : 0x000B    FAT32$DEV_SECT_PER_CLUS : 0x000C    FAT32$DEV_RD_1STCLUS_LO : 0x000D    
FAT32$DEV_RD_1STCLUS_HI : 0x000E    FAT32$DEV_AD_1STCLUS_LO : 0x000F    FAT32$DEV_AD_1STCLUS_HI : 0x0010    
FAT32$DEV_BUFFERED_FDH  : 0x0011    FAT32$DEV_STRUCT_SIZE   : 0x0012    FAT32$FDH_DEVICE        : 0x0000    
FAT32$FDH_CLUSTER_LO    : 0x0001    FAT32$FDH_CLUSTER_HI    : 0x0002    FAT32$FDH_SECTOR        : 0x0003    
FAT32$FDH_INDEX         : 0x0004    FAT32$FDH_SIZE_LO       : 0x0005    FAT32$FDH_SIZE_HI       : 0x0006    
FAT32$FDH_ACCESS_LO     : 0x0007    FAT32$FDH_ACCESS_HI     : 0x0008    FAT32$FDH_START_CLUS_LO : 0x0009    
FAT32$FDH_START_CLUS_HI : 0x000A    FAT32$FDH_FLAGS         : 0x000B    FAT32$FDH_STRUCT_SIZE   : 0x000C    
FAT32$FDHF_DIRTY        : 0x0001    FAT32$FA_READ_ONLY      : 0x0001    FAT32$FA_HIDDEN         : 0x0002    
FAT32$FA_SYSTEM         : 0x0004    FAT32$FA_VOLUME_ID      : 0x0008    FAT32$FA_DIR            : 0x0010    
FAT32$FA_ARCHIVE        : 0x0020    FAT32$FA_DEFAULT        : 0x0035    FAT32$FA_ALL            : 0x0037    
FAT32$DE_NAME           : 0x0000    FAT32$DE_ATTRIB         : 0x0101    FAT32$DE_SIZE_LO        : 0x0102    
FAT32$DE_SIZE_HI        : 0x0103    FAT32$DE_YEAR           : 0x0104    FAT32$DE_MONTH          : 0x0105    
FAT32$DE_DAY            : 0x0106    FAT32$DE_HOUR           : 0x0107    FAT32$DE_MINUTE         : 0x0108    
FAT32$DE_SECOND         : 0x0109    FAT32$DE_CLUS_LO        : 0x010A    FAT32$DE_CLUS_HI        : 0x010B    
FAT32$DE_STRUCT_SIZE    : 0x010C    FAT32$PRINT_SHOW_DIR    : 0x0001    FAT32$PRINT_SHOW_ATTRIB : 0x0002    
FAT32$PRINT_SHOW_SIZE   : 0x0004    FAT32$PRINT_SHOW_DATE   : 0x0008    FAT32$PRINT_SHOW_TIME   : 0x0010    
FAT32$PRINT_DEFAULT     : 0x001D    FAT32$PRINT_ALL         : 0x001F    KBD$NEW_ASCII           : 0x0001    
KBD$NEW_SPECIAL         : 0x0002    KBD$NEW_ANY             : 0x0003    KBD$ASCII               : 0x00FF    
KBD$SPECIAL             : 0xFF00    KBD$LOCALE              : 0x001C    KBD$LOCALE_US           : 0x0000    
KBD$LOCALE_DE           : 0x0004    KBD$MODIFIERS           : 0x00E0    KBD$SHIFT               : 0x0020    
KBD$ALT                 : 0x0040    KBD$CTRL                : 0x0080    KBD$SPACE               : 0x0020    
KBD$ENTER               : 0x000D    KBD$ESC                 : 0x001B    KBD$TAB                 : 0x0009    
KBD$BACKSPACE           : 0x0008    KBD$F1                  : 0x0100    KBD$F2                  : 0x0200    
KBD$F3                  : 0x0300    KBD$F4                  : 0x0400    KBD$F5                  : 0x0500    
KBD$F6                  : 0x0600    KBD$F7                  : 0x0700    KBD$F8                  : 0x0800    
KBD$F9                  : 0x0900    KBD$F10                 : 0x0A00    KBD$F11                 : 0x0B00    
KBD$F12                 : 0x0C00    KBD$CUR_UP              : 0x1000    KBD$CUR_DOWN            : 0x1100    
KBD$CUR_LEFT            : 0x1200    KBD$CUR_RIGHT           : 0x1300    KBD$PG_UP               : 0x1400    
KBD$PG_DOWN             : 0x1500    KBD$HOME                : 0x1600    KBD$END                 : 0x1700    
KBD$INS                 : 0x1800    KBD$DEL                 : 0x1900    KBD$CTRL_A              : 0x0001    
KBD$CTRL_B              : 0x0002    KBD$CTRL_C              : 0x0003    KBD$CTRL_D              : 0x0004    
KBD$CTRL_E              : 0x0005    KBD$CTRL_F              : 0x0006    KBD$CTRL_G              : 0x0007    
KBD$CTRL_H              : 0x0008    KBD$CTRL_I              : 0x0009    KBD$CTRL_J              : 0x000A    
KBD$CTRL_K              : 0x000B    KBD$CTRL_L              : 0x000C    KBD$CTRL_M              : 0x000D    
KBD$CTRL_N              : 0x000E    KBD$CTRL_O              : 0x000F    KBD$CTRL_P              : 0x0010    
KBD$CTRL_Q              : 0x0011    KBD$CTRL_R              : 0x0012    KBD$CTRL_S              : 0x0013    
KBD$CTRL_T              : 0x0014    KBD$CTRL_U              : 0x0015    KBD$CTRL_V              : 0x0016    
KBD$CTRL_W              : 0x0017    KBD$CTRL_X              : 0x0018    KBD$CTRL_Y              : 0x0019    
KBD$CTRL_Z              : 0x001A    CHR$BELL                : 0x0007    CHR$TAB                 : 0x0009    
CHR$SPACE               : 0x0020    CHR$CR                  : 0x000D    CHR$LF                  : 0x000A    
reset                   : 0x0000    getc                    : 0x0002    putc                    : 0x0004    
gets                    : 0x0006    puts                    : 0x0008    crlf                    : 0x000A    
til                     : 0x000C    muls                    : 0x000E    memset                  : 0x0010    
memcpy                  : 0x0012    wait                    : 0x0014    exit                    : 0x0016    
chr2upper               : 0x0018    str2upper               : 0x001A    strlen                  : 0x001C    
chomp                   : 0x001E    strcmp                  : 0x0020    strchr                  : 0x0022    
gethex                  : 0x0024    puthex                  : 0x0026    mulu                    : 0x0028    
vga_cls                 : 0x002A    divu                    : 0x002C    divs                    : 0x002E    
chr2lower               : 0x0030    mulu32                  : 0x0032    divu32                  : 0x0034    
split                   : 0x0036    h2dstr                  : 0x0038    sd_reset                : 0x003A    
sd_r_block              : 0x003C    sd_w_block              : 0x003E    sd_r_byte               : 0x0040    
sd_w_byte               : 0x0042    f32_mnt_sd              : 0x0044    f32_mnt                 : 0x0046    
f32_od                  : 0x0048    f32_ld                  : 0x004A    f32_cd                  : 0x004C    
f32_pd                  : 0x004E    f32_fopen               : 0x0050    f32_fread               : 0x0052    
f32_fseek               : 0x0054    gets_s                  : 0x0056    gets_slf                : 0x0058    
vga_init                : 0x005A    in_range_u              : 0x005C    enter                   : 0x005E    
leave                   : 0x0060    strcpy                  : 0x0062    strstr                  : 0x0064    
f32_fwrite              : 0x0066    f32_fflush              : 0x0068    f32_fclose              : 0x006A    
strrplchr               : 0x006C    M2M$CSR                 : 0xFFE0    M2M$CSR_RESET           : 0x0001    
M2M$CSR_UN_RESET        : 0xFFFE    M2M$CSR_PAUSE           : 0x0002    M2M$CSR_UN_PAUSE        : 0xFFFD    
M2M$CSR_OSM             : 0x0004    M2M$CSR_UN_OSM          : 0xFFFB    M2M$CSR_KBD             : 0x0008    
M2M$CSR_UN_KBD          : 0xFFF7    M2M$CSR_JOY1            : 0x0010    M2M$CSR_UN_JOY1         : 0xFFEF    
M2M$CSR_JOY2            : 0x0020    M2M$CSR_UN_JOY2         : 0xFFDF    M2M$CSR_SD_MODE         : 0x0040    
M2M$CSR_UN_SD_MODE      : 0xFFBF    M2M$CSR_SD_FORCE        : 0x0080    M2M$CSR_UN_SD_FORCE     : 0xFF7F    
M2M$CSR_SD_ACTIVE       : 0x0100    M2M$CSR_UN_SD_ACTIVE    : 0xFEFF    M2M$CSR_SD_DET_INT      : 0x0200    
M2M$CSR_UN_SD_DET_INT   : 0xFDFF    M2M$CSR_SD_DET_EXT      : 0x0400    M2M$CSR_UN_SD_DET_EXT   : 0xFBFF    
M2M$CSR_ASCAL_AUTO      : 0x0800    M2M$CSR_UN_ASCAL_AUTO   : 0xF7FF    M2M$CSR_KBD_JOY         : 0x0038    
M2M$CSR_UN_KBD_JOY      : 0xFFC7    M2M$OSM_XY              : 0xFFE1    M2M$OSM_DXDY            : 0xFFE2    
M2M$SA_INVERSE          : 0x0080    M2M$SA_DARK             : 0x0040    M2M$SA_BG_RED           : 0x0020    
M2M$SA_BG_GREEN         : 0x0010    M2M$SA_BG_BLUE          : 0x0008    M2M$SA_FG_RED           : 0x0004    
M2M$SA_FG_GREEN         : 0x0002    M2M$SA_FG_BLUE          : 0x0001    M2M$SA_COL_STD          : 0x000B    
M2M$SA_COL_STD_INV      : 0x008B    M2M$SA_COL_TTLE         : 0x000E    M2M$SA_COL_TTLE_INV     : 0x008E    
M2M$SA_COL_SEL          : 0x000F    M2M$FC_TL               : 0x00C9    M2M$FC_SH               : 0x00CD    
M2M$FC_TR               : 0x00BB    M2M$FC_SV               : 0x00BA    M2M$FC_BL               : 0x00C8    
M2M$FC_BR               : 0x00BC    M2M$FC_HE_LEFT          : 0x00B9    M2M$FC_HE_RIGHT         : 0x00CC    
M2M$NC_SH               : 0x00C4    M2M$NC_VE_LEFT          : 0x00C7    M2M$NC_VE_RIGHT         : 0x00B6    
M2M$DIR_L               : 0x0011    M2M$DIR_R               : 0x0010    M2M$OPT_SEL_MULTI       : 0x0007    
M2M$OPT_SEL_SINGLE      : 0x003D    M2M$LD_PROGRESS         : 0x00FE    M2M$LD_SPACE            : 0x0020    
M2M$ASCAL_MODE          : 0xFFE3    M2M$ASCAL_NEAREST       : 0x0000    M2M$ASCAL_BILINEAR      : 0x0001    
M2M$ASCAL_SBILINEAR     : 0x0002    M2M$ASCAL_BICUBIC       : 0x0003    M2M$ASCAL_POLYPHASE     : 0x0004    
M2M$ASCAL_PP_HORIZ      : 0x0000    M2M$ASCAL_PP_VERT       : 0x0100    M2M$ASCAL_TRIPLEBUF     : 0x0008    
M2M$ASCAL_RESERVED      : 0x0010    M2M$SPECIAL             : 0xFFE4    M2M$GENERAL             : 0xFFE5    
M2M$KEYBOARD            : 0xFFE8    M2M$TYPEMATIC_DLY       : 0x8000    M2M$TYPEMATIC_SPD       : 0x1000    
M2M$KEY_UP              : 0x0001    M2M$KEY_DOWN            : 0x0002    M2M$KEY_LEFT            : 0x0004    
M2M$KEY_RIGHT           : 0x0008    M2M$KEY_RETURN          : 0x0010    M2M$KEY_SPACE           : 0x0020    
M2M$KEY_RUNSTOP         : 0x0040    M2M$KEY_HELP            : 0x0080    M2M$KEY_F1              : 0x0100    
M2M$KEY_F3              : 0x0200    M2M$CFD_ADDR            : 0xFFF0    M2M$CFD_DATA            : 0xFFF1    
M2M$CFM_ADDR            : 0xFFF2    M2M$CFM_DATA            : 0xFFF3    M2M$RAMROM_DEV          : 0xFFF4    
M2M$VRAM_DATA           : 0x0000    M2M$VRAM_ATTR           : 0x0001    M2M$CONFIG              : 0x0002    
M2M$ASCAL_PPHASE        : 0x0003    M2M$HYPERRAM            : 0x0004    M2M$SDRAM               : 0x0005    
M2M$SYS_INFO            : 0x00FF    M2M$RAMROM_4KWIN        : 0xFFF5    M2M$RAMROM_DATA         : 0x7000    
M2M$SYS_VDRIVES         : 0x0000    M2M$SYS_VGA             : 0x0010    M2M$SYS_HDMI            : 0x0011    
M2M$SYS_CRTSANDROMS     : 0x0020    M2M$SYS_CORE            : 0x0030    M2M$SYS_DXDY            : 0x7000    
M2M$SHELL_M_XY          : 0x7001    M2M$SHELL_M_DXDY        : 0x7002    M2M$SYS_CORE_X          : 0x7000    
M2M$SYS_CORE_Y          : 0x7001    M2M$SYS_CORE_H_PXLS     : 0x7002    M2M$SYS_CORE_V_PXLS     : 0x7003    
M2M$SYS_CORE_H_PLSE     : 0x7004    M2M$SYS_CORE_H_BP       : 0x7005    M2M$SYS_CORE_H_FP       : 0x7006    
M2M$SYS_CORE_V_PLSE     : 0x7007    M2M$SYS_CORE_V_BP       : 0x7008    M2M$SYS_CORE_V_FP       : 0x7009    
M2M$SYS_CORE_H_FREQ     : 0x700A    M2M$CFG_WHS             : 0x1000    M2M$CFG_DIR_START       : 0x0100    
M2M$CFG_CFG_FILE        : 0x0101    M2M$CFG_GENERAL         : 0x0110    M2M$CFG_CORENAME        : 0x0200    
M2M$CFG_OPTM_ITEMS      : 0x0300    M2M$CFG_OPTM_GROUPS     : 0x0301    M2M$CFG_OPTM_STDSEL     : 0x0302    
M2M$CFG_OPTM_LINES      : 0x0303    M2M$CFG_OPTM_START      : 0x0304    M2M$CFG_OPTM_ICOUNT     : 0x0305    
M2M$CFG_OPTM_MOUNT      : 0x0306    M2M$CFG_OPTM_SINGLE     : 0x0307    M2M$CFG_OPTM_MSTR       : 0x0308    
M2M$CFG_OPTM_DIM        : 0x0309    M2M$CFG_OPTM_SSTR       : 0x030A    M2M$CFG_OPTM_HELP       : 0x0310    
M2M$CFG_OPTM_CRTROM     : 0x0311    M2M$CFG_OPTM_CRSTR      : 0x0312    M2M$WHS_PAGES           : 0x7FFF    
M2M$WHS_WELCOME         : 0x0000    M2M$WHS_HELP_INDEX      : 0x0001    M2M$WHS_HELP_NEXT       : 0x0100    
M2M$WHS_PAGE_NEXT       : 0x0001    M2M$SHELL_O_DX          : 0x7000    M2M$SHELL_O_DY          : 0x7001    
M2M$CFG_RP_COUNTER      : 0x7001    M2M$CFG_RP_PAUSE        : 0x7002    M2M$CFG_RP_WELCOME      : 0x7003    
M2M$CFG_RP_WLCM_RST     : 0x7004    M2M$CFG_RP_KB_RST       : 0x7005    M2M$CFG_RP_J1_RST       : 0x7006    
M2M$CFG_RP_J2_RST       : 0x7007    M2M$CFG_RP_KB_OSD       : 0x7008    M2M$CFG_RP_J1_OSD       : 0x7009    
M2M$CFG_RP_J2_OSD       : 0x700A    M2M$CFG_ASCAL_USAGE     : 0x700B    M2M$CFG_ASCAL_MODE      : 0x700C    
M2M$CFG_VD_AT_DELAY     : 0x700D    M2M$CFG_VD_ITERSIZE     : 0x700E    M2M$CFG_SAVEOSDCFG      : 0x700F    
M2M$CFG_AUSE_CFG        : 0x0000    M2M$CFG_AUSE_CUSTOM     : 0x0001    M2M$CFG_AUSE_AUTO       : 0x0002    
VD_NUM                  : 0x7000    VD_DEVICE               : 0x7001    VD_RAM_BUFFERS          : 0x7100    
VD_BUF_SDDIRECT         : 0xAAAA    VD_WIN_CAD              : 0x0000    VD_WIN_DRV              : 0x0001    
VD_IMG_MOUNT            : 0x7000    VD_RO                   : 0x7001    VD_SIZE_L               : 0x7002    
VD_SIZE_H               : 0x7003    VD_TYPE                 : 0x7004    VD_B_ADDR               : 0x7005    
VD_B_DOUT               : 0x7006    VD_B_WREN               : 0x7007    VD_VDNUM                : 0x7008    
VD_BLKSZ                : 0x7009    VD_DRV_MOUNT            : 0x700A    VD_LBA_L                : 0x7000    
VD_LBA_H                : 0x7001    VD_BLKCNT               : 0x7002    VD_BYTES_L              : 0x7003    
VD_BYTES_H              : 0x7004    VD_SIZEB                : 0x7005    VD_4K_WIN               : 0x7006    
VD_4K_OFFS              : 0x7007    VD_RD                   : 0x7008    VD_WR                   : 0x7009    
VD_ACK                  : 0x700A    VD_B_DIN                : 0x700B    VD_CACHE_DIRTY          : 0x700C    
VD_CACHE_FLUSHING       : 0x700D    VD_CACHE_FLUSH_ST       : 0x700E    VD_CACHE_FLUSH_DE       : 0x700F    
CRTROM_MAN_NUM_A        : 0x7000    CRTROM_AUT_NUM_A        : 0x7001    CRTROM_MAN_BUFFERS      : 0x7100    
CRTROM_AUT_BUFFERS      : 0x7200    CRTROM_AUT_FILES        : 0x7300    CRTROM_TYPE_DEVICE      : 0x0000    
CRTROM_TYPE_HYPRAM      : 0x0001    CRTROM_TYPE_SDRAM       : 0x0002    CRTROM_TYPE_MNDTRY      : 0x0003    
CTRROM_TYPE_OPTNL       : 0x0004    CRTROM_CSR_4KWIN        : 0xFFFF    CRTROM_CSR_STATUS       : 0x7000    
CRTROM_CSR_FS_LO        : 0x7001    CRTROM_CSR_FS_HI        : 0x7002    CRTROM_CSR_PARSEST      : 0x7010    
CRTROM_CSR_PARSEE1      : 0x7011    CRTROM_CSR_ADDR_LO      : 0x7012    CRTROM_CSR_ADDR_HI      : 0x7013    
CRTROM_CSR_ERR_STRT     : 0x7100    CRTROM_CSR_ST_IDLE      : 0x0000    CRTROM_CSR_ST_LDNG      : 0x0001    
CRTROM_CSR_ST_ERR       : 0x0002    CRTROM_CSR_ST_OK        : 0x0003    CRTROM_CSR_PT_IDLE      : 0x0000    
CRTROM_CSR_PT_PRSNG     : 0x0001    CRTROM_CSR_PT_OK        : 0x0002    CRTROM_CSR_PT_ERR       : 0x0003    
CTX_MASK_CTX            : 0xFF00    CTX_MASK_PARAM          : 0x00FF    CTX_MOUNT_DISKIMG       : 0x0100    
CTX_LOAD_ROM            : 0x0200    CMSG_BROWSENOTHING      : 0x0001    SDB_MAX_EXT             : 0x0008    
SDB_M_NEXT              : 0x0000    SDB_M_FDH               : 0x0001    SDB_M_TBLK_LO           : 0x0002    
SDB_M_TBLK_HI           : 0x0003    SDB_M_BAIL              : 0x0004    SDB_M_EXT               : 0x0005    
SDB_E_NBLK_LO           : 0x0000    SDB_E_NBLK_HI           : 0x0001    SDB_E_LBA_LO            : 0x0002    
SDB_E_LBA_HI            : 0x0003    SDB_E_SIZE              : 0x0004    SDB_M_SIZE              : 0x0028    
SDB_VD_MAX_N            : 0x0003    SDB_B_OK                : 0x0000    SDB_B_NOMAP             : 0x0001    
SDB_B_NODEV             : 0x0002    SDB_B_NOSPC             : 0x0003    SDB_B_EMPTY             : 0x0004    
SDB_B_BADSTART          : 0x0005    SDB_B_FRAG              : 0x0006    SDB_B_FATERR            : 0x0007    
SDB_B_BADCLUS           : 0x0008    SDB_B_SHORT             : 0x0009    SDB_B_LBA               : 0x000A    
SDB_B_GUARD             : 0x000B    SDB_B_SEEK              : 0x000C    SDB_EOC_HI              : 0x0FFF    
SDB_EOC_LO              : 0xFFF0    

Label-list:
--------------------------------------------------------------------------------------------------------
_MOUNTED                : 0x8016    _T1_L                   : 0x8048    _T1B                    : 0x8057    
_T1B_L                  : 0x8062    _T1B_C                  : 0x807D    _T1B_N                  : 0x8087    
_T2                     : 0x808E    _T2_F1                  : 0x80A1    _T2_P1                  : 0x80A5    
_T2_F2                  : 0x80BB    _T2_P2                  : 0x80BF    _T3_NOMAP               : 0x8117    
_T4                     : 0x811D    _T4_L                   : 0x8136    _T4_N                   : 0x8145    
_T4_D                   : 0x8149    _T5_F                   : 0x817A    _T5_P                   : 0x817E    
_T7B_NO                 : 0x8213    _T7B_D                  : 0x8219    _SUM_F                  : 0x822B    
OPEN                    : 0x8232    _OPEN_R                 : 0x824A    PRMAP                   : 0x824C    
PATTERN                 : 0x827D    _PAT_L                  : 0x8281    SD2MEM                  : 0x828E    
_S2M_L                  : 0x8295    RDSLOW                  : 0x829F    WRSLOW                  : 0x82AD    
_WRS_L                  : 0x82B7    RDFAST                  : 0x82C5    _RDF_NO                 : 0x82DE    
_RDF_R                  : 0x82E1    WRBLK                   : 0x82E3    _WRB_L                  : 0x82FF    
_WRB_NO                 : 0x8316    _WRB_R                  : 0x8318    FREAD512                : 0x831A    
_FR5_L                  : 0x831F    _FR5_1                  : 0x8327    CMP512                  : 0x832F    
_C5_L                   : 0x8333    _C5_NE                  : 0x833F    _C5_R                   : 0x8342    
CHKBLK                  : 0x8344    _CB_MAP                 : 0x8354    _CB_RET                 : 0x836B    
COPY512                 : 0x8370    _CP5_L                  : 0x8375    CHKROM                  : 0x837C    
_CR_TL                  : 0x83D7    _CR_TD                  : 0x83F3    _CR_CL                  : 0x8410    
_CR_OK                  : 0x841F    _CR_NO                  : 0x8423    _CR_BAD                 : 0x8429    
_CR_P                   : 0x842D    VERDICT                 : 0x8432    _VD_WANT_OK             : 0x843E    
_VD_BAD                 : 0x8442    _VD_OK                  : 0x844F    _VD_R                   : 0x8453    
VERDICT0                : 0x8455    _VD0_OK                 : 0x8468    _VD0_R                  : 0x846C    
BUMPFAIL                : 0x846E    SDB_INVAL_ALL           : 0x8475    _SDBIA_L                : 0x847A    
_SDBIA_L2               : 0x8492    SDB_VDMAP               : 0x849A    _SDBVM_OK               : 0x84A5    
_SDBVM_L                : 0x84A7    _SDBVM_D                : 0x84B1    SDB_CHECK               : 0x84B3    
_SDBC_NO                : 0x84C2    _SDBC_R                 : 0x84C4    SDB_SDERR               : 0x84C6    
SDB_GUARD_IN            : 0x84CD    _SDBGI_HAVE             : 0x84E1    _SDBGI_CLEAN            : 0x84F2    
_SDBGI_OK               : 0x850B    _SDBGI_NO               : 0x850F    _SDBGI_RET              : 0x8511    
_SDB_OWNER              : 0x8514    _SDB_OWN_NO             : 0x8523    _SDB_OWN_R              : 0x8525    
SDB_GUARD_OUT           : 0x8527    _SDBGO_RET              : 0x8547    SDB_ORPHAN              : 0x854A    
_SDB_ORPH1              : 0x8557    _SDB_ORPH_R             : 0x8563    SDB_B2BLK               : 0x8566    
SDB_BLK2B               : 0x8579    SDB_CLULBA              : 0x858A    _SDBCL_C1               : 0x8597    
_SDBCL_C2               : 0x85A1    _SDBCL_NO               : 0x85D9    _SDBCL_RET              : 0x85DD    
SDB_LBA                 : 0x85DF    _SDBL_C1                : 0x85F6    _SDBL_LOOP              : 0x85F9    
_SDBL_HIT               : 0x8608    _SDBL_NEXT              : 0x8615    _SDBL_NO                : 0x861D    
_SDBL_RET               : 0x861F    _SDB_GE32               : 0x8621    _SDB_G32N               : 0x8632    
_SDB_G32Y               : 0x8636    _SDB_G32R               : 0x8638    SDB_MAP_BUILD           : 0x863A    
_SDBMB_C0               : 0x8688    _SDBMB_C1               : 0x869E    _SDBMB_EXT              : 0x86B2    
_SDBMB_RUN              : 0x86C9    _SDBMB_N1               : 0x86F2    _SDBMB_N2               : 0x8700    
_SDBMB_BRK              : 0x8718    _SDBMB_LAST             : 0x8734    _SDBMB_OUT              : 0x8748    
_SDBMB_RET              : 0x874A    _SDB_BAIL               : 0x874D    _SDB_EMIT               : 0x8754    
_SDB_EMIT_R             : 0x876B    SDB_FAT_NEXT            : 0x876C    _SDB_FN_RD              : 0x879E    
_SDB_FN_BUF             : 0x87B4    _SDB_FN_SDE             : 0x87DA    _SDB_FN_ERR             : 0x87DC    
_SDB_FN_RET             : 0x87DF    SDB_SD2VD               : 0x87E1    _SDB_S2V_L              : 0x87F6    
SDB_VD2SD               : 0x8805    _SDB_V2S_L              : 0x8819    SDB_SD2DEV              : 0x8827    
_SDB_S2D_L              : 0x8839    _SDB_S2D_1              : 0x8845    SDB_VD_RDBLK            : 0x884B    
_SDB_VRD_SDE            : 0x8868    _SDB_VRD_NO             : 0x886C    _SDB_VRD_R              : 0x886F    
SDB_VD_RDDONE           : 0x8875    SDB_VD_WRBLK            : 0x8878    _SDB_VWR_SDE            : 0x889A    
_SDB_VWR_NO             : 0x889E    _SDB_VWR_R              : 0x88A1    _SDB_PREP               : 0x88A7    
_SDB_PREP_NO            : 0x88C2    SDB_FREAD_FAST          : 0x88C5    _SDBFF_LOOP             : 0x8902    
_SDBFF_SDE              : 0x8924    _SDBFF_DONE             : 0x8926    _SDBFF_SEEK             : 0x8931    
_SDBFF_REW              : 0x8958    _SDBFF_NO               : 0x8963    _SDBFF_RET              : 0x8965    
HANDLE_FILE             : 0x8967    HANDLE_FILE2            : 0x8973    F_FREEDOS               : 0x897F    
F_FRAG3                 : 0x898C    F_FRAG16                : 0x8997    F_TESTROM               : 0x89A3    
F_SMALL                 : 0x89B0    F_EXACT                 : 0x89BB    S_EMNT                  : 0x89C6    
S_EOPEN                 : 0x89D4    S_OK                    : 0x89E1    S_FAIL                  : 0x89E6    
S_NOMAP                 : 0x89EC    S_MAPC                  : 0x89FA    S_MAPE                  : 0x8A18    
S_MAPT                  : 0x8A23    S_MAPL                  : 0x8A2C    S_BLOCKS                : 0x8A33    
S_PASS                  : 0x8A45    S_FAILS                 : 0x8A59    S_SUM                   : 0x8A6C    
S_T1                    : 0x8A76    S_T1B                   : 0x8A9B    S_T2                    : 0x8AB9    
S_T2B                   : 0x8AE0    S_T3                    : 0x8B06    S_T3B                   : 0x8B25    
S_T3C                   : 0x8B44    S_T4                    : 0x8B63    S_T5                    : 0x8B82    
S_T6A                   : 0x8BA1    S_T6B                   : 0x8BC4    S_T6C                   : 0x8BE6    
S_T7                    : 0x8C12    S_T7B                   : 0x8C3D    S_NUL                   : 0x8C67    
T1_BLKS                 : 0x8C68    T3_BLK                  : 0x8C8C    NFAIL                   : 0x8C8D    
HANDLE_DEV              : 0x8C8E    CONFIG_DEVH             : 0x8CA0    VDRIVES_DEVICE          : 0x8CB2    
SDB_VD_MAPS             : 0x8CB3    SDB_RM_MAP              : 0x8D2B    SDB_NULL_MAP            : 0x8D53    
SDB_DUMMY_FDH           : 0x8D54    SDB_G_LBA               : 0x8D60    SDB_G_VAL               : 0x8D62    
SDB_FF_STAT             : 0x8D63    SDB_FF_BLKS             : 0x8D64    SDB_S_BLEFT             : 0x8D65    
SDB_S_RBLK              : 0x8D67    SDB_S_CLU               : 0x8D69    SDB_S_RSTART            : 0x8D6B    
SDB_S_NEXT              : 0x8D6D    SDB_S_FCLBA             : 0x8D6F    SDB_S_FCVAL             : 0x8D71    
BUF_A                   : 0xB000    BUF_B                   : 0xB200    
