0012 0000 0000 0000 0001
0012 0001 0000 0000 0002
0012 0002 0000 0000 0003
0012 0003 0000 0000 0004
0012 0004 0000 0000 0005
0012 0005 0000 0000 0006
0012 0006 0000 0000 0007
0012 0007 0000 0000 0008
0012 0008 0000 0000 0009
0012 0009 0000 0000 000A
0012 000A 0000 0000 000B
0012 000B 0000 0000 000C
0012 000C 0000 0000 000D
0012 000D 0000 0000 000E
0012 000E 0000 0000 000F
0012 000F 0000 0000 0010
0012 0010 0000 0000 0011
0012 0011 0000 0000 0012
0012 0012 0000 0001 0001
0012 0013 0000 0001 0002
0012 0014 0000 0001 0003
0012 0015 0000 0001 0004
0012 0016 0000 0001 0005
0012 0017 0000 0001 0006
0012 0018 0000 0001 0007
0012 0019 0000 0001 0008
0012 001A 0000 0001 0009
0012 001B 0000 0001 000A
0012 001C 0000 0001 000B
0012 001D 0000 0001 000C
0012 001E 0000 0001 000D
0012 001F 0000 0001 000E
0012 0020 0000 0001 000F
0012 0021 0000 0001 0010
0012 0022 0000 0001 0011
0012 0023 0000 0001 0012
0012 0024 0001 0000 0001
0012 0025 0001 0000 0002
0012 0026 0001 0000 0003
0012 0027 0001 0000 0004
0012 0028 0001 0000 0005
0012 0029 0001 0000 0006
0012 002A 0001 0000 0007
0012 002B 0001 0000 0008
0012 002C 0001 0000 0009
0012 002D 0001 0000 000A
0012 002E 0001 0000 000B
0012 002F 0001 0000 000C
0012 0030 0001 0000 000D
0012 0031 0001 0000 000E
0012 0032 0001 0000 000F
0012 0033 0001 0000 0010
0012 0034 0001 0000 0011
0012 0035 0001 0000 0012
0012 0036 0001 0001 0001
0012 0037 0001 0001 0002
0012 0038 0001 0001 0003
0012 0039 0001 0001 0004
0012 003A 0001 0001 0005
0012 003B 0001 0001 0006
0012 003C 0001 0001 0007
0012 003D 0001 0001 0008
0012 003E 0001 0001 0009
0012 003F 0001 0001 000A
0012 0040 0001 0001 000B
0012 0041 0001 0001 000C
0012 0042 0001 0001 000D
0012 0043 0001 0001 000E
0012 0044 0001 0001 000F
0012 0045 0001 0001 0010
0012 0046 0001 0001 0011
0012 0047 0001 0001 0012
0012 0048 0002 0000 0001
0012 0049 0002 0000 0002
0012 004A 0002 0000 0003
0012 004B 0002 0000 0004
0012 004C 0002 0000 0005
0012 004D 0002 0000 0006
0012 004E 0002 0000 0007
0012 004F 0002 0000 0008
0012 0050 0002 0000 0009
0012 0051 0002 0000 000A
0012 0052 0002 0000 000B
0012 0053 0002 0000 000C
0012 0054 0002 0000 000D
0012 0055 0002 0000 000E
0012 0056 0002 0000 000F
0012 0057 0002 0000 0010
0012 0058 0002 0000 0011
0012 0059 0002 0000 0012
0012 005A 0002 0001 0001
0012 005B 0002 0001 0002
0012 005C 0002 0001 0003
0012 005D 0002 0001 0004
0012 005E 0002 0001 0005
0012 005F 0002 0001 0006
0012 0060 0002 0001 0007
0012 0061 0002 0001 0008
0012 0062 0002 0001 0009
0012 0063 0002 0001 000A
0012 0064 0002 0001 000B
0012 0065 0002 0001 000C
0012 0066 0002 0001 000D
0012 0067 0002 0001 000E
0012 0068 0002 0001 000F
0012 0069 0002 0001 0010
0012 006A 0002 0001 0011
0012 006B 0002 0001 0012
0012 006C 0003 0000 0001
0012 006D 0003 0000 0002
0012 006E 0003 0000 0003
0012 006F 0003 0000 0004
0012 0070 0003 0000 0005
0012 0071 0003 0000 0006
0012 0072 0003 0000 0007
0012 0073 0003 0000 0008
0012 0074 0003 0000 0009
0012 0075 0003 0000 000A
0012 0076 0003 0000 000B
0012 0077 0003 0000 000C
0012 0078 0003 0000 000D
0012 0079 0003 0000 000E
0012 007A 0003 0000 000F
0012 007B 0003 0000 0010
0012 007C 0003 0000 0011
0012 007D 0003 0000 0012
0012 007E 0003 0001 0001
0012 007F 0003 0001 0002
0012 0080 0003 0001 0003
0012 0081 0003 0001 0004
0012 0082 0003 0001 0005
0012 0083 0003 0001 0006
0012 0084 0003 0001 0007
0012 0085 0003 0001 0008
0012 0086 0003 0001 0009
0012 0087 0003 0001 000A
0012 0088 0003 0001 000B
0012 0089 0003 0001 000C
0012 008A 0003 0001 000D
0012 008B 0003 0001 000E
0012 008C 0003 0001 000F
0012 008D 0003 0001 0010
0012 008E 0003 0001 0011
0012 008F 0003 0001 0012
0012 0090 0004 0000 0001
0012 0091 0004 0000 0002
0012 0092 0004 0000 0003
0012 0093 0004 0000 0004
0012 0094 0004 0000 0005
0012 0095 0004 0000 0006
0012 0096 0004 0000 0007
0012 0097 0004 0000 0008
0012 0098 0004 0000 0009
0012 0099 0004 0000 000A
0012 009A 0004 0000 000B
0012 009B 0004 0000 000C
0012 009C 0004 0000 000D
0012 009D 0004 0000 000E
0012 009E 0004 0000 000F
0012 009F 0004 0000 0010
0012 00A0 0004 0000 0011
0012 00A1 0004 0000 0012
0012 00A2 0004 0001 0001
0012 00A3 0004 0001 0002
0012 00A4 0004 0001 0003
0012 00A5 0004 0001 0004
0012 00A6 0004 0001 0005
0012 00A7 0004 0001 0006
0012 00A8 0004 0001 0007
0012 00A9 0004 0001 0008
0012 00AA 0004 0001 0009
0012 00AB 0004 0001 000A
0012 00AC 0004 0001 000B
0012 00AD 0004 0001 000C
0012 00AE 0004 0001 000D
0012 00AF 0004 0001 000E
0012 00B0 0004 0001 000F
0012 00B1 0004 0001 0010
0012 00B2 0004 0001 0011
0012 00B3 0004 0001 0012
0012 00B4 0005 0000 0001
0012 00B5 0005 0000 0002
0012 00B6 0005 0000 0003
0012 00B7 0005 0000 0004
0012 00B8 0005 0000 0005
0012 00B9 0005 0000 0006
0012 00BA 0005 0000 0007
0012 00BB 0005 0000 0008
0012 00BC 0005 0000 0009
0012 00BD 0005 0000 000A
0012 00BE 0005 0000 000B
0012 00BF 0005 0000 000C
0012 00C0 0005 0000 000D
0012 00C1 0005 0000 000E
0012 00C2 0005 0000 000F
0012 00C3 0005 0000 0010
0012 00C4 0005 0000 0011
0012 00C5 0005 0000 0012
0012 00C6 0005 0001 0001
0012 00C7 0005 0001 0002
0012 00C8 0005 0001 0003
0012 00C9 0005 0001 0004
0012 00CA 0005 0001 0005
0012 00CB 0005 0001 0006
0012 00CC 0005 0001 0007
0012 00CD 0005 0001 0008
0012 00CE 0005 0001 0009
0012 00CF 0005 0001 000A
0012 00D0 0005 0001 000B
0012 00D1 0005 0001 000C
0012 00D2 0005 0001 000D
0012 00D3 0005 0001 000E
0012 00D4 0005 0001 000F
0012 00D5 0005 0001 0010
0012 00D6 0005 0001 0011
0012 00D7 0005 0001 0012
0012 00D8 0006 0000 0001
0012 00D9 0006 0000 0002
0012 00DA 0006 0000 0003
0012 00DB 0006 0000 0004
0012 00DC 0006 0000 0005
0012 00DD 0006 0000 0006
0012 00DE 0006 0000 0007
0012 00DF 0006 0000 0008
0012 00E0 0006 0000 0009
0012 00E1 0006 0000 000A
0012 00E2 0006 0000 000B
0012 00E3 0006 0000 000C
0012 00E4 0006 0000 000D
0012 00E5 0006 0000 000E
0012 00E6 0006 0000 000F
0012 00E7 0006 0000 0010
0012 00E8 0006 0000 0011
0012 00E9 0006 0000 0012
0012 00EA 0006 0001 0001
0012 00EB 0006 0001 0002
0012 00EC 0006 0001 0003
0012 00ED 0006 0001 0004
0012 00EE 0006 0001 0005
0012 00EF 0006 0001 0006
0012 00F0 0006 0001 0007
0012 00F1 0006 0001 0008
0012 00F2 0006 0001 0009
0012 00F3 0006 0001 000A
0012 00F4 0006 0001 000B
0012 00F5 0006 0001 000C
0012 00F6 0006 0001 000D
0012 00F7 0006 0001 000E
0012 00F8 0006 0001 000F
0012 00F9 0006 0001 0010
0012 00FA 0006 0001 0011
0012 00FB 0006 0001 0012
0012 00FC 0007 0000 0001
0012 00FD 0007 0000 0002
0012 00FE 0007 0000 0003
0012 00FF 0007 0000 0004
0012 0100 0007 0000 0005
0012 0101 0007 0000 0006
0012 0102 0007 0000 0007
0012 0103 0007 0000 0008
0012 0104 0007 0000 0009
0012 0105 0007 0000 000A
0012 0106 0007 0000 000B
0012 0107 0007 0000 000C
0012 0108 0007 0000 000D
0012 0109 0007 0000 000E
0012 010A 0007 0000 000F
0012 010B 0007 0000 0010
0012 010C 0007 0000 0011
0012 010D 0007 0000 0012
0012 010E 0007 0001 0001
0012 010F 0007 0001 0002
0012 0110 0007 0001 0003
0012 0111 0007 0001 0004
0012 0112 0007 0001 0005
0012 0113 0007 0001 0006
0012 0114 0007 0001 0007
0012 0115 0007 0001 0008
0012 0116 0007 0001 0009
0012 0117 0007 0001 000A
0012 0118 0007 0001 000B
0012 0119 0007 0001 000C
0012 011A 0007 0001 000D
0012 011B 0007 0001 000E
0012 011C 0007 0001 000F
0012 011D 0007 0001 0010
0012 011E 0007 0001 0011
0012 011F 0007 0001 0012
0012 0120 0008 0000 0001
0012 0121 0008 0000 0002
0012 0122 0008 0000 0003
0012 0123 0008 0000 0004
0012 0124 0008 0000 0005
0012 0125 0008 0000 0006
0012 0126 0008 0000 0007
0012 0127 0008 0000 0008
0012 0128 0008 0000 0009
0012 0129 0008 0000 000A
0012 012A 0008 0000 000B
0012 012B 0008 0000 000C
0012 012C 0008 0000 000D
0012 012D 0008 0000 000E
0012 012E 0008 0000 000F
0012 012F 0008 0000 0010
0012 0130 0008 0000 0011
0012 0131 0008 0000 0012
0012 0132 0008 0001 0001
0012 0133 0008 0001 0002
0012 0134 0008 0001 0003
0012 0135 0008 0001 0004
0012 0136 0008 0001 0005
0012 0137 0008 0001 0006
0012 0138 0008 0001 0007
0012 0139 0008 0001 0008
0012 013A 0008 0001 0009
0012 013B 0008 0001 000A
0012 013C 0008 0001 000B
0012 013D 0008 0001 000C
0012 013E 0008 0001 000D
0012 013F 0008 0001 000E
0012 0140 0008 0001 000F
0012 0141 0008 0001 0010
0012 0142 0008 0001 0011
0012 0143 0008 0001 0012
0012 0144 0009 0000 0001
0012 0145 0009 0000 0002
0012 0146 0009 0000 0003
0012 0147 0009 0000 0004
0012 0148 0009 0000 0005
0012 0149 0009 0000 0006
0012 014A 0009 0000 0007
0012 014B 0009 0000 0008
0012 014C 0009 0000 0009
0012 014D 0009 0000 000A
0012 014E 0009 0000 000B
0012 014F 0009 0000 000C
0012 0150 0009 0000 000D
0012 0151 0009 0000 000E
0012 0152 0009 0000 000F
0012 0153 0009 0000 0010
0012 0154 0009 0000 0011
0012 0155 0009 0000 0012
0012 0156 0009 0001 0001
0012 0157 0009 0001 0002
0012 0158 0009 0001 0003
0012 0159 0009 0001 0004
0012 015A 0009 0001 0005
0012 015B 0009 0001 0006
0012 015C 0009 0001 0007
0012 015D 0009 0001 0008
0012 015E 0009 0001 0009
0012 015F 0009 0001 000A
0012 0160 0009 0001 000B
0012 0161 0009 0001 000C
0012 0162 0009 0001 000D
0012 0163 0009 0001 000E
0012 0164 0009 0001 000F
0012 0165 0009 0001 0010
0012 0166 0009 0001 0011
0012 0167 0009 0001 0012
0012 0168 000A 0000 0001
0012 0169 000A 0000 0002
0012 016A 000A 0000 0003
0012 016B 000A 0000 0004
0012 016C 000A 0000 0005
0012 016D 000A 0000 0006
0012 016E 000A 0000 0007
0012 016F 000A 0000 0008
0012 0170 000A 0000 0009
0012 0171 000A 0000 000A
0012 0172 000A 0000 000B
0012 0173 000A 0000 000C
0012 0174 000A 0000 000D
0012 0175 000A 0000 000E
0012 0176 000A 0000 000F
0012 0177 000A 0000 0010
0012 0178 000A 0000 0011
0012 0179 000A 0000 0012
0012 017A 000A 0001 0001
0012 017B 000A 0001 0002
0012 017C 000A 0001 0003
0012 017D 000A 0001 0004
0012 017E 000A 0001 0005
0012 017F 000A 0001 0006
0012 0180 000A 0001 0007
0012 0181 000A 0001 0008
0012 0182 000A 0001 0009
0012 0183 000A 0001 000A
0012 0184 000A 0001 000B
0012 0185 000A 0001 000C
0012 0186 000A 0001 000D
0012 0187 000A 0001 000E
0012 0188 000A 0001 000F
0012 0189 000A 0001 0010
0012 018A 000A 0001 0011
0012 018B 000A 0001 0012
0012 018C 000B 0000 0001
0012 018D 000B 0000 0002
0012 018E 000B 0000 0003
0012 018F 000B 0000 0004
0012 0190 000B 0000 0005
0012 0191 000B 0000 0006
0012 0192 000B 0000 0007
0012 0193 000B 0000 0008
0012 0194 000B 0000 0009
0012 0195 000B 0000 000A
0012 0196 000B 0000 000B
0012 0197 000B 0000 000C
0012 0198 000B 0000 000D
0012 0199 000B 0000 000E
0012 019A 000B 0000 000F
0012 019B 000B 0000 0010
0012 019C 000B 0000 0011
0012 019D 000B 0000 0012
0012 019E 000B 0001 0001
0012 019F 000B 0001 0002
0012 01A0 000B 0001 0003
0012 01A1 000B 0001 0004
0012 01A2 000B 0001 0005
0012 01A3 000B 0001 0006
0012 01A4 000B 0001 0007
0012 01A5 000B 0001 0008
0012 01A6 000B 0001 0009
0012 01A7 000B 0001 000A
0012 01A8 000B 0001 000B
0012 01A9 000B 0001 000C
0012 01AA 000B 0001 000D
0012 01AB 000B 0001 000E
0012 01AC 000B 0001 000F
0012 01AD 000B 0001 0010
0012 01AE 000B 0001 0011
0012 01AF 000B 0001 0012
0012 01B0 000C 0000 0001
0012 01B1 000C 0000 0002
0012 01B2 000C 0000 0003
0012 01B3 000C 0000 0004
0012 01B4 000C 0000 0005
0012 01B5 000C 0000 0006
0012 01B6 000C 0000 0007
0012 01B7 000C 0000 0008
0012 01B8 000C 0000 0009
0012 01B9 000C 0000 000A
0012 01BA 000C 0000 000B
0012 01BB 000C 0000 000C
0012 01BC 000C 0000 000D
0012 01BD 000C 0000 000E
0012 01BE 000C 0000 000F
0012 01BF 000C 0000 0010
0012 01C0 000C 0000 0011
0012 01C1 000C 0000 0012
0012 01C2 000C 0001 0001
0012 01C3 000C 0001 0002
0012 01C4 000C 0001 0003
0012 01C5 000C 0001 0004
0012 01C6 000C 0001 0005
0012 01C7 000C 0001 0006
0012 01C8 000C 0001 0007
0012 01C9 000C 0001 0008
0012 01CA 000C 0001 0009
0012 01CB 000C 0001 000A
0012 01CC 000C 0001 000B
0012 01CD 000C 0001 000C
0012 01CE 000C 0001 000D
0012 01CF 000C 0001 000E
0012 01D0 000C 0001 000F
0012 01D1 000C 0001 0010
0012 01D2 000C 0001 0011
0012 01D3 000C 0001 0012
0012 01D4 000D 0000 0001
0012 01D5 000D 0000 0002
0012 01D6 000D 0000 0003
0012 01D7 000D 0000 0004
0012 01D8 000D 0000 0005
0012 01D9 000D 0000 0006
0012 01DA 000D 0000 0007
0012 01DB 000D 0000 0008
0012 01DC 000D 0000 0009
0012 01DD 000D 0000 000A
0012 01DE 000D 0000 000B
0012 01DF 000D 0000 000C
0012 01E0 000D 0000 000D
0012 01E1 000D 0000 000E
0012 01E2 000D 0000 000F
0012 01E3 000D 0000 0010
0012 01E4 000D 0000 0011
0012 01E5 000D 0000 0012
0012 01E6 000D 0001 0001
0012 01E7 000D 0001 0002
0012 01E8 000D 0001 0003
0012 01E9 000D 0001 0004
0012 01EA 000D 0001 0005
0012 01EB 000D 0001 0006
0012 01EC 000D 0001 0007
0012 01ED 000D 0001 0008
0012 01EE 000D 0001 0009
0012 01EF 000D 0001 000A
0012 01F0 000D 0001 000B
0012 01F1 000D 0001 000C
0012 01F2 000D 0001 000D
0012 01F3 000D 0001 000E
0012 01F4 000D 0001 000F
0012 01F5 000D 0001 0010
0012 01F6 000D 0001 0011
0012 01F7 000D 0001 0012
0012 01F8 000E 0000 0001
0012 01F9 000E 0000 0002
0012 01FA 000E 0000 0003
0012 01FB 000E 0000 0004
0012 01FC 000E 0000 0005
0012 01FD 000E 0000 0006
0012 01FE 000E 0000 0007
0012 01FF 000E 0000 0008
0012 0200 000E 0000 0009
0012 0201 000E 0000 000A
0012 0202 000E 0000 000B
0012 0203 000E 0000 000C
0012 0204 000E 0000 000D
0012 0205 000E 0000 000E
0012 0206 000E 0000 000F
0012 0207 000E 0000 0010
0012 0208 000E 0000 0011
0012 0209 000E 0000 0012
0012 020A 000E 0001 0001
0012 020B 000E 0001 0002
0012 020C 000E 0001 0003
0012 020D 000E 0001 0004
0012 020E 000E 0001 0005
0012 020F 000E 0001 0006
0012 0210 000E 0001 0007
0012 0211 000E 0001 0008
0012 0212 000E 0001 0009
0012 0213 000E 0001 000A
0012 0214 000E 0001 000B
0012 0215 000E 0001 000C
0012 0216 000E 0001 000D
0012 0217 000E 0001 000E
0012 0218 000E 0001 000F
0012 0219 000E 0001 0010
0012 021A 000E 0001 0011
0012 021B 000E 0001 0012
0012 021C 000F 0000 0001
0012 021D 000F 0000 0002
0012 021E 000F 0000 0003
0012 021F 000F 0000 0004
0012 0220 000F 0000 0005
0012 0221 000F 0000 0006
0012 0222 000F 0000 0007
0012 0223 000F 0000 0008
0012 0224 000F 0000 0009
0012 0225 000F 0000 000A
0012 0226 000F 0000 000B
0012 0227 000F 0000 000C
0012 0228 000F 0000 000D
0012 0229 000F 0000 000E
0012 022A 000F 0000 000F
0012 022B 000F 0000 0010
0012 022C 000F 0000 0011
0012 022D 000F 0000 0012
0012 022E 000F 0001 0001
0012 022F 000F 0001 0002
0012 0230 000F 0001 0003
0012 0231 000F 0001 0004
0012 0232 000F 0001 0005
0012 0233 000F 0001 0006
0012 0234 000F 0001 0007
0012 0235 000F 0001 0008
0012 0236 000F 0001 0009
0012 0237 000F 0001 000A
0012 0238 000F 0001 000B
0012 0239 000F 0001 000C
0012 023A 000F 0001 000D
0012 023B 000F 0001 000E
0012 023C 000F 0001 000F
0012 023D 000F 0001 0010
0012 023E 000F 0001 0011
0012 023F 000F 0001 0012
0012 0240 0010 0000 0001
0012 0241 0010 0000 0002
0012 0242 0010 0000 0003
0012 0243 0010 0000 0004
0012 0244 0010 0000 0005
0012 0245 0010 0000 0006
0012 0246 0010 0000 0007
0012 0247 0010 0000 0008
0012 0248 0010 0000 0009
0012 0249 0010 0000 000A
0012 024A 0010 0000 000B
0012 024B 0010 0000 000C
0012 024C 0010 0000 000D
0012 024D 0010 0000 000E
0012 024E 0010 0000 000F
0012 024F 0010 0000 0010
0012 0250 0010 0000 0011
0012 0251 0010 0000 0012
0012 0252 0010 0001 0001
0012 0253 0010 0001 0002
0012 0254 0010 0001 0003
0012 0255 0010 0001 0004
0012 0256 0010 0001 0005
0012 0257 0010 0001 0006
0012 0258 0010 0001 0007
0012 0259 0010 0001 0008
0012 025A 0010 0001 0009
0012 025B 0010 0001 000A
0012 025C 0010 0001 000B
0012 025D 0010 0001 000C
0012 025E 0010 0001 000D
0012 025F 0010 0001 000E
0012 0260 0010 0001 000F
0012 0261 0010 0001 0010
0012 0262 0010 0001 0011
0012 0263 0010 0001 0012
0012 0264 0011 0000 0001
0012 0265 0011 0000 0002
0012 0266 0011 0000 0003
0012 0267 0011 0000 0004
0012 0268 0011 0000 0005
0012 0269 0011 0000 0006
0012 026A 0011 0000 0007
0012 026B 0011 0000 0008
0012 026C 0011 0000 0009
0012 026D 0011 0000 000A
0012 026E 0011 0000 000B
0012 026F 0011 0000 000C
0012 0270 0011 0000 000D
0012 0271 0011 0000 000E
0012 0272 0011 0000 000F
0012 0273 0011 0000 0010
0012 0274 0011 0000 0011
0012 0275 0011 0000 0012
0012 0276 0011 0001 0001
0012 0277 0011 0001 0002
0012 0278 0011 0001 0003
0012 0279 0011 0001 0004
0012 027A 0011 0001 0005
0012 027B 0011 0001 0006
0012 027C 0011 0001 0007
0012 027D 0011 0001 0008
0012 027E 0011 0001 0009
0012 027F 0011 0001 000A
0012 0280 0011 0001 000B
0012 0281 0011 0001 000C
0012 0282 0011 0001 000D
0012 0283 0011 0001 000E
0012 0284 0011 0001 000F
0012 0285 0011 0001 0010
0012 0286 0011 0001 0011
0012 0287 0011 0001 0012
0012 0288 0012 0000 0001
0012 0289 0012 0000 0002
0012 028A 0012 0000 0003
0012 028B 0012 0000 0004
0012 028C 0012 0000 0005
0012 028D 0012 0000 0006
0012 028E 0012 0000 0007
0012 028F 0012 0000 0008
0012 0290 0012 0000 0009
0012 0291 0012 0000 000A
0012 0292 0012 0000 000B
0012 0293 0012 0000 000C
0012 0294 0012 0000 000D
0012 0295 0012 0000 000E
0012 0296 0012 0000 000F
0012 0297 0012 0000 0010
0012 0298 0012 0000 0011
0012 0299 0012 0000 0012
0012 029A 0012 0001 0001
0012 029B 0012 0001 0002
0012 029C 0012 0001 0003
0012 029D 0012 0001 0004
0012 029E 0012 0001 0005
0012 029F 0012 0001 0006
0012 02A0 0012 0001 0007
0012 02A1 0012 0001 0008
0012 02A2 0012 0001 0009
0012 02A3 0012 0001 000A
0012 02A4 0012 0001 000B
0012 02A5 0012 0001 000C
0012 02A6 0012 0001 000D
0012 02A7 0012 0001 000E
0012 02A8 0012 0001 000F
0012 02A9 0012 0001 0010
0012 02AA 0012 0001 0011
0012 02AB 0012 0001 0012
0012 02AC 0013 0000 0001
0012 02AD 0013 0000 0002
0012 02AE 0013 0000 0003
0012 02AF 0013 0000 0004
0012 02B0 0013 0000 0005
0012 02B1 0013 0000 0006
0012 02B2 0013 0000 0007
0012 02B3 0013 0000 0008
0012 02B4 0013 0000 0009
0012 02B5 0013 0000 000A
0012 02B6 0013 0000 000B
0012 02B7 0013 0000 000C
0012 02B8 0013 0000 000D
0012 02B9 0013 0000 000E
0012 02BA 0013 0000 000F
0012 02BB 0013 0000 0010
0012 02BC 0013 0000 0011
0012 02BD 0013 0000 0012
0012 02BE 0013 0001 0001
0012 02BF 0013 0001 0002
0012 02C0 0013 0001 0003
0012 02C1 0013 0001 0004
0012 02C2 0013 0001 0005
0012 02C3 0013 0001 0006
0012 02C4 0013 0001 0007
0012 02C5 0013 0001 0008
0012 02C6 0013 0001 0009
0012 02C7 0013 0001 000A
0012 02C8 0013 0001 000B
0012 02C9 0013 0001 000C
0012 02CA 0013 0001 000D
0012 02CB 0013 0001 000E
0012 02CC 0013 0001 000F
0012 02CD 0013 0001 0010
0012 02CE 0013 0001 0011
0012 02CF 0013 0001 0012
0012 02D0 0014 0000 0001
0012 02D1 0014 0000 0002
0012 02D2 0014 0000 0003
0012 02D3 0014 0000 0004
0012 02D4 0014 0000 0005
0012 02D5 0014 0000 0006
0012 02D6 0014 0000 0007
0012 02D7 0014 0000 0008
0012 02D8 0014 0000 0009
0012 02D9 0014 0000 000A
0012 02DA 0014 0000 000B
0012 02DB 0014 0000 000C
0012 02DC 0014 0000 000D
0012 02DD 0014 0000 000E
0012 02DE 0014 0000 000F
0012 02DF 0014 0000 0010
0012 02E0 0014 0000 0011
0012 02E1 0014 0000 0012
0012 02E2 0014 0001 0001
0012 02E3 0014 0001 0002
0012 02E4 0014 0001 0003
0012 02E5 0014 0001 0004
0012 02E6 0014 0001 0005
0012 02E7 0014 0001 0006
0012 02E8 0014 0001 0007
0012 02E9 0014 0001 0008
0012 02EA 0014 0001 0009
0012 02EB 0014 0001 000A
0012 02EC 0014 0001 000B
0012 02ED 0014 0001 000C
0012 02EE 0014 0001 000D
0012 02EF 0014 0001 000E
0012 02F0 0014 0001 000F
0012 02F1 0014 0001 0010
0012 02F2 0014 0001 0011
0012 02F3 0014 0001 0012
0012 02F4 0015 0000 0001
0012 02F5 0015 0000 0002
0012 02F6 0015 0000 0003
0012 02F7 0015 0000 0004
0012 02F8 0015 0000 0005
0012 02F9 0015 0000 0006
0012 02FA 0015 0000 0007
0012 02FB 0015 0000 0008
0012 02FC 0015 0000 0009
0012 02FD 0015 0000 000A
0012 02FE 0015 0000 000B
0012 02FF 0015 0000 000C
0012 0300 0015 0000 000D
0012 0301 0015 0000 000E
0012 0302 0015 0000 000F
0012 0303 0015 0000 0010
0012 0304 0015 0000 0011
0012 0305 0015 0000 0012
0012 0306 0015 0001 0001
0012 0307 0015 0001 0002
0012 0308 0015 0001 0003
0012 0309 0015 0001 0004
0012 030A 0015 0001 0005
0012 030B 0015 0001 0006
0012 030C 0015 0001 0007
0012 030D 0015 0001 0008
0012 030E 0015 0001 0009
0012 030F 0015 0001 000A
0012 0310 0015 0001 000B
0012 0311 0015 0001 000C
0012 0312 0015 0001 000D
0012 0313 0015 0001 000E
0012 0314 0015 0001 000F
0012 0315 0015 0001 0010
0012 0316 0015 0001 0011
0012 0317 0015 0001 0012
0012 0318 0016 0000 0001
0012 0319 0016 0000 0002
0012 031A 0016 0000 0003
0012 031B 0016 0000 0004
0012 031C 0016 0000 0005
0012 031D 0016 0000 0006
0012 031E 0016 0000 0007
0012 031F 0016 0000 0008
0012 0320 0016 0000 0009
0012 0321 0016 0000 000A
0012 0322 0016 0000 000B
0012 0323 0016 0000 000C
0012 0324 0016 0000 000D
0012 0325 0016 0000 000E
0012 0326 0016 0000 000F
0012 0327 0016 0000 0010
0012 0328 0016 0000 0011
0012 0329 0016 0000 0012
0012 032A 0016 0001 0001
0012 032B 0016 0001 0002
0012 032C 0016 0001 0003
0012 032D 0016 0001 0004
0012 032E 0016 0001 0005
0012 032F 0016 0001 0006
0012 0330 0016 0001 0007
0012 0331 0016 0001 0008
0012 0332 0016 0001 0009
0012 0333 0016 0001 000A
0012 0334 0016 0001 000B
0012 0335 0016 0001 000C
0012 0336 0016 0001 000D
0012 0337 0016 0001 000E
0012 0338 0016 0001 000F
0012 0339 0016 0001 0010
0012 033A 0016 0001 0011
0012 033B 0016 0001 0012
0012 033C 0017 0000 0001
0012 033D 0017 0000 0002
0012 033E 0017 0000 0003
0012 033F 0017 0000 0004
0012 0340 0017 0000 0005
0012 0341 0017 0000 0006
0012 0342 0017 0000 0007
0012 0343 0017 0000 0008
0012 0344 0017 0000 0009
0012 0345 0017 0000 000A
0012 0346 0017 0000 000B
0012 0347 0017 0000 000C
0012 0348 0017 0000 000D
0012 0349 0017 0000 000E
0012 034A 0017 0000 000F
0012 034B 0017 0000 0010
0012 034C 0017 0000 0011
0012 034D 0017 0000 0012
0012 034E 0017 0001 0001
0012 034F 0017 0001 0002
0012 0350 0017 0001 0003
0012 0351 0017 0001 0004
0012 0352 0017 0001 0005
0012 0353 0017 0001 0006
0012 0354 0017 0001 0007
0012 0355 0017 0001 0008
0012 0356 0017 0001 0009
0012 0357 0017 0001 000A
0012 0358 0017 0001 000B
0012 0359 0017 0001 000C
0012 035A 0017 0001 000D
0012 035B 0017 0001 000E
0012 035C 0017 0001 000F
0012 035D 0017 0001 0010
0012 035E 0017 0001 0011
0012 035F 0017 0001 0012
0012 0360 0018 0000 0001
0012 0361 0018 0000 0002
0012 0362 0018 0000 0003
0012 0363 0018 0000 0004
0012 0364 0018 0000 0005
0012 0365 0018 0000 0006
0012 0366 0018 0000 0007
0012 0367 0018 0000 0008
0012 0368 0018 0000 0009
0012 0369 0018 0000 000A
0012 036A 0018 0000 000B
0012 036B 0018 0000 000C
0012 036C 0018 0000 000D
0012 036D 0018 0000 000E
0012 036E 0018 0000 000F
0012 036F 0018 0000 0010
0012 0370 0018 0000 0011
0012 0371 0018 0000 0012
0012 0372 0018 0001 0001
0012 0373 0018 0001 0002
0012 0374 0018 0001 0003
0012 0375 0018 0001 0004
0012 0376 0018 0001 0005
0012 0377 0018 0001 0006
0012 0378 0018 0001 0007
0012 0379 0018 0001 0008
0012 037A 0018 0001 0009
0012 037B 0018 0001 000A
0012 037C 0018 0001 000B
0012 037D 0018 0001 000C
0012 037E 0018 0001 000D
0012 037F 0018 0001 000E
0012 0380 0018 0001 000F
0012 0381 0018 0001 0010
0012 0382 0018 0001 0011
0012 0383 0018 0001 0012
0012 0384 0019 0000 0001
0012 0385 0019 0000 0002
0012 0386 0019 0000 0003
0012 0387 0019 0000 0004
0012 0388 0019 0000 0005
0012 0389 0019 0000 0006
0012 038A 0019 0000 0007
0012 038B 0019 0000 0008
0012 038C 0019 0000 0009
0012 038D 0019 0000 000A
0012 038E 0019 0000 000B
0012 038F 0019 0000 000C
0012 0390 0019 0000 000D
0012 0391 0019 0000 000E
0012 0392 0019 0000 000F
0012 0393 0019 0000 0010
0012 0394 0019 0000 0011
0012 0395 0019 0000 0012
0012 0396 0019 0001 0001
0012 0397 0019 0001 0002
0012 0398 0019 0001 0003
0012 0399 0019 0001 0004
0012 039A 0019 0001 0005
0012 039B 0019 0001 0006
0012 039C 0019 0001 0007
0012 039D 0019 0001 0008
0012 039E 0019 0001 0009
0012 039F 0019 0001 000A
0012 03A0 0019 0001 000B
0012 03A1 0019 0001 000C
0012 03A2 0019 0001 000D
0012 03A3 0019 0001 000E
0012 03A4 0019 0001 000F
0012 03A5 0019 0001 0010
0012 03A6 0019 0001 0011
0012 03A7 0019 0001 0012
0012 03A8 001A 0000 0001
0012 03A9 001A 0000 0002
0012 03AA 001A 0000 0003
0012 03AB 001A 0000 0004
0012 03AC 001A 0000 0005
0012 03AD 001A 0000 0006
0012 03AE 001A 0000 0007
0012 03AF 001A 0000 0008
0012 03B0 001A 0000 0009
0012 03B1 001A 0000 000A
0012 03B2 001A 0000 000B
0012 03B3 001A 0000 000C
0012 03B4 001A 0000 000D
0012 03B5 001A 0000 000E
0012 03B6 001A 0000 000F
0012 03B7 001A 0000 0010
0012 03B8 001A 0000 0011
0012 03B9 001A 0000 0012
0012 03BA 001A 0001 0001
0012 03BB 001A 0001 0002
0012 03BC 001A 0001 0003
0012 03BD 001A 0001 0004
0012 03BE 001A 0001 0005
0012 03BF 001A 0001 0006
0012 03C0 001A 0001 0007
0012 03C1 001A 0001 0008
0012 03C2 001A 0001 0009
0012 03C3 001A 0001 000A
0012 03C4 001A 0001 000B
0012 03C5 001A 0001 000C
0012 03C6 001A 0001 000D
0012 03C7 001A 0001 000E
0012 03C8 001A 0001 000F
0012 03C9 001A 0001 0010
0012 03CA 001A 0001 0011
0012 03CB 001A 0001 0012
0012 03CC 001B 0000 0001
0012 03CD 001B 0000 0002
0012 03CE 001B 0000 0003
0012 03CF 001B 0000 0004
0012 03D0 001B 0000 0005
0012 03D1 001B 0000 0006
0012 03D2 001B 0000 0007
0012 03D3 001B 0000 0008
0012 03D4 001B 0000 0009
0012 03D5 001B 0000 000A
0012 03D6 001B 0000 000B
0012 03D7 001B 0000 000C
0012 03D8 001B 0000 000D
0012 03D9 001B 0000 000E
0012 03DA 001B 0000 000F
0012 03DB 001B 0000 0010
0012 03DC 001B 0000 0011
0012 03DD 001B 0000 0012
0012 03DE 001B 0001 0001
0012 03DF 001B 0001 0002
0012 03E0 001B 0001 0003
0012 03E1 001B 0001 0004
0012 03E2 001B 0001 0005
0012 03E3 001B 0001 0006
0012 03E4 001B 0001 0007
0012 03E5 001B 0001 0008
0012 03E6 001B 0001 0009
0012 03E7 001B 0001 000A
0012 03E8 001B 0001 000B
0012 03E9 001B 0001 000C
0012 03EA 001B 0001 000D
0012 03EB 001B 0001 000E
0012 03EC 001B 0001 000F
0012 03ED 001B 0001 0010
0012 03EE 001B 0001 0011
0012 03EF 001B 0001 0012
0012 03F0 001C 0000 0001
0012 03F1 001C 0000 0002
0012 03F2 001C 0000 0003
0012 03F3 001C 0000 0004
0012 03F4 001C 0000 0005
0012 03F5 001C 0000 0006
0012 03F6 001C 0000 0007
0012 03F7 001C 0000 0008
0012 03F8 001C 0000 0009
0012 03F9 001C 0000 000A
0012 03FA 001C 0000 000B
0012 03FB 001C 0000 000C
0012 03FC 001C 0000 000D
0012 03FD 001C 0000 000E
0012 03FE 001C 0000 000F
0012 03FF 001C 0000 0010
0012 0400 001C 0000 0011
0012 0401 001C 0000 0012
0012 0402 001C 0001 0001
0012 0403 001C 0001 0002
0012 0404 001C 0001 0003
0012 0405 001C 0001 0004
0012 0406 001C 0001 0005
0012 0407 001C 0001 0006
0012 0408 001C 0001 0007
0012 0409 001C 0001 0008
0012 040A 001C 0001 0009
0012 040B 001C 0001 000A
0012 040C 001C 0001 000B
0012 040D 001C 0001 000C
0012 040E 001C 0001 000D
0012 040F 001C 0001 000E
0012 0410 001C 0001 000F
0012 0411 001C 0001 0010
0012 0412 001C 0001 0011
0012 0413 001C 0001 0012
0012 0414 001D 0000 0001
0012 0415 001D 0000 0002
0012 0416 001D 0000 0003
0012 0417 001D 0000 0004
0012 0418 001D 0000 0005
0012 0419 001D 0000 0006
0012 041A 001D 0000 0007
0012 041B 001D 0000 0008
0012 041C 001D 0000 0009
0012 041D 001D 0000 000A
0012 041E 001D 0000 000B
0012 041F 001D 0000 000C
0012 0420 001D 0000 000D
0012 0421 001D 0000 000E
0012 0422 001D 0000 000F
0012 0423 001D 0000 0010
0012 0424 001D 0000 0011
0012 0425 001D 0000 0012
0012 0426 001D 0001 0001
0012 0427 001D 0001 0002
0012 0428 001D 0001 0003
0012 0429 001D 0001 0004
0012 042A 001D 0001 0005
0012 042B 001D 0001 0006
0012 042C 001D 0001 0007
0012 042D 001D 0001 0008
0012 042E 001D 0001 0009
0012 042F 001D 0001 000A
0012 0430 001D 0001 000B
0012 0431 001D 0001 000C
0012 0432 001D 0001 000D
0012 0433 001D 0001 000E
0012 0434 001D 0001 000F
0012 0435 001D 0001 0010
0012 0436 001D 0001 0011
0012 0437 001D 0001 0012
0012 0438 001E 0000 0001
0012 0439 001E 0000 0002
0012 043A 001E 0000 0003
0012 043B 001E 0000 0004
0012 043C 001E 0000 0005
0012 043D 001E 0000 0006
0012 043E 001E 0000 0007
0012 043F 001E 0000 0008
0012 0440 001E 0000 0009
0012 0441 001E 0000 000A
0012 0442 001E 0000 000B
0012 0443 001E 0000 000C
0012 0444 001E 0000 000D
0012 0445 001E 0000 000E
0012 0446 001E 0000 000F
0012 0447 001E 0000 0010
0012 0448 001E 0000 0011
0012 0449 001E 0000 0012
0012 044A 001E 0001 0001
0012 044B 001E 0001 0002
0012 044C 001E 0001 0003
0012 044D 001E 0001 0004
0012 044E 001E 0001 0005
0012 044F 001E 0001 0006
0012 0450 001E 0001 0007
0012 0451 001E 0001 0008
0012 0452 001E 0001 0009
0012 0453 001E 0001 000A
0012 0454 001E 0001 000B
0012 0455 001E 0001 000C
0012 0456 001E 0001 000D
0012 0457 001E 0001 000E
0012 0458 001E 0001 000F
0012 0459 001E 0001 0010
0012 045A 001E 0001 0011
0012 045B 001E 0001 0012
0012 045C 001F 0000 0001
0012 045D 001F 0000 0002
0012 045E 001F 0000 0003
0012 045F 001F 0000 0004
0012 0460 001F 0000 0005
0012 0461 001F 0000 0006
0012 0462 001F 0000 0007
0012 0463 001F 0000 0008
0012 0464 001F 0000 0009
0012 0465 001F 0000 000A
0012 0466 001F 0000 000B
0012 0467 001F 0000 000C
0012 0468 001F 0000 000D
0012 0469 001F 0000 000E
0012 046A 001F 0000 000F
0012 046B 001F 0000 0010
0012 046C 001F 0000 0011
0012 046D 001F 0000 0012
0012 046E 001F 0001 0001
0012 046F 001F 0001 0002
0012 0470 001F 0001 0003
0012 0471 001F 0001 0004
0012 0472 001F 0001 0005
0012 0473 001F 0001 0006
0012 0474 001F 0001 0007
0012 0475 001F 0001 0008
0012 0476 001F 0001 0009
0012 0477 001F 0001 000A
0012 0478 001F 0001 000B
0012 0479 001F 0001 000C
0012 047A 001F 0001 000D
0012 047B 001F 0001 000E
0012 047C 001F 0001 000F
0012 047D 001F 0001 0010
0012 047E 001F 0001 0011
0012 047F 001F 0001 0012
0012 0480 0020 0000 0001
0012 0481 0020 0000 0002
0012 0482 0020 0000 0003
0012 0483 0020 0000 0004
0012 0484 0020 0000 0005
0012 0485 0020 0000 0006
0012 0486 0020 0000 0007
0012 0487 0020 0000 0008
0012 0488 0020 0000 0009
0012 0489 0020 0000 000A
0012 048A 0020 0000 000B
0012 048B 0020 0000 000C
0012 048C 0020 0000 000D
0012 048D 0020 0000 000E
0012 048E 0020 0000 000F
0012 048F 0020 0000 0010
0012 0490 0020 0000 0011
0012 0491 0020 0000 0012
0012 0492 0020 0001 0001
0012 0493 0020 0001 0002
0012 0494 0020 0001 0003
0012 0495 0020 0001 0004
0012 0496 0020 0001 0005
0012 0497 0020 0001 0006
0012 0498 0020 0001 0007
0012 0499 0020 0001 0008
0012 049A 0020 0001 0009
0012 049B 0020 0001 000A
0012 049C 0020 0001 000B
0012 049D 0020 0001 000C
0012 049E 0020 0001 000D
0012 049F 0020 0001 000E
0012 04A0 0020 0001 000F
0012 04A1 0020 0001 0010
0012 04A2 0020 0001 0011
0012 04A3 0020 0001 0012
0012 04A4 0021 0000 0001
0012 04A5 0021 0000 0002
0012 04A6 0021 0000 0003
0012 04A7 0021 0000 0004
0012 04A8 0021 0000 0005
0012 04A9 0021 0000 0006
0012 04AA 0021 0000 0007
0012 04AB 0021 0000 0008
0012 04AC 0021 0000 0009
0012 04AD 0021 0000 000A
0012 04AE 0021 0000 000B
0012 04AF 0021 0000 000C
0012 04B0 0021 0000 000D
0012 04B1 0021 0000 000E
0012 04B2 0021 0000 000F
0012 04B3 0021 0000 0010
0012 04B4 0021 0000 0011
0012 04B5 0021 0000 0012
0012 04B6 0021 0001 0001
0012 04B7 0021 0001 0002
0012 04B8 0021 0001 0003
0012 04B9 0021 0001 0004
0012 04BA 0021 0001 0005
0012 04BB 0021 0001 0006
0012 04BC 0021 0001 0007
0012 04BD 0021 0001 0008
0012 04BE 0021 0001 0009
0012 04BF 0021 0001 000A
0012 04C0 0021 0001 000B
0012 04C1 0021 0001 000C
0012 04C2 0021 0001 000D
0012 04C3 0021 0001 000E
0012 04C4 0021 0001 000F
0012 04C5 0021 0001 0010
0012 04C6 0021 0001 0011
0012 04C7 0021 0001 0012
0012 04C8 0022 0000 0001
0012 04C9 0022 0000 0002
0012 04CA 0022 0000 0003
0012 04CB 0022 0000 0004
0012 04CC 0022 0000 0005
0012 04CD 0022 0000 0006
0012 04CE 0022 0000 0007
0012 04CF 0022 0000 0008
0012 04D0 0022 0000 0009
0012 04D1 0022 0000 000A
0012 04D2 0022 0000 000B
0012 04D3 0022 0000 000C
0012 04D4 0022 0000 000D
0012 04D5 0022 0000 000E
0012 04D6 0022 0000 000F
0012 04D7 0022 0000 0010
0012 04D8 0022 0000 0011
0012 04D9 0022 0000 0012
0012 04DA 0022 0001 0001
0012 04DB 0022 0001 0002
0012 04DC 0022 0001 0003
0012 04DD 0022 0001 0004
0012 04DE 0022 0001 0005
0012 04DF 0022 0001 0006
0012 04E0 0022 0001 0007
0012 04E1 0022 0001 0008
0012 04E2 0022 0001 0009
0012 04E3 0022 0001 000A
0012 04E4 0022 0001 000B
0012 04E5 0022 0001 000C
0012 04E6 0022 0001 000D
0012 04E7 0022 0001 000E
0012 04E8 0022 0001 000F
0012 04E9 0022 0001 0010
0012 04EA 0022 0001 0011
0012 04EB 0022 0001 0012
0012 04EC 0023 0000 0001
0012 04ED 0023 0000 0002
0012 04EE 0023 0000 0003
0012 04EF 0023 0000 0004
0012 04F0 0023 0000 0005
0012 04F1 0023 0000 0006
0012 04F2 0023 0000 0007
0012 04F3 0023 0000 0008
0012 04F4 0023 0000 0009
0012 04F5 0023 0000 000A
0012 04F6 0023 0000 000B
0012 04F7 0023 0000 000C
0012 04F8 0023 0000 000D
0012 04F9 0023 0000 000E
0012 04FA 0023 0000 000F
0012 04FB 0023 0000 0010
0012 04FC 0023 0000 0011
0012 04FD 0023 0000 0012
0012 04FE 0023 0001 0001
0012 04FF 0023 0001 0002
0012 0500 0023 0001 0003
0012 0501 0023 0001 0004
0012 0502 0023 0001 0005
0012 0503 0023 0001 0006
0012 0504 0023 0001 0007
0012 0505 0023 0001 0008
0012 0506 0023 0001 0009
0012 0507 0023 0001 000A
0012 0508 0023 0001 000B
0012 0509 0023 0001 000C
0012 050A 0023 0001 000D
0012 050B 0023 0001 000E
0012 050C 0023 0001 000F
0012 050D 0023 0001 0010
0012 050E 0023 0001 0011
0012 050F 0023 0001 0012
0012 0510 0024 0000 0001
0012 0511 0024 0000 0002
0012 0512 0024 0000 0003
0012 0513 0024 0000 0004
0012 0514 0024 0000 0005
0012 0515 0024 0000 0006
0012 0516 0024 0000 0007
0012 0517 0024 0000 0008
0012 0518 0024 0000 0009
0012 0519 0024 0000 000A
0012 051A 0024 0000 000B
0012 051B 0024 0000 000C
0012 051C 0024 0000 000D
0012 051D 0024 0000 000E
0012 051E 0024 0000 000F
0012 051F 0024 0000 0010
0012 0520 0024 0000 0011
0012 0521 0024 0000 0012
0012 0522 0024 0001 0001
0012 0523 0024 0001 0002
0012 0524 0024 0001 0003
0012 0525 0024 0001 0004
0012 0526 0024 0001 0005
0012 0527 0024 0001 0006
0012 0528 0024 0001 0007
0012 0529 0024 0001 0008
0012 052A 0024 0001 0009
0012 052B 0024 0001 000A
0012 052C 0024 0001 000B
0012 052D 0024 0001 000C
0012 052E 0024 0001 000D
0012 052F 0024 0001 000E
0012 0530 0024 0001 000F
0012 0531 0024 0001 0010
0012 0532 0024 0001 0011
0012 0533 0024 0001 0012
0012 0534 0025 0000 0001
0012 0535 0025 0000 0002
0012 0536 0025 0000 0003
0012 0537 0025 0000 0004
0012 0538 0025 0000 0005
0012 0539 0025 0000 0006
0012 053A 0025 0000 0007
0012 053B 0025 0000 0008
0012 053C 0025 0000 0009
0012 053D 0025 0000 000A
0012 053E 0025 0000 000B
0012 053F 0025 0000 000C
0012 0540 0025 0000 000D
0012 0541 0025 0000 000E
0012 0542 0025 0000 000F
0012 0543 0025 0000 0010
0012 0544 0025 0000 0011
0012 0545 0025 0000 0012
0012 0546 0025 0001 0001
0012 0547 0025 0001 0002
0012 0548 0025 0001 0003
0012 0549 0025 0001 0004
0012 054A 0025 0001 0005
0012 054B 0025 0001 0006
0012 054C 0025 0001 0007
0012 054D 0025 0001 0008
0012 054E 0025 0001 0009
0012 054F 0025 0001 000A
0012 0550 0025 0001 000B
0012 0551 0025 0001 000C
0012 0552 0025 0001 000D
0012 0553 0025 0001 000E
0012 0554 0025 0001 000F
0012 0555 0025 0001 0010
0012 0556 0025 0001 0011
0012 0557 0025 0001 0012
0012 0558 0026 0000 0001
0012 0559 0026 0000 0002
0012 055A 0026 0000 0003
0012 055B 0026 0000 0004
0012 055C 0026 0000 0005
0012 055D 0026 0000 0006
0012 055E 0026 0000 0007
0012 055F 0026 0000 0008
0012 0560 0026 0000 0009
0012 0561 0026 0000 000A
0012 0562 0026 0000 000B
0012 0563 0026 0000 000C
0012 0564 0026 0000 000D
0012 0565 0026 0000 000E
0012 0566 0026 0000 000F
0012 0567 0026 0000 0010
0012 0568 0026 0000 0011
0012 0569 0026 0000 0012
0012 056A 0026 0001 0001
0012 056B 0026 0001 0002
0012 056C 0026 0001 0003
0012 056D 0026 0001 0004
0012 056E 0026 0001 0005
0012 056F 0026 0001 0006
0012 0570 0026 0001 0007
0012 0571 0026 0001 0008
0012 0572 0026 0001 0009
0012 0573 0026 0001 000A
0012 0574 0026 0001 000B
0012 0575 0026 0001 000C
0012 0576 0026 0001 000D
0012 0577 0026 0001 000E
0012 0578 0026 0001 000F
0012 0579 0026 0001 0010
0012 057A 0026 0001 0011
0012 057B 0026 0001 0012
0012 057C 0027 0000 0001
0012 057D 0027 0000 0002
0012 057E 0027 0000 0003
0012 057F 0027 0000 0004
0012 0580 0027 0000 0005
0012 0581 0027 0000 0006
0012 0582 0027 0000 0007
0012 0583 0027 0000 0008
0012 0584 0027 0000 0009
0012 0585 0027 0000 000A
0012 0586 0027 0000 000B
0012 0587 0027 0000 000C
0012 0588 0027 0000 000D
0012 0589 0027 0000 000E
0012 058A 0027 0000 000F
0012 058B 0027 0000 0010
0012 058C 0027 0000 0011
0012 058D 0027 0000 0012
0012 058E 0027 0001 0001
0012 058F 0027 0001 0002
0012 0590 0027 0001 0003
0012 0591 0027 0001 0004
0012 0592 0027 0001 0005
0012 0593 0027 0001 0006
0012 0594 0027 0001 0007
0012 0595 0027 0001 0008
0012 0596 0027 0001 0009
0012 0597 0027 0001 000A
0012 0598 0027 0001 000B
0012 0599 0027 0001 000C
0012 059A 0027 0001 000D
0012 059B 0027 0001 000E
0012 059C 0027 0001 000F
0012 059D 0027 0001 0010
0012 059E 0027 0001 0011
0012 059F 0027 0001 0012
0012 05A0 0028 0000 0001
0012 05A1 0028 0000 0002
0012 05A2 0028 0000 0003
0012 05A3 0028 0000 0004
0012 05A4 0028 0000 0005
0012 05A5 0028 0000 0006
0012 05A6 0028 0000 0007
0012 05A7 0028 0000 0008
0012 05A8 0028 0000 0009
0012 05A9 0028 0000 000A
0012 05AA 0028 0000 000B
0012 05AB 0028 0000 000C
0012 05AC 0028 0000 000D
0012 05AD 0028 0000 000E
0012 05AE 0028 0000 000F
0012 05AF 0028 0000 0010
0012 05B0 0028 0000 0011
0012 05B1 0028 0000 0012
0012 05B2 0028 0001 0001
0012 05B3 0028 0001 0002
0012 05B4 0028 0001 0003
0012 05B5 0028 0001 0004
0012 05B6 0028 0001 0005
0012 05B7 0028 0001 0006
0012 05B8 0028 0001 0007
0012 05B9 0028 0001 0008
0012 05BA 0028 0001 0009
0012 05BB 0028 0001 000A
0012 05BC 0028 0001 000B
0012 05BD 0028 0001 000C
0012 05BE 0028 0001 000D
0012 05BF 0028 0001 000E
0012 05C0 0028 0001 000F
0012 05C1 0028 0001 0010
0012 05C2 0028 0001 0011
0012 05C3 0028 0001 0012
0012 05C4 0029 0000 0001
0012 05C5 0029 0000 0002
0012 05C6 0029 0000 0003
0012 05C7 0029 0000 0004
0012 05C8 0029 0000 0005
0012 05C9 0029 0000 0006
0012 05CA 0029 0000 0007
0012 05CB 0029 0000 0008
0012 05CC 0029 0000 0009
0012 05CD 0029 0000 000A
0012 05CE 0029 0000 000B
0012 05CF 0029 0000 000C
0012 05D0 0029 0000 000D
0012 05D1 0029 0000 000E
0012 05D2 0029 0000 000F
0012 05D3 0029 0000 0010
0012 05D4 0029 0000 0011
0012 05D5 0029 0000 0012
0012 05D6 0029 0001 0001
0012 05D7 0029 0001 0002
0012 05D8 0029 0001 0003
0012 05D9 0029 0001 0004
0012 05DA 0029 0001 0005
0012 05DB 0029 0001 0006
0012 05DC 0029 0001 0007
0012 05DD 0029 0001 0008
0012 05DE 0029 0001 0009
0012 05DF 0029 0001 000A
0012 05E0 0029 0001 000B
0012 05E1 0029 0001 000C
0012 05E2 0029 0001 000D
0012 05E3 0029 0001 000E
0012 05E4 0029 0001 000F
0012 05E5 0029 0001 0010
0012 05E6 0029 0001 0011
0012 05E7 0029 0001 0012
0012 05E8 002A 0000 0001
0012 05E9 002A 0000 0002
0012 05EA 002A 0000 0003
0012 05EB 002A 0000 0004
0012 05EC 002A 0000 0005
0012 05ED 002A 0000 0006
0012 05EE 002A 0000 0007
0012 05EF 002A 0000 0008
0012 05F0 002A 0000 0009
0012 05F1 002A 0000 000A
0012 05F2 002A 0000 000B
0012 05F3 002A 0000 000C
0012 05F4 002A 0000 000D
0012 05F5 002A 0000 000E
0012 05F6 002A 0000 000F
0012 05F7 002A 0000 0010
0012 05F8 002A 0000 0011
0012 05F9 002A 0000 0012
0012 05FA 002A 0001 0001
0012 05FB 002A 0001 0002
0012 05FC 002A 0001 0003
0012 05FD 002A 0001 0004
0012 05FE 002A 0001 0005
0012 05FF 002A 0001 0006
0012 0600 002A 0001 0007
0012 0601 002A 0001 0008
0012 0602 002A 0001 0009
0012 0603 002A 0001 000A
0012 0604 002A 0001 000B
0012 0605 002A 0001 000C
0012 0606 002A 0001 000D
0012 0607 002A 0001 000E
0012 0608 002A 0001 000F
0012 0609 002A 0001 0010
0012 060A 002A 0001 0011
0012 060B 002A 0001 0012
0012 060C 002B 0000 0001
0012 060D 002B 0000 0002
0012 060E 002B 0000 0003
0012 060F 002B 0000 0004
0012 0610 002B 0000 0005
0012 0611 002B 0000 0006
0012 0612 002B 0000 0007
0012 0613 002B 0000 0008
0012 0614 002B 0000 0009
0012 0615 002B 0000 000A
0012 0616 002B 0000 000B
0012 0617 002B 0000 000C
0012 0618 002B 0000 000D
0012 0619 002B 0000 000E
0012 061A 002B 0000 000F
0012 061B 002B 0000 0010
0012 061C 002B 0000 0011
0012 061D 002B 0000 0012
0012 061E 002B 0001 0001
0012 061F 002B 0001 0002
0012 0620 002B 0001 0003
0012 0621 002B 0001 0004
0012 0622 002B 0001 0005
0012 0623 002B 0001 0006
0012 0624 002B 0001 0007
0012 0625 002B 0001 0008
0012 0626 002B 0001 0009
0012 0627 002B 0001 000A
0012 0628 002B 0001 000B
0012 0629 002B 0001 000C
0012 062A 002B 0001 000D
0012 062B 002B 0001 000E
0012 062C 002B 0001 000F
0012 062D 002B 0001 0010
0012 062E 002B 0001 0011
0012 062F 002B 0001 0012
0012 0630 002C 0000 0001
0012 0631 002C 0000 0002
0012 0632 002C 0000 0003
0012 0633 002C 0000 0004
0012 0634 002C 0000 0005
0012 0635 002C 0000 0006
0012 0636 002C 0000 0007
0012 0637 002C 0000 0008
0012 0638 002C 0000 0009
0012 0639 002C 0000 000A
0012 063A 002C 0000 000B
0012 063B 002C 0000 000C
0012 063C 002C 0000 000D
0012 063D 002C 0000 000E
0012 063E 002C 0000 000F
0012 063F 002C 0000 0010
0012 0640 002C 0000 0011
0012 0641 002C 0000 0012
0012 0642 002C 0001 0001
0012 0643 002C 0001 0002
0012 0644 002C 0001 0003
0012 0645 002C 0001 0004
0012 0646 002C 0001 0005
0012 0647 002C 0001 0006
0012 0648 002C 0001 0007
0012 0649 002C 0001 0008
0012 064A 002C 0001 0009
0012 064B 002C 0001 000A
0012 064C 002C 0001 000B
0012 064D 002C 0001 000C
0012 064E 002C 0001 000D
0012 064F 002C 0001 000E
0012 0650 002C 0001 000F
0012 0651 002C 0001 0010
0012 0652 002C 0001 0011
0012 0653 002C 0001 0012
0012 0654 002D 0000 0001
0012 0655 002D 0000 0002
0012 0656 002D 0000 0003
0012 0657 002D 0000 0004
0012 0658 002D 0000 0005
0012 0659 002D 0000 0006
0012 065A 002D 0000 0007
0012 065B 002D 0000 0008
0012 065C 002D 0000 0009
0012 065D 002D 0000 000A
0012 065E 002D 0000 000B
0012 065F 002D 0000 000C
0012 0660 002D 0000 000D
0012 0661 002D 0000 000E
0012 0662 002D 0000 000F
0012 0663 002D 0000 0010
0012 0664 002D 0000 0011
0012 0665 002D 0000 0012
0012 0666 002D 0001 0001
0012 0667 002D 0001 0002
0012 0668 002D 0001 0003
0012 0669 002D 0001 0004
0012 066A 002D 0001 0005
0012 066B 002D 0001 0006
0012 066C 002D 0001 0007
0012 066D 002D 0001 0008
0012 066E 002D 0001 0009
0012 066F 002D 0001 000A
0012 0670 002D 0001 000B
0012 0671 002D 0001 000C
0012 0672 002D 0001 000D
0012 0673 002D 0001 000E
0012 0674 002D 0001 000F
0012 0675 002D 0001 0010
0012 0676 002D 0001 0011
0012 0677 002D 0001 0012
0012 0678 002E 0000 0001
0012 0679 002E 0000 0002
0012 067A 002E 0000 0003
0012 067B 002E 0000 0004
0012 067C 002E 0000 0005
0012 067D 002E 0000 0006
0012 067E 002E 0000 0007
0012 067F 002E 0000 0008
0012 0680 002E 0000 0009
0012 0681 002E 0000 000A
0012 0682 002E 0000 000B
0012 0683 002E 0000 000C
0012 0684 002E 0000 000D
0012 0685 002E 0000 000E
0012 0686 002E 0000 000F
0012 0687 002E 0000 0010
0012 0688 002E 0000 0011
0012 0689 002E 0000 0012
0012 068A 002E 0001 0001
0012 068B 002E 0001 0002
0012 068C 002E 0001 0003
0012 068D 002E 0001 0004
0012 068E 002E 0001 0005
0012 068F 002E 0001 0006
0012 0690 002E 0001 0007
0012 0691 002E 0001 0008
0012 0692 002E 0001 0009
0012 0693 002E 0001 000A
0012 0694 002E 0001 000B
0012 0695 002E 0001 000C
0012 0696 002E 0001 000D
0012 0697 002E 0001 000E
0012 0698 002E 0001 000F
0012 0699 002E 0001 0010
0012 069A 002E 0001 0011
0012 069B 002E 0001 0012
0012 069C 002F 0000 0001
0012 069D 002F 0000 0002
0012 069E 002F 0000 0003
0012 069F 002F 0000 0004
0012 06A0 002F 0000 0005
0012 06A1 002F 0000 0006
0012 06A2 002F 0000 0007
0012 06A3 002F 0000 0008
0012 06A4 002F 0000 0009
0012 06A5 002F 0000 000A
0012 06A6 002F 0000 000B
0012 06A7 002F 0000 000C
0012 06A8 002F 0000 000D
0012 06A9 002F 0000 000E
0012 06AA 002F 0000 000F
0012 06AB 002F 0000 0010
0012 06AC 002F 0000 0011
0012 06AD 002F 0000 0012
0012 06AE 002F 0001 0001
0012 06AF 002F 0001 0002
0012 06B0 002F 0001 0003
0012 06B1 002F 0001 0004
0012 06B2 002F 0001 0005
0012 06B3 002F 0001 0006
0012 06B4 002F 0001 0007
0012 06B5 002F 0001 0008
0012 06B6 002F 0001 0009
0012 06B7 002F 0001 000A
0012 06B8 002F 0001 000B
0012 06B9 002F 0001 000C
0012 06BA 002F 0001 000D
0012 06BB 002F 0001 000E
0012 06BC 002F 0001 000F
0012 06BD 002F 0001 0010
0012 06BE 002F 0001 0011
0012 06BF 002F 0001 0012
0012 06C0 0030 0000 0001
0012 06C1 0030 0000 0002
0012 06C2 0030 0000 0003
0012 06C3 0030 0000 0004
0012 06C4 0030 0000 0005
0012 06C5 0030 0000 0006
0012 06C6 0030 0000 0007
0012 06C7 0030 0000 0008
0012 06C8 0030 0000 0009
0012 06C9 0030 0000 000A
0012 06CA 0030 0000 000B
0012 06CB 0030 0000 000C
0012 06CC 0030 0000 000D
0012 06CD 0030 0000 000E
0012 06CE 0030 0000 000F
0012 06CF 0030 0000 0010
0012 06D0 0030 0000 0011
0012 06D1 0030 0000 0012
0012 06D2 0030 0001 0001
0012 06D3 0030 0001 0002
0012 06D4 0030 0001 0003
0012 06D5 0030 0001 0004
0012 06D6 0030 0001 0005
0012 06D7 0030 0001 0006
0012 06D8 0030 0001 0007
0012 06D9 0030 0001 0008
0012 06DA 0030 0001 0009
0012 06DB 0030 0001 000A
0012 06DC 0030 0001 000B
0012 06DD 0030 0001 000C
0012 06DE 0030 0001 000D
0012 06DF 0030 0001 000E
0012 06E0 0030 0001 000F
0012 06E1 0030 0001 0010
0012 06E2 0030 0001 0011
0012 06E3 0030 0001 0012
0012 06E4 0031 0000 0001
0012 06E5 0031 0000 0002
0012 06E6 0031 0000 0003
0012 06E7 0031 0000 0004
0012 06E8 0031 0000 0005
0012 06E9 0031 0000 0006
0012 06EA 0031 0000 0007
0012 06EB 0031 0000 0008
0012 06EC 0031 0000 0009
0012 06ED 0031 0000 000A
0012 06EE 0031 0000 000B
0012 06EF 0031 0000 000C
0012 06F0 0031 0000 000D
0012 06F1 0031 0000 000E
0012 06F2 0031 0000 000F
0012 06F3 0031 0000 0010
0012 06F4 0031 0000 0011
0012 06F5 0031 0000 0012
0012 06F6 0031 0001 0001
0012 06F7 0031 0001 0002
0012 06F8 0031 0001 0003
0012 06F9 0031 0001 0004
0012 06FA 0031 0001 0005
0012 06FB 0031 0001 0006
0012 06FC 0031 0001 0007
0012 06FD 0031 0001 0008
0012 06FE 0031 0001 0009
0012 06FF 0031 0001 000A
0012 0700 0031 0001 000B
0012 0701 0031 0001 000C
0012 0702 0031 0001 000D
0012 0703 0031 0001 000E
0012 0704 0031 0001 000F
0012 0705 0031 0001 0010
0012 0706 0031 0001 0011
0012 0707 0031 0001 0012
0012 0708 0032 0000 0001
0012 0709 0032 0000 0002
0012 070A 0032 0000 0003
0012 070B 0032 0000 0004
0012 070C 0032 0000 0005
0012 070D 0032 0000 0006
0012 070E 0032 0000 0007
0012 070F 0032 0000 0008
0012 0710 0032 0000 0009
0012 0711 0032 0000 000A
0012 0712 0032 0000 000B
0012 0713 0032 0000 000C
0012 0714 0032 0000 000D
0012 0715 0032 0000 000E
0012 0716 0032 0000 000F
0012 0717 0032 0000 0010
0012 0718 0032 0000 0011
0012 0719 0032 0000 0012
0012 071A 0032 0001 0001
0012 071B 0032 0001 0002
0012 071C 0032 0001 0003
0012 071D 0032 0001 0004
0012 071E 0032 0001 0005
0012 071F 0032 0001 0006
0012 0720 0032 0001 0007
0012 0721 0032 0001 0008
0012 0722 0032 0001 0009
0012 0723 0032 0001 000A
0012 0724 0032 0001 000B
0012 0725 0032 0001 000C
0012 0726 0032 0001 000D
0012 0727 0032 0001 000E
0012 0728 0032 0001 000F
0012 0729 0032 0001 0010
0012 072A 0032 0001 0011
0012 072B 0032 0001 0012
0012 072C 0033 0000 0001
0012 072D 0033 0000 0002
0012 072E 0033 0000 0003
0012 072F 0033 0000 0004
0012 0730 0033 0000 0005
0012 0731 0033 0000 0006
0012 0732 0033 0000 0007
0012 0733 0033 0000 0008
0012 0734 0033 0000 0009
0012 0735 0033 0000 000A
0012 0736 0033 0000 000B
0012 0737 0033 0000 000C
0012 0738 0033 0000 000D
0012 0739 0033 0000 000E
0012 073A 0033 0000 000F
0012 073B 0033 0000 0010
0012 073C 0033 0000 0011
0012 073D 0033 0000 0012
0012 073E 0033 0001 0001
0012 073F 0033 0001 0002
0012 0740 0033 0001 0003
0012 0741 0033 0001 0004
0012 0742 0033 0001 0005
0012 0743 0033 0001 0006
0012 0744 0033 0001 0007
0012 0745 0033 0001 0008
0012 0746 0033 0001 0009
0012 0747 0033 0001 000A
0012 0748 0033 0001 000B
0012 0749 0033 0001 000C
0012 074A 0033 0001 000D
0012 074B 0033 0001 000E
0012 074C 0033 0001 000F
0012 074D 0033 0001 0010
0012 074E 0033 0001 0011
0012 074F 0033 0001 0012
0012 0750 0034 0000 0001
0012 0751 0034 0000 0002
0012 0752 0034 0000 0003
0012 0753 0034 0000 0004
0012 0754 0034 0000 0005
0012 0755 0034 0000 0006
0012 0756 0034 0000 0007
0012 0757 0034 0000 0008
0012 0758 0034 0000 0009
0012 0759 0034 0000 000A
0012 075A 0034 0000 000B
0012 075B 0034 0000 000C
0012 075C 0034 0000 000D
0012 075D 0034 0000 000E
0012 075E 0034 0000 000F
0012 075F 0034 0000 0010
0012 0760 0034 0000 0011
0012 0761 0034 0000 0012
0012 0762 0034 0001 0001
0012 0763 0034 0001 0002
0012 0764 0034 0001 0003
0012 0765 0034 0001 0004
0012 0766 0034 0001 0005
0012 0767 0034 0001 0006
0012 0768 0034 0001 0007
0012 0769 0034 0001 0008
0012 076A 0034 0001 0009
0012 076B 0034 0001 000A
0012 076C 0034 0001 000B
0012 076D 0034 0001 000C
0012 076E 0034 0001 000D
0012 076F 0034 0001 000E
0012 0770 0034 0001 000F
0012 0771 0034 0001 0010
0012 0772 0034 0001 0011
0012 0773 0034 0001 0012
0012 0774 0035 0000 0001
0012 0775 0035 0000 0002
0012 0776 0035 0000 0003
0012 0777 0035 0000 0004
0012 0778 0035 0000 0005
0012 0779 0035 0000 0006
0012 077A 0035 0000 0007
0012 077B 0035 0000 0008
0012 077C 0035 0000 0009
0012 077D 0035 0000 000A
0012 077E 0035 0000 000B
0012 077F 0035 0000 000C
0012 0780 0035 0000 000D
0012 0781 0035 0000 000E
0012 0782 0035 0000 000F
0012 0783 0035 0000 0010
0012 0784 0035 0000 0011
0012 0785 0035 0000 0012
0012 0786 0035 0001 0001
0012 0787 0035 0001 0002
0012 0788 0035 0001 0003
0012 0789 0035 0001 0004
0012 078A 0035 0001 0005
0012 078B 0035 0001 0006
0012 078C 0035 0001 0007
0012 078D 0035 0001 0008
0012 078E 0035 0001 0009
0012 078F 0035 0001 000A
0012 0790 0035 0001 000B
0012 0791 0035 0001 000C
0012 0792 0035 0001 000D
0012 0793 0035 0001 000E
0012 0794 0035 0001 000F
0012 0795 0035 0001 0010
0012 0796 0035 0001 0011
0012 0797 0035 0001 0012
0012 0798 0036 0000 0001
0012 0799 0036 0000 0002
0012 079A 0036 0000 0003
0012 079B 0036 0000 0004
0012 079C 0036 0000 0005
0012 079D 0036 0000 0006
0012 079E 0036 0000 0007
0012 079F 0036 0000 0008
0012 07A0 0036 0000 0009
0012 07A1 0036 0000 000A
0012 07A2 0036 0000 000B
0012 07A3 0036 0000 000C
0012 07A4 0036 0000 000D
0012 07A5 0036 0000 000E
0012 07A6 0036 0000 000F
0012 07A7 0036 0000 0010
0012 07A8 0036 0000 0011
0012 07A9 0036 0000 0012
0012 07AA 0036 0001 0001
0012 07AB 0036 0001 0002
0012 07AC 0036 0001 0003
0012 07AD 0036 0001 0004
0012 07AE 0036 0001 0005
0012 07AF 0036 0001 0006
0012 07B0 0036 0001 0007
0012 07B1 0036 0001 0008
0012 07B2 0036 0001 0009
0012 07B3 0036 0001 000A
0012 07B4 0036 0001 000B
0012 07B5 0036 0001 000C
0012 07B6 0036 0001 000D
0012 07B7 0036 0001 000E
0012 07B8 0036 0001 000F
0012 07B9 0036 0001 0010
0012 07BA 0036 0001 0011
0012 07BB 0036 0001 0012
0012 07BC 0037 0000 0001
0012 07BD 0037 0000 0002
0012 07BE 0037 0000 0003
0012 07BF 0037 0000 0004
0012 07C0 0037 0000 0005
0012 07C1 0037 0000 0006
0012 07C2 0037 0000 0007
0012 07C3 0037 0000 0008
0012 07C4 0037 0000 0009
0012 07C5 0037 0000 000A
0012 07C6 0037 0000 000B
0012 07C7 0037 0000 000C
0012 07C8 0037 0000 000D
0012 07C9 0037 0000 000E
0012 07CA 0037 0000 000F
0012 07CB 0037 0000 0010
0012 07CC 0037 0000 0011
0012 07CD 0037 0000 0012
0012 07CE 0037 0001 0001
0012 07CF 0037 0001 0002
0012 07D0 0037 0001 0003
0012 07D1 0037 0001 0004
0012 07D2 0037 0001 0005
0012 07D3 0037 0001 0006
0012 07D4 0037 0001 0007
0012 07D5 0037 0001 0008
0012 07D6 0037 0001 0009
0012 07D7 0037 0001 000A
0012 07D8 0037 0001 000B
0012 07D9 0037 0001 000C
0012 07DA 0037 0001 000D
0012 07DB 0037 0001 000E
0012 07DC 0037 0001 000F
0012 07DD 0037 0001 0010
0012 07DE 0037 0001 0011
0012 07DF 0037 0001 0012
0012 07E0 0038 0000 0001
0012 07E1 0038 0000 0002
0012 07E2 0038 0000 0003
0012 07E3 0038 0000 0004
0012 07E4 0038 0000 0005
0012 07E5 0038 0000 0006
0012 07E6 0038 0000 0007
0012 07E7 0038 0000 0008
0012 07E8 0038 0000 0009
0012 07E9 0038 0000 000A
0012 07EA 0038 0000 000B
0012 07EB 0038 0000 000C
0012 07EC 0038 0000 000D
0012 07ED 0038 0000 000E
0012 07EE 0038 0000 000F
0012 07EF 0038 0000 0010
0012 07F0 0038 0000 0011
0012 07F1 0038 0000 0012
0012 07F2 0038 0001 0001
0012 07F3 0038 0001 0002
0012 07F4 0038 0001 0003
0012 07F5 0038 0001 0004
0012 07F6 0038 0001 0005
0012 07F7 0038 0001 0006
0012 07F8 0038 0001 0007
0012 07F9 0038 0001 0008
0012 07FA 0038 0001 0009
0012 07FB 0038 0001 000A
0012 07FC 0038 0001 000B
0012 07FD 0038 0001 000C
0012 07FE 0038 0001 000D
0012 07FF 0038 0001 000E
0012 0800 0038 0001 000F
0012 0801 0038 0001 0010
0012 0802 0038 0001 0011
0012 0803 0038 0001 0012
0012 0804 0039 0000 0001
0012 0805 0039 0000 0002
0012 0806 0039 0000 0003
0012 0807 0039 0000 0004
0012 0808 0039 0000 0005
0012 0809 0039 0000 0006
0012 080A 0039 0000 0007
0012 080B 0039 0000 0008
0012 080C 0039 0000 0009
0012 080D 0039 0000 000A
0012 080E 0039 0000 000B
0012 080F 0039 0000 000C
0012 0810 0039 0000 000D
0012 0811 0039 0000 000E
0012 0812 0039 0000 000F
0012 0813 0039 0000 0010
0012 0814 0039 0000 0011
0012 0815 0039 0000 0012
0012 0816 0039 0001 0001
0012 0817 0039 0001 0002
0012 0818 0039 0001 0003
0012 0819 0039 0001 0004
0012 081A 0039 0001 0005
0012 081B 0039 0001 0006
0012 081C 0039 0001 0007
0012 081D 0039 0001 0008
0012 081E 0039 0001 0009
0012 081F 0039 0001 000A
0012 0820 0039 0001 000B
0012 0821 0039 0001 000C
0012 0822 0039 0001 000D
0012 0823 0039 0001 000E
0012 0824 0039 0001 000F
0012 0825 0039 0001 0010
0012 0826 0039 0001 0011
0012 0827 0039 0001 0012
0012 0828 003A 0000 0001
0012 0829 003A 0000 0002
0012 082A 003A 0000 0003
0012 082B 003A 0000 0004
0012 082C 003A 0000 0005
0012 082D 003A 0000 0006
0012 082E 003A 0000 0007
0012 082F 003A 0000 0008
0012 0830 003A 0000 0009
0012 0831 003A 0000 000A
0012 0832 003A 0000 000B
0012 0833 003A 0000 000C
0012 0834 003A 0000 000D
0012 0835 003A 0000 000E
0012 0836 003A 0000 000F
0012 0837 003A 0000 0010
0012 0838 003A 0000 0011
0012 0839 003A 0000 0012
0012 083A 003A 0001 0001
0012 083B 003A 0001 0002
0012 083C 003A 0001 0003
0012 083D 003A 0001 0004
0012 083E 003A 0001 0005
0012 083F 003A 0001 0006
0012 0840 003A 0001 0007
0012 0841 003A 0001 0008
0012 0842 003A 0001 0009
0012 0843 003A 0001 000A
0012 0844 003A 0001 000B
0012 0845 003A 0001 000C
0012 0846 003A 0001 000D
0012 0847 003A 0001 000E
0012 0848 003A 0001 000F
0012 0849 003A 0001 0010
0012 084A 003A 0001 0011
0012 084B 003A 0001 0012
0012 084C 003B 0000 0001
0012 084D 003B 0000 0002
0012 084E 003B 0000 0003
0012 084F 003B 0000 0004
0012 0850 003B 0000 0005
0012 0851 003B 0000 0006
0012 0852 003B 0000 0007
0012 0853 003B 0000 0008
0012 0854 003B 0000 0009
0012 0855 003B 0000 000A
0012 0856 003B 0000 000B
0012 0857 003B 0000 000C
0012 0858 003B 0000 000D
0012 0859 003B 0000 000E
0012 085A 003B 0000 000F
0012 085B 003B 0000 0010
0012 085C 003B 0000 0011
0012 085D 003B 0000 0012
0012 085E 003B 0001 0001
0012 085F 003B 0001 0002
0012 0860 003B 0001 0003
0012 0861 003B 0001 0004
0012 0862 003B 0001 0005
0012 0863 003B 0001 0006
0012 0864 003B 0001 0007
0012 0865 003B 0001 0008
0012 0866 003B 0001 0009
0012 0867 003B 0001 000A
0012 0868 003B 0001 000B
0012 0869 003B 0001 000C
0012 086A 003B 0001 000D
0012 086B 003B 0001 000E
0012 086C 003B 0001 000F
0012 086D 003B 0001 0010
0012 086E 003B 0001 0011
0012 086F 003B 0001 0012
0012 0870 003C 0000 0001
0012 0871 003C 0000 0002
0012 0872 003C 0000 0003
0012 0873 003C 0000 0004
0012 0874 003C 0000 0005
0012 0875 003C 0000 0006
0012 0876 003C 0000 0007
0012 0877 003C 0000 0008
0012 0878 003C 0000 0009
0012 0879 003C 0000 000A
0012 087A 003C 0000 000B
0012 087B 003C 0000 000C
0012 087C 003C 0000 000D
0012 087D 003C 0000 000E
0012 087E 003C 0000 000F
0012 087F 003C 0000 0010
0012 0880 003C 0000 0011
0012 0881 003C 0000 0012
0012 0882 003C 0001 0001
0012 0883 003C 0001 0002
0012 0884 003C 0001 0003
0012 0885 003C 0001 0004
0012 0886 003C 0001 0005
0012 0887 003C 0001 0006
0012 0888 003C 0001 0007
0012 0889 003C 0001 0008
0012 088A 003C 0001 0009
0012 088B 003C 0001 000A
0012 088C 003C 0001 000B
0012 088D 003C 0001 000C
0012 088E 003C 0001 000D
0012 088F 003C 0001 000E
0012 0890 003C 0001 000F
0012 0891 003C 0001 0010
0012 0892 003C 0001 0011
0012 0893 003C 0001 0012
0012 0894 003D 0000 0001
0012 0895 003D 0000 0002
0012 0896 003D 0000 0003
0012 0897 003D 0000 0004
0012 0898 003D 0000 0005
0012 0899 003D 0000 0006
0012 089A 003D 0000 0007
0012 089B 003D 0000 0008
0012 089C 003D 0000 0009
0012 089D 003D 0000 000A
0012 089E 003D 0000 000B
0012 089F 003D 0000 000C
0012 08A0 003D 0000 000D
0012 08A1 003D 0000 000E
0012 08A2 003D 0000 000F
0012 08A3 003D 0000 0010
0012 08A4 003D 0000 0011
0012 08A5 003D 0000 0012
0012 08A6 003D 0001 0001
0012 08A7 003D 0001 0002
0012 08A8 003D 0001 0003
0012 08A9 003D 0001 0004
0012 08AA 003D 0001 0005
0012 08AB 003D 0001 0006
0012 08AC 003D 0001 0007
0012 08AD 003D 0001 0008
0012 08AE 003D 0001 0009
0012 08AF 003D 0001 000A
0012 08B0 003D 0001 000B
0012 08B1 003D 0001 000C
0012 08B2 003D 0001 000D
0012 08B3 003D 0001 000E
0012 08B4 003D 0001 000F
0012 08B5 003D 0001 0010
0012 08B6 003D 0001 0011
0012 08B7 003D 0001 0012
0012 08B8 003E 0000 0001
0012 08B9 003E 0000 0002
0012 08BA 003E 0000 0003
0012 08BB 003E 0000 0004
0012 08BC 003E 0000 0005
0012 08BD 003E 0000 0006
0012 08BE 003E 0000 0007
0012 08BF 003E 0000 0008
0012 08C0 003E 0000 0009
0012 08C1 003E 0000 000A
0012 08C2 003E 0000 000B
0012 08C3 003E 0000 000C
0012 08C4 003E 0000 000D
0012 08C5 003E 0000 000E
0012 08C6 003E 0000 000F
0012 08C7 003E 0000 0010
0012 08C8 003E 0000 0011
0012 08C9 003E 0000 0012
0012 08CA 003E 0001 0001
0012 08CB 003E 0001 0002
0012 08CC 003E 0001 0003
0012 08CD 003E 0001 0004
0012 08CE 003E 0001 0005
0012 08CF 003E 0001 0006
0012 08D0 003E 0001 0007
0012 08D1 003E 0001 0008
0012 08D2 003E 0001 0009
0012 08D3 003E 0001 000A
0012 08D4 003E 0001 000B
0012 08D5 003E 0001 000C
0012 08D6 003E 0001 000D
0012 08D7 003E 0001 000E
0012 08D8 003E 0001 000F
0012 08D9 003E 0001 0010
0012 08DA 003E 0001 0011
0012 08DB 003E 0001 0012
0012 08DC 003F 0000 0001
0012 08DD 003F 0000 0002
0012 08DE 003F 0000 0003
0012 08DF 003F 0000 0004
0012 08E0 003F 0000 0005
0012 08E1 003F 0000 0006
0012 08E2 003F 0000 0007
0012 08E3 003F 0000 0008
0012 08E4 003F 0000 0009
0012 08E5 003F 0000 000A
0012 08E6 003F 0000 000B
0012 08E7 003F 0000 000C
0012 08E8 003F 0000 000D
0012 08E9 003F 0000 000E
0012 08EA 003F 0000 000F
0012 08EB 003F 0000 0010
0012 08EC 003F 0000 0011
0012 08ED 003F 0000 0012
0012 08EE 003F 0001 0001
0012 08EF 003F 0001 0002
0012 08F0 003F 0001 0003
0012 08F1 003F 0001 0004
0012 08F2 003F 0001 0005
0012 08F3 003F 0001 0006
0012 08F4 003F 0001 0007
0012 08F5 003F 0001 0008
0012 08F6 003F 0001 0009
0012 08F7 003F 0001 000A
0012 08F8 003F 0001 000B
0012 08F9 003F 0001 000C
0012 08FA 003F 0001 000D
0012 08FB 003F 0001 000E
0012 08FC 003F 0001 000F
0012 08FD 003F 0001 0010
0012 08FE 003F 0001 0011
0012 08FF 003F 0001 0012
0012 0900 0040 0000 0001
0012 0901 0040 0000 0002
0012 0902 0040 0000 0003
0012 0903 0040 0000 0004
0012 0904 0040 0000 0005
0012 0905 0040 0000 0006
0012 0906 0040 0000 0007
0012 0907 0040 0000 0008
0012 0908 0040 0000 0009
0012 0909 0040 0000 000A
0012 090A 0040 0000 000B
0012 090B 0040 0000 000C
0012 090C 0040 0000 000D
0012 090D 0040 0000 000E
0012 090E 0040 0000 000F
0012 090F 0040 0000 0010
0012 0910 0040 0000 0011
0012 0911 0040 0000 0012
0012 0912 0040 0001 0001
0012 0913 0040 0001 0002
0012 0914 0040 0001 0003
0012 0915 0040 0001 0004
0012 0916 0040 0001 0005
0012 0917 0040 0001 0006
0012 0918 0040 0001 0007
0012 0919 0040 0001 0008
0012 091A 0040 0001 0009
0012 091B 0040 0001 000A
0012 091C 0040 0001 000B
0012 091D 0040 0001 000C
0012 091E 0040 0001 000D
0012 091F 0040 0001 000E
0012 0920 0040 0001 000F
0012 0921 0040 0001 0010
0012 0922 0040 0001 0011
0012 0923 0040 0001 0012
0012 0924 0041 0000 0001
0012 0925 0041 0000 0002
0012 0926 0041 0000 0003
0012 0927 0041 0000 0004
0012 0928 0041 0000 0005
0012 0929 0041 0000 0006
0012 092A 0041 0000 0007
0012 092B 0041 0000 0008
0012 092C 0041 0000 0009
0012 092D 0041 0000 000A
0012 092E 0041 0000 000B
0012 092F 0041 0000 000C
0012 0930 0041 0000 000D
0012 0931 0041 0000 000E
0012 0932 0041 0000 000F
0012 0933 0041 0000 0010
0012 0934 0041 0000 0011
0012 0935 0041 0000 0012
0012 0936 0041 0001 0001
0012 0937 0041 0001 0002
0012 0938 0041 0001 0003
0012 0939 0041 0001 0004
0012 093A 0041 0001 0005
0012 093B 0041 0001 0006
0012 093C 0041 0001 0007
0012 093D 0041 0001 0008
0012 093E 0041 0001 0009
0012 093F 0041 0001 000A
0012 0940 0041 0001 000B
0012 0941 0041 0001 000C
0012 0942 0041 0001 000D
0012 0943 0041 0001 000E
0012 0944 0041 0001 000F
0012 0945 0041 0001 0010
0012 0946 0041 0001 0011
0012 0947 0041 0001 0012
0012 0948 0042 0000 0001
0012 0949 0042 0000 0002
0012 094A 0042 0000 0003
0012 094B 0042 0000 0004
0012 094C 0042 0000 0005
0012 094D 0042 0000 0006
0012 094E 0042 0000 0007
0012 094F 0042 0000 0008
0012 0950 0042 0000 0009
0012 0951 0042 0000 000A
0012 0952 0042 0000 000B
0012 0953 0042 0000 000C
0012 0954 0042 0000 000D
0012 0955 0042 0000 000E
0012 0956 0042 0000 000F
0012 0957 0042 0000 0010
0012 0958 0042 0000 0011
0012 0959 0042 0000 0012
0012 095A 0042 0001 0001
0012 095B 0042 0001 0002
0012 095C 0042 0001 0003
0012 095D 0042 0001 0004
0012 095E 0042 0001 0005
0012 095F 0042 0001 0006
0012 0960 0042 0001 0007
0012 0961 0042 0001 0008
0012 0962 0042 0001 0009
0012 0963 0042 0001 000A
0012 0964 0042 0001 000B
0012 0965 0042 0001 000C
0012 0966 0042 0001 000D
0012 0967 0042 0001 000E
0012 0968 0042 0001 000F
0012 0969 0042 0001 0010
0012 096A 0042 0001 0011
0012 096B 0042 0001 0012
0012 096C 0043 0000 0001
0012 096D 0043 0000 0002
0012 096E 0043 0000 0003
0012 096F 0043 0000 0004
0012 0970 0043 0000 0005
0012 0971 0043 0000 0006
0012 0972 0043 0000 0007
0012 0973 0043 0000 0008
0012 0974 0043 0000 0009
0012 0975 0043 0000 000A
0012 0976 0043 0000 000B
0012 0977 0043 0000 000C
0012 0978 0043 0000 000D
0012 0979 0043 0000 000E
0012 097A 0043 0000 000F
0012 097B 0043 0000 0010
0012 097C 0043 0000 0011
0012 097D 0043 0000 0012
0012 097E 0043 0001 0001
0012 097F 0043 0001 0002
0012 0980 0043 0001 0003
0012 0981 0043 0001 0004
0012 0982 0043 0001 0005
0012 0983 0043 0001 0006
0012 0984 0043 0001 0007
0012 0985 0043 0001 0008
0012 0986 0043 0001 0009
0012 0987 0043 0001 000A
0012 0988 0043 0001 000B
0012 0989 0043 0001 000C
0012 098A 0043 0001 000D
0012 098B 0043 0001 000E
0012 098C 0043 0001 000F
0012 098D 0043 0001 0010
0012 098E 0043 0001 0011
0012 098F 0043 0001 0012
0012 0990 0044 0000 0001
0012 0991 0044 0000 0002
0012 0992 0044 0000 0003
0012 0993 0044 0000 0004
0012 0994 0044 0000 0005
0012 0995 0044 0000 0006
0012 0996 0044 0000 0007
0012 0997 0044 0000 0008
0012 0998 0044 0000 0009
0012 0999 0044 0000 000A
0012 099A 0044 0000 000B
0012 099B 0044 0000 000C
0012 099C 0044 0000 000D
0012 099D 0044 0000 000E
0012 099E 0044 0000 000F
0012 099F 0044 0000 0010
0012 09A0 0044 0000 0011
0012 09A1 0044 0000 0012
0012 09A2 0044 0001 0001
0012 09A3 0044 0001 0002
0012 09A4 0044 0001 0003
0012 09A5 0044 0001 0004
0012 09A6 0044 0001 0005
0012 09A7 0044 0001 0006
0012 09A8 0044 0001 0007
0012 09A9 0044 0001 0008
0012 09AA 0044 0001 0009
0012 09AB 0044 0001 000A
0012 09AC 0044 0001 000B
0012 09AD 0044 0001 000C
0012 09AE 0044 0001 000D
0012 09AF 0044 0001 000E
0012 09B0 0044 0001 000F
0012 09B1 0044 0001 0010
0012 09B2 0044 0001 0011
0012 09B3 0044 0001 0012
0012 09B4 0045 0000 0001
0012 09B5 0045 0000 0002
0012 09B6 0045 0000 0003
0012 09B7 0045 0000 0004
0012 09B8 0045 0000 0005
0012 09B9 0045 0000 0006
0012 09BA 0045 0000 0007
0012 09BB 0045 0000 0008
0012 09BC 0045 0000 0009
0012 09BD 0045 0000 000A
0012 09BE 0045 0000 000B
0012 09BF 0045 0000 000C
0012 09C0 0045 0000 000D
0012 09C1 0045 0000 000E
0012 09C2 0045 0000 000F
0012 09C3 0045 0000 0010
0012 09C4 0045 0000 0011
0012 09C5 0045 0000 0012
0012 09C6 0045 0001 0001
0012 09C7 0045 0001 0002
0012 09C8 0045 0001 0003
0012 09C9 0045 0001 0004
0012 09CA 0045 0001 0005
0012 09CB 0045 0001 0006
0012 09CC 0045 0001 0007
0012 09CD 0045 0001 0008
0012 09CE 0045 0001 0009
0012 09CF 0045 0001 000A
0012 09D0 0045 0001 000B
0012 09D1 0045 0001 000C
0012 09D2 0045 0001 000D
0012 09D3 0045 0001 000E
0012 09D4 0045 0001 000F
0012 09D5 0045 0001 0010
0012 09D6 0045 0001 0011
0012 09D7 0045 0001 0012
0012 09D8 0046 0000 0001
0012 09D9 0046 0000 0002
0012 09DA 0046 0000 0003
0012 09DB 0046 0000 0004
0012 09DC 0046 0000 0005
0012 09DD 0046 0000 0006
0012 09DE 0046 0000 0007
0012 09DF 0046 0000 0008
0012 09E0 0046 0000 0009
0012 09E1 0046 0000 000A
0012 09E2 0046 0000 000B
0012 09E3 0046 0000 000C
0012 09E4 0046 0000 000D
0012 09E5 0046 0000 000E
0012 09E6 0046 0000 000F
0012 09E7 0046 0000 0010
0012 09E8 0046 0000 0011
0012 09E9 0046 0000 0012
0012 09EA 0046 0001 0001
0012 09EB 0046 0001 0002
0012 09EC 0046 0001 0003
0012 09ED 0046 0001 0004
0012 09EE 0046 0001 0005
0012 09EF 0046 0001 0006
0012 09F0 0046 0001 0007
0012 09F1 0046 0001 0008
0012 09F2 0046 0001 0009
0012 09F3 0046 0001 000A
0012 09F4 0046 0001 000B
0012 09F5 0046 0001 000C
0012 09F6 0046 0001 000D
0012 09F7 0046 0001 000E
0012 09F8 0046 0001 000F
0012 09F9 0046 0001 0010
0012 09FA 0046 0001 0011
0012 09FB 0046 0001 0012
0012 09FC 0047 0000 0001
0012 09FD 0047 0000 0002
0012 09FE 0047 0000 0003
0012 09FF 0047 0000 0004
0012 0A00 0047 0000 0005
0012 0A01 0047 0000 0006
0012 0A02 0047 0000 0007
0012 0A03 0047 0000 0008
0012 0A04 0047 0000 0009
0012 0A05 0047 0000 000A
0012 0A06 0047 0000 000B
0012 0A07 0047 0000 000C
0012 0A08 0047 0000 000D
0012 0A09 0047 0000 000E
0012 0A0A 0047 0000 000F
0012 0A0B 0047 0000 0010
0012 0A0C 0047 0000 0011
0012 0A0D 0047 0000 0012
0012 0A0E 0047 0001 0001
0012 0A0F 0047 0001 0002
0012 0A10 0047 0001 0003
0012 0A11 0047 0001 0004
0012 0A12 0047 0001 0005
0012 0A13 0047 0001 0006
0012 0A14 0047 0001 0007
0012 0A15 0047 0001 0008
0012 0A16 0047 0001 0009
0012 0A17 0047 0001 000A
0012 0A18 0047 0001 000B
0012 0A19 0047 0001 000C
0012 0A1A 0047 0001 000D
0012 0A1B 0047 0001 000E
0012 0A1C 0047 0001 000F
0012 0A1D 0047 0001 0010
0012 0A1E 0047 0001 0011
0012 0A1F 0047 0001 0012
0012 0A20 0048 0000 0001
0012 0A21 0048 0000 0002
0012 0A22 0048 0000 0003
0012 0A23 0048 0000 0004
0012 0A24 0048 0000 0005
0012 0A25 0048 0000 0006
0012 0A26 0048 0000 0007
0012 0A27 0048 0000 0008
0012 0A28 0048 0000 0009
0012 0A29 0048 0000 000A
0012 0A2A 0048 0000 000B
0012 0A2B 0048 0000 000C
0012 0A2C 0048 0000 000D
0012 0A2D 0048 0000 000E
0012 0A2E 0048 0000 000F
0012 0A2F 0048 0000 0010
0012 0A30 0048 0000 0011
0012 0A31 0048 0000 0012
0012 0A32 0048 0001 0001
0012 0A33 0048 0001 0002
0012 0A34 0048 0001 0003
0012 0A35 0048 0001 0004
0012 0A36 0048 0001 0005
0012 0A37 0048 0001 0006
0012 0A38 0048 0001 0007
0012 0A39 0048 0001 0008
0012 0A3A 0048 0001 0009
0012 0A3B 0048 0001 000A
0012 0A3C 0048 0001 000B
0012 0A3D 0048 0001 000C
0012 0A3E 0048 0001 000D
0012 0A3F 0048 0001 000E
0012 0A40 0048 0001 000F
0012 0A41 0048 0001 0010
0012 0A42 0048 0001 0011
0012 0A43 0048 0001 0012
0012 0A44 0049 0000 0001
0012 0A45 0049 0000 0002
0012 0A46 0049 0000 0003
0012 0A47 0049 0000 0004
0012 0A48 0049 0000 0005
0012 0A49 0049 0000 0006
0012 0A4A 0049 0000 0007
0012 0A4B 0049 0000 0008
0012 0A4C 0049 0000 0009
0012 0A4D 0049 0000 000A
0012 0A4E 0049 0000 000B
0012 0A4F 0049 0000 000C
0012 0A50 0049 0000 000D
0012 0A51 0049 0000 000E
0012 0A52 0049 0000 000F
0012 0A53 0049 0000 0010
0012 0A54 0049 0000 0011
0012 0A55 0049 0000 0012
0012 0A56 0049 0001 0001
0012 0A57 0049 0001 0002
0012 0A58 0049 0001 0003
0012 0A59 0049 0001 0004
0012 0A5A 0049 0001 0005
0012 0A5B 0049 0001 0006
0012 0A5C 0049 0001 0007
0012 0A5D 0049 0001 0008
0012 0A5E 0049 0001 0009
0012 0A5F 0049 0001 000A
0012 0A60 0049 0001 000B
0012 0A61 0049 0001 000C
0012 0A62 0049 0001 000D
0012 0A63 0049 0001 000E
0012 0A64 0049 0001 000F
0012 0A65 0049 0001 0010
0012 0A66 0049 0001 0011
0012 0A67 0049 0001 0012
0012 0A68 004A 0000 0001
0012 0A69 004A 0000 0002
0012 0A6A 004A 0000 0003
0012 0A6B 004A 0000 0004
0012 0A6C 004A 0000 0005
0012 0A6D 004A 0000 0006
0012 0A6E 004A 0000 0007
0012 0A6F 004A 0000 0008
0012 0A70 004A 0000 0009
0012 0A71 004A 0000 000A
0012 0A72 004A 0000 000B
0012 0A73 004A 0000 000C
0012 0A74 004A 0000 000D
0012 0A75 004A 0000 000E
0012 0A76 004A 0000 000F
0012 0A77 004A 0000 0010
0012 0A78 004A 0000 0011
0012 0A79 004A 0000 0012
0012 0A7A 004A 0001 0001
0012 0A7B 004A 0001 0002
0012 0A7C 004A 0001 0003
0012 0A7D 004A 0001 0004
0012 0A7E 004A 0001 0005
0012 0A7F 004A 0001 0006
0012 0A80 004A 0001 0007
0012 0A81 004A 0001 0008
0012 0A82 004A 0001 0009
0012 0A83 004A 0001 000A
0012 0A84 004A 0001 000B
0012 0A85 004A 0001 000C
0012 0A86 004A 0001 000D
0012 0A87 004A 0001 000E
0012 0A88 004A 0001 000F
0012 0A89 004A 0001 0010
0012 0A8A 004A 0001 0011
0012 0A8B 004A 0001 0012
0012 0A8C 004B 0000 0001
0012 0A8D 004B 0000 0002
0012 0A8E 004B 0000 0003
0012 0A8F 004B 0000 0004
0012 0A90 004B 0000 0005
0012 0A91 004B 0000 0006
0012 0A92 004B 0000 0007
0012 0A93 004B 0000 0008
0012 0A94 004B 0000 0009
0012 0A95 004B 0000 000A
0012 0A96 004B 0000 000B
0012 0A97 004B 0000 000C
0012 0A98 004B 0000 000D
0012 0A99 004B 0000 000E
0012 0A9A 004B 0000 000F
0012 0A9B 004B 0000 0010
0012 0A9C 004B 0000 0011
0012 0A9D 004B 0000 0012
0012 0A9E 004B 0001 0001
0012 0A9F 004B 0001 0002
0012 0AA0 004B 0001 0003
0012 0AA1 004B 0001 0004
0012 0AA2 004B 0001 0005
0012 0AA3 004B 0001 0006
0012 0AA4 004B 0001 0007
0012 0AA5 004B 0001 0008
0012 0AA6 004B 0001 0009
0012 0AA7 004B 0001 000A
0012 0AA8 004B 0001 000B
0012 0AA9 004B 0001 000C
0012 0AAA 004B 0001 000D
0012 0AAB 004B 0001 000E
0012 0AAC 004B 0001 000F
0012 0AAD 004B 0001 0010
0012 0AAE 004B 0001 0011
0012 0AAF 004B 0001 0012
0012 0AB0 004C 0000 0001
0012 0AB1 004C 0000 0002
0012 0AB2 004C 0000 0003
0012 0AB3 004C 0000 0004
0012 0AB4 004C 0000 0005
0012 0AB5 004C 0000 0006
0012 0AB6 004C 0000 0007
0012 0AB7 004C 0000 0008
0012 0AB8 004C 0000 0009
0012 0AB9 004C 0000 000A
0012 0ABA 004C 0000 000B
0012 0ABB 004C 0000 000C
0012 0ABC 004C 0000 000D
0012 0ABD 004C 0000 000E
0012 0ABE 004C 0000 000F
0012 0ABF 004C 0000 0010
0012 0AC0 004C 0000 0011
0012 0AC1 004C 0000 0012
0012 0AC2 004C 0001 0001
0012 0AC3 004C 0001 0002
0012 0AC4 004C 0001 0003
0012 0AC5 004C 0001 0004
0012 0AC6 004C 0001 0005
0012 0AC7 004C 0001 0006
0012 0AC8 004C 0001 0007
0012 0AC9 004C 0001 0008
0012 0ACA 004C 0001 0009
0012 0ACB 004C 0001 000A
0012 0ACC 004C 0001 000B
0012 0ACD 004C 0001 000C
0012 0ACE 004C 0001 000D
0012 0ACF 004C 0001 000E
0012 0AD0 004C 0001 000F
0012 0AD1 004C 0001 0010
0012 0AD2 004C 0001 0011
0012 0AD3 004C 0001 0012
0012 0AD4 004D 0000 0001
0012 0AD5 004D 0000 0002
0012 0AD6 004D 0000 0003
0012 0AD7 004D 0000 0004
0012 0AD8 004D 0000 0005
0012 0AD9 004D 0000 0006
0012 0ADA 004D 0000 0007
0012 0ADB 004D 0000 0008
0012 0ADC 004D 0000 0009
0012 0ADD 004D 0000 000A
0012 0ADE 004D 0000 000B
0012 0ADF 004D 0000 000C
0012 0AE0 004D 0000 000D
0012 0AE1 004D 0000 000E
0012 0AE2 004D 0000 000F
0012 0AE3 004D 0000 0010
0012 0AE4 004D 0000 0011
0012 0AE5 004D 0000 0012
0012 0AE6 004D 0001 0001
0012 0AE7 004D 0001 0002
0012 0AE8 004D 0001 0003
0012 0AE9 004D 0001 0004
0012 0AEA 004D 0001 0005
0012 0AEB 004D 0001 0006
0012 0AEC 004D 0001 0007
0012 0AED 004D 0001 0008
0012 0AEE 004D 0001 0009
0012 0AEF 004D 0001 000A
0012 0AF0 004D 0001 000B
0012 0AF1 004D 0001 000C
0012 0AF2 004D 0001 000D
0012 0AF3 004D 0001 000E
0012 0AF4 004D 0001 000F
0012 0AF5 004D 0001 0010
0012 0AF6 004D 0001 0011
0012 0AF7 004D 0001 0012
0012 0AF8 004E 0000 0001
0012 0AF9 004E 0000 0002
0012 0AFA 004E 0000 0003
0012 0AFB 004E 0000 0004
0012 0AFC 004E 0000 0005
0012 0AFD 004E 0000 0006
0012 0AFE 004E 0000 0007
0012 0AFF 004E 0000 0008
0012 0B00 004E 0000 0009
0012 0B01 004E 0000 000A
0012 0B02 004E 0000 000B
0012 0B03 004E 0000 000C
0012 0B04 004E 0000 000D
0012 0B05 004E 0000 000E
0012 0B06 004E 0000 000F
0012 0B07 004E 0000 0010
0012 0B08 004E 0000 0011
0012 0B09 004E 0000 0012
0012 0B0A 004E 0001 0001
0012 0B0B 004E 0001 0002
0012 0B0C 004E 0001 0003
0012 0B0D 004E 0001 0004
0012 0B0E 004E 0001 0005
0012 0B0F 004E 0001 0006
0012 0B10 004E 0001 0007
0012 0B11 004E 0001 0008
0012 0B12 004E 0001 0009
0012 0B13 004E 0001 000A
0012 0B14 004E 0001 000B
0012 0B15 004E 0001 000C
0012 0B16 004E 0001 000D
0012 0B17 004E 0001 000E
0012 0B18 004E 0001 000F
0012 0B19 004E 0001 0010
0012 0B1A 004E 0001 0011
0012 0B1B 004E 0001 0012
0012 0B1C 004F 0000 0001
0012 0B1D 004F 0000 0002
0012 0B1E 004F 0000 0003
0012 0B1F 004F 0000 0004
0012 0B20 004F 0000 0005
0012 0B21 004F 0000 0006
0012 0B22 004F 0000 0007
0012 0B23 004F 0000 0008
0012 0B24 004F 0000 0009
0012 0B25 004F 0000 000A
0012 0B26 004F 0000 000B
0012 0B27 004F 0000 000C
0012 0B28 004F 0000 000D
0012 0B29 004F 0000 000E
0012 0B2A 004F 0000 000F
0012 0B2B 004F 0000 0010
0012 0B2C 004F 0000 0011
0012 0B2D 004F 0000 0012
0012 0B2E 004F 0001 0001
0012 0B2F 004F 0001 0002
0012 0B30 004F 0001 0003
0012 0B31 004F 0001 0004
0012 0B32 004F 0001 0005
0012 0B33 004F 0001 0006
0012 0B34 004F 0001 0007
0012 0B35 004F 0001 0008
0012 0B36 004F 0001 0009
0012 0B37 004F 0001 000A
0012 0B38 004F 0001 000B
0012 0B39 004F 0001 000C
0012 0B3A 004F 0001 000D
0012 0B3B 004F 0001 000E
0012 0B3C 004F 0001 000F
0012 0B3D 004F 0001 0010
0012 0B3E 004F 0001 0011
0012 0B3F 004F 0001 0012
0009 0000 0000 0000 0001
0009 0001 0000 0000 0002
0009 0002 0000 0000 0003
0009 0003 0000 0000 0004
0009 0004 0000 0000 0005
0009 0005 0000 0000 0006
0009 0006 0000 0000 0007
0009 0007 0000 0000 0008
0009 0008 0000 0000 0009
0009 0009 0000 0001 0001
0009 000A 0000 0001 0002
0009 000B 0000 0001 0003
0009 000C 0000 0001 0004
0009 000D 0000 0001 0005
0009 000E 0000 0001 0006
0009 000F 0000 0001 0007
0009 0010 0000 0001 0008
0009 0011 0000 0001 0009
0009 0012 0001 0000 0001
0009 0013 0001 0000 0002
0009 0014 0001 0000 0003
0009 0015 0001 0000 0004
0009 0016 0001 0000 0005
0009 0017 0001 0000 0006
0009 0018 0001 0000 0007
0009 0019 0001 0000 0008
0009 001A 0001 0000 0009
0009 001B 0001 0001 0001
0009 001C 0001 0001 0002
0009 001D 0001 0001 0003
0009 001E 0001 0001 0004
0009 001F 0001 0001 0005
0009 0020 0001 0001 0006
0009 0021 0001 0001 0007
0009 0022 0001 0001 0008
0009 0023 0001 0001 0009
0009 0024 0002 0000 0001
0009 0025 0002 0000 0002
0009 0026 0002 0000 0003
0009 0027 0002 0000 0004
0009 0028 0002 0000 0005
0009 0029 0002 0000 0006
0009 002A 0002 0000 0007
0009 002B 0002 0000 0008
0009 002C 0002 0000 0009
0009 002D 0002 0001 0001
0009 002E 0002 0001 0002
0009 002F 0002 0001 0003
0009 0030 0002 0001 0004
0009 0031 0002 0001 0005
0009 0032 0002 0001 0006
0009 0033 0002 0001 0007
0009 0034 0002 0001 0008
0009 0035 0002 0001 0009
0009 0036 0003 0000 0001
0009 0037 0003 0000 0002
0009 0038 0003 0000 0003
0009 0039 0003 0000 0004
0009 003A 0003 0000 0005
0009 003B 0003 0000 0006
0009 003C 0003 0000 0007
0009 003D 0003 0000 0008
0009 003E 0003 0000 0009
0009 003F 0003 0001 0001
0009 0040 0003 0001 0002
0009 0041 0003 0001 0003
0009 0042 0003 0001 0004
0009 0043 0003 0001 0005
0009 0044 0003 0001 0006
0009 0045 0003 0001 0007
0009 0046 0003 0001 0008
0009 0047 0003 0001 0009
0009 0048 0004 0000 0001
0009 0049 0004 0000 0002
0009 004A 0004 0000 0003
0009 004B 0004 0000 0004
0009 004C 0004 0000 0005
0009 004D 0004 0000 0006
0009 004E 0004 0000 0007
0009 004F 0004 0000 0008
0009 0050 0004 0000 0009
0009 0051 0004 0001 0001
0009 0052 0004 0001 0002
0009 0053 0004 0001 0003
0009 0054 0004 0001 0004
0009 0055 0004 0001 0005
0009 0056 0004 0001 0006
0009 0057 0004 0001 0007
0009 0058 0004 0001 0008
0009 0059 0004 0001 0009
0009 005A 0005 0000 0001
0009 005B 0005 0000 0002
0009 005C 0005 0000 0003
0009 005D 0005 0000 0004
0009 005E 0005 0000 0005
0009 005F 0005 0000 0006
0009 0060 0005 0000 0007
0009 0061 0005 0000 0008
0009 0062 0005 0000 0009
0009 0063 0005 0001 0001
0009 0064 0005 0001 0002
0009 0065 0005 0001 0003
0009 0066 0005 0001 0004
0009 0067 0005 0001 0005
0009 0068 0005 0001 0006
0009 0069 0005 0001 0007
0009 006A 0005 0001 0008
0009 006B 0005 0001 0009
0009 006C 0006 0000 0001
0009 006D 0006 0000 0002
0009 006E 0006 0000 0003
0009 006F 0006 0000 0004
0009 0070 0006 0000 0005
0009 0071 0006 0000 0006
0009 0072 0006 0000 0007
0009 0073 0006 0000 0008
0009 0074 0006 0000 0009
0009 0075 0006 0001 0001
0009 0076 0006 0001 0002
0009 0077 0006 0001 0003
0009 0078 0006 0001 0004
0009 0079 0006 0001 0005
0009 007A 0006 0001 0006
0009 007B 0006 0001 0007
0009 007C 0006 0001 0008
0009 007D 0006 0001 0009
0009 007E 0007 0000 0001
0009 007F 0007 0000 0002
0009 0080 0007 0000 0003
0009 0081 0007 0000 0004
0009 0082 0007 0000 0005
0009 0083 0007 0000 0006
0009 0084 0007 0000 0007
0009 0085 0007 0000 0008
0009 0086 0007 0000 0009
0009 0087 0007 0001 0001
0009 0088 0007 0001 0002
0009 0089 0007 0001 0003
0009 008A 0007 0001 0004
0009 008B 0007 0001 0005
0009 008C 0007 0001 0006
0009 008D 0007 0001 0007
0009 008E 0007 0001 0008
0009 008F 0007 0001 0009
0009 0090 0008 0000 0001
0009 0091 0008 0000 0002
0009 0092 0008 0000 0003
0009 0093 0008 0000 0004
0009 0094 0008 0000 0005
0009 0095 0008 0000 0006
0009 0096 0008 0000 0007
0009 0097 0008 0000 0008
0009 0098 0008 0000 0009
0009 0099 0008 0001 0001
0009 009A 0008 0001 0002
0009 009B 0008 0001 0003
0009 009C 0008 0001 0004
0009 009D 0008 0001 0005
0009 009E 0008 0001 0006
0009 009F 0008 0001 0007
0009 00A0 0008 0001 0008
0009 00A1 0008 0001 0009
0009 00A2 0009 0000 0001
0009 00A3 0009 0000 0002
0009 00A4 0009 0000 0003
0009 00A5 0009 0000 0004
0009 00A6 0009 0000 0005
0009 00A7 0009 0000 0006
0009 00A8 0009 0000 0007
0009 00A9 0009 0000 0008
0009 00AA 0009 0000 0009
0009 00AB 0009 0001 0001
0009 00AC 0009 0001 0002
0009 00AD 0009 0001 0003
0009 00AE 0009 0001 0004
0009 00AF 0009 0001 0005
0009 00B0 0009 0001 0006
0009 00B1 0009 0001 0007
0009 00B2 0009 0001 0008
0009 00B3 0009 0001 0009
0009 00B4 000A 0000 0001
0009 00B5 000A 0000 0002
0009 00B6 000A 0000 0003
0009 00B7 000A 0000 0004
0009 00B8 000A 0000 0005
0009 00B9 000A 0000 0006
0009 00BA 000A 0000 0007
0009 00BB 000A 0000 0008
0009 00BC 000A 0000 0009
0009 00BD 000A 0001 0001
0009 00BE 000A 0001 0002
0009 00BF 000A 0001 0003
0009 00C0 000A 0001 0004
0009 00C1 000A 0001 0005
0009 00C2 000A 0001 0006
0009 00C3 000A 0001 0007
0009 00C4 000A 0001 0008
0009 00C5 000A 0001 0009
0009 00C6 000B 0000 0001
0009 00C7 000B 0000 0002
0009 00C8 000B 0000 0003
0009 00C9 000B 0000 0004
0009 00CA 000B 0000 0005
0009 00CB 000B 0000 0006
0009 00CC 000B 0000 0007
0009 00CD 000B 0000 0008
0009 00CE 000B 0000 0009
0009 00CF 000B 0001 0001
0009 00D0 000B 0001 0002
0009 00D1 000B 0001 0003
0009 00D2 000B 0001 0004
0009 00D3 000B 0001 0005
0009 00D4 000B 0001 0006
0009 00D5 000B 0001 0007
0009 00D6 000B 0001 0008
0009 00D7 000B 0001 0009
0009 00D8 000C 0000 0001
0009 00D9 000C 0000 0002
0009 00DA 000C 0000 0003
0009 00DB 000C 0000 0004
0009 00DC 000C 0000 0005
0009 00DD 000C 0000 0006
0009 00DE 000C 0000 0007
0009 00DF 000C 0000 0008
0009 00E0 000C 0000 0009
0009 00E1 000C 0001 0001
0009 00E2 000C 0001 0002
0009 00E3 000C 0001 0003
0009 00E4 000C 0001 0004
0009 00E5 000C 0001 0005
0009 00E6 000C 0001 0006
0009 00E7 000C 0001 0007
0009 00E8 000C 0001 0008
0009 00E9 000C 0001 0009
0009 00EA 000D 0000 0001
0009 00EB 000D 0000 0002
0009 00EC 000D 0000 0003
0009 00ED 000D 0000 0004
0009 00EE 000D 0000 0005
0009 00EF 000D 0000 0006
0009 00F0 000D 0000 0007
0009 00F1 000D 0000 0008
0009 00F2 000D 0000 0009
0009 00F3 000D 0001 0001
0009 00F4 000D 0001 0002
0009 00F5 000D 0001 0003
0009 00F6 000D 0001 0004
0009 00F7 000D 0001 0005
0009 00F8 000D 0001 0006
0009 00F9 000D 0001 0007
0009 00FA 000D 0001 0008
0009 00FB 000D 0001 0009
0009 00FC 000E 0000 0001
0009 00FD 000E 0000 0002
0009 00FE 000E 0000 0003
0009 00FF 000E 0000 0004
0009 0100 000E 0000 0005
0009 0101 000E 0000 0006
0009 0102 000E 0000 0007
0009 0103 000E 0000 0008
0009 0104 000E 0000 0009
0009 0105 000E 0001 0001
0009 0106 000E 0001 0002
0009 0107 000E 0001 0003
0009 0108 000E 0001 0004
0009 0109 000E 0001 0005
0009 010A 000E 0001 0006
0009 010B 000E 0001 0007
0009 010C 000E 0001 0008
0009 010D 000E 0001 0009
0009 010E 000F 0000 0001
0009 010F 000F 0000 0002
0009 0110 000F 0000 0003
0009 0111 000F 0000 0004
0009 0112 000F 0000 0005
0009 0113 000F 0000 0006
0009 0114 000F 0000 0007
0009 0115 000F 0000 0008
0009 0116 000F 0000 0009
0009 0117 000F 0001 0001
0009 0118 000F 0001 0002
0009 0119 000F 0001 0003
0009 011A 000F 0001 0004
0009 011B 000F 0001 0005
0009 011C 000F 0001 0006
0009 011D 000F 0001 0007
0009 011E 000F 0001 0008
0009 011F 000F 0001 0009
0009 0120 0010 0000 0001
0009 0121 0010 0000 0002
0009 0122 0010 0000 0003
0009 0123 0010 0000 0004
0009 0124 0010 0000 0005
0009 0125 0010 0000 0006
0009 0126 0010 0000 0007
0009 0127 0010 0000 0008
0009 0128 0010 0000 0009
0009 0129 0010 0001 0001
0009 012A 0010 0001 0002
0009 012B 0010 0001 0003
0009 012C 0010 0001 0004
0009 012D 0010 0001 0005
0009 012E 0010 0001 0006
0009 012F 0010 0001 0007
0009 0130 0010 0001 0008
0009 0131 0010 0001 0009
0009 0132 0011 0000 0001
0009 0133 0011 0000 0002
0009 0134 0011 0000 0003
0009 0135 0011 0000 0004
0009 0136 0011 0000 0005
0009 0137 0011 0000 0006
0009 0138 0011 0000 0007
0009 0139 0011 0000 0008
0009 013A 0011 0000 0009
0009 013B 0011 0001 0001
0009 013C 0011 0001 0002
0009 013D 0011 0001 0003
0009 013E 0011 0001 0004
0009 013F 0011 0001 0005
0009 0140 0011 0001 0006
0009 0141 0011 0001 0007
0009 0142 0011 0001 0008
0009 0143 0011 0001 0009
0009 0144 0012 0000 0001
0009 0145 0012 0000 0002
0009 0146 0012 0000 0003
0009 0147 0012 0000 0004
0009 0148 0012 0000 0005
0009 0149 0012 0000 0006
0009 014A 0012 0000 0007
0009 014B 0012 0000 0008
0009 014C 0012 0000 0009
0009 014D 0012 0001 0001
0009 014E 0012 0001 0002
0009 014F 0012 0001 0003
0009 0150 0012 0001 0004
0009 0151 0012 0001 0005
0009 0152 0012 0001 0006
0009 0153 0012 0001 0007
0009 0154 0012 0001 0008
0009 0155 0012 0001 0009
0009 0156 0013 0000 0001
0009 0157 0013 0000 0002
0009 0158 0013 0000 0003
0009 0159 0013 0000 0004
0009 015A 0013 0000 0005
0009 015B 0013 0000 0006
0009 015C 0013 0000 0007
0009 015D 0013 0000 0008
0009 015E 0013 0000 0009
0009 015F 0013 0001 0001
0009 0160 0013 0001 0002
0009 0161 0013 0001 0003
0009 0162 0013 0001 0004
0009 0163 0013 0001 0005
0009 0164 0013 0001 0006
0009 0165 0013 0001 0007
0009 0166 0013 0001 0008
0009 0167 0013 0001 0009
0009 0168 0014 0000 0001
0009 0169 0014 0000 0002
0009 016A 0014 0000 0003
0009 016B 0014 0000 0004
0009 016C 0014 0000 0005
0009 016D 0014 0000 0006
0009 016E 0014 0000 0007
0009 016F 0014 0000 0008
0009 0170 0014 0000 0009
0009 0171 0014 0001 0001
0009 0172 0014 0001 0002
0009 0173 0014 0001 0003
0009 0174 0014 0001 0004
0009 0175 0014 0001 0005
0009 0176 0014 0001 0006
0009 0177 0014 0001 0007
0009 0178 0014 0001 0008
0009 0179 0014 0001 0009
0009 017A 0015 0000 0001
0009 017B 0015 0000 0002
0009 017C 0015 0000 0003
0009 017D 0015 0000 0004
0009 017E 0015 0000 0005
0009 017F 0015 0000 0006
0009 0180 0015 0000 0007
0009 0181 0015 0000 0008
0009 0182 0015 0000 0009
0009 0183 0015 0001 0001
0009 0184 0015 0001 0002
0009 0185 0015 0001 0003
0009 0186 0015 0001 0004
0009 0187 0015 0001 0005
0009 0188 0015 0001 0006
0009 0189 0015 0001 0007
0009 018A 0015 0001 0008
0009 018B 0015 0001 0009
0009 018C 0016 0000 0001
0009 018D 0016 0000 0002
0009 018E 0016 0000 0003
0009 018F 0016 0000 0004
0009 0190 0016 0000 0005
0009 0191 0016 0000 0006
0009 0192 0016 0000 0007
0009 0193 0016 0000 0008
0009 0194 0016 0000 0009
0009 0195 0016 0001 0001
0009 0196 0016 0001 0002
0009 0197 0016 0001 0003
0009 0198 0016 0001 0004
0009 0199 0016 0001 0005
0009 019A 0016 0001 0006
0009 019B 0016 0001 0007
0009 019C 0016 0001 0008
0009 019D 0016 0001 0009
0009 019E 0017 0000 0001
0009 019F 0017 0000 0002
0009 01A0 0017 0000 0003
0009 01A1 0017 0000 0004
0009 01A2 0017 0000 0005
0009 01A3 0017 0000 0006
0009 01A4 0017 0000 0007
0009 01A5 0017 0000 0008
0009 01A6 0017 0000 0009
0009 01A7 0017 0001 0001
0009 01A8 0017 0001 0002
0009 01A9 0017 0001 0003
0009 01AA 0017 0001 0004
0009 01AB 0017 0001 0005
0009 01AC 0017 0001 0006
0009 01AD 0017 0001 0007
0009 01AE 0017 0001 0008
0009 01AF 0017 0001 0009
0009 01B0 0018 0000 0001
0009 01B1 0018 0000 0002
0009 01B2 0018 0000 0003
0009 01B3 0018 0000 0004
0009 01B4 0018 0000 0005
0009 01B5 0018 0000 0006
0009 01B6 0018 0000 0007
0009 01B7 0018 0000 0008
0009 01B8 0018 0000 0009
0009 01B9 0018 0001 0001
0009 01BA 0018 0001 0002
0009 01BB 0018 0001 0003
0009 01BC 0018 0001 0004
0009 01BD 0018 0001 0005
0009 01BE 0018 0001 0006
0009 01BF 0018 0001 0007
0009 01C0 0018 0001 0008
0009 01C1 0018 0001 0009
0009 01C2 0019 0000 0001
0009 01C3 0019 0000 0002
0009 01C4 0019 0000 0003
0009 01C5 0019 0000 0004
0009 01C6 0019 0000 0005
0009 01C7 0019 0000 0006
0009 01C8 0019 0000 0007
0009 01C9 0019 0000 0008
0009 01CA 0019 0000 0009
0009 01CB 0019 0001 0001
0009 01CC 0019 0001 0002
0009 01CD 0019 0001 0003
0009 01CE 0019 0001 0004
0009 01CF 0019 0001 0005
0009 01D0 0019 0001 0006
0009 01D1 0019 0001 0007
0009 01D2 0019 0001 0008
0009 01D3 0019 0001 0009
0009 01D4 001A 0000 0001
0009 01D5 001A 0000 0002
0009 01D6 001A 0000 0003
0009 01D7 001A 0000 0004
0009 01D8 001A 0000 0005
0009 01D9 001A 0000 0006
0009 01DA 001A 0000 0007
0009 01DB 001A 0000 0008
0009 01DC 001A 0000 0009
0009 01DD 001A 0001 0001
0009 01DE 001A 0001 0002
0009 01DF 001A 0001 0003
0009 01E0 001A 0001 0004
0009 01E1 001A 0001 0005
0009 01E2 001A 0001 0006
0009 01E3 001A 0001 0007
0009 01E4 001A 0001 0008
0009 01E5 001A 0001 0009
0009 01E6 001B 0000 0001
0009 01E7 001B 0000 0002
0009 01E8 001B 0000 0003
0009 01E9 001B 0000 0004
0009 01EA 001B 0000 0005
0009 01EB 001B 0000 0006
0009 01EC 001B 0000 0007
0009 01ED 001B 0000 0008
0009 01EE 001B 0000 0009
0009 01EF 001B 0001 0001
0009 01F0 001B 0001 0002
0009 01F1 001B 0001 0003
0009 01F2 001B 0001 0004
0009 01F3 001B 0001 0005
0009 01F4 001B 0001 0006
0009 01F5 001B 0001 0007
0009 01F6 001B 0001 0008
0009 01F7 001B 0001 0009
0009 01F8 001C 0000 0001
0009 01F9 001C 0000 0002
0009 01FA 001C 0000 0003
0009 01FB 001C 0000 0004
0009 01FC 001C 0000 0005
0009 01FD 001C 0000 0006
0009 01FE 001C 0000 0007
0009 01FF 001C 0000 0008
0009 0200 001C 0000 0009
0009 0201 001C 0001 0001
0009 0202 001C 0001 0002
0009 0203 001C 0001 0003
0009 0204 001C 0001 0004
0009 0205 001C 0001 0005
0009 0206 001C 0001 0006
0009 0207 001C 0001 0007
0009 0208 001C 0001 0008
0009 0209 001C 0001 0009
0009 020A 001D 0000 0001
0009 020B 001D 0000 0002
0009 020C 001D 0000 0003
0009 020D 001D 0000 0004
0009 020E 001D 0000 0005
0009 020F 001D 0000 0006
0009 0210 001D 0000 0007
0009 0211 001D 0000 0008
0009 0212 001D 0000 0009
0009 0213 001D 0001 0001
0009 0214 001D 0001 0002
0009 0215 001D 0001 0003
0009 0216 001D 0001 0004
0009 0217 001D 0001 0005
0009 0218 001D 0001 0006
0009 0219 001D 0001 0007
0009 021A 001D 0001 0008
0009 021B 001D 0001 0009
0009 021C 001E 0000 0001
0009 021D 001E 0000 0002
0009 021E 001E 0000 0003
0009 021F 001E 0000 0004
0009 0220 001E 0000 0005
0009 0221 001E 0000 0006
0009 0222 001E 0000 0007
0009 0223 001E 0000 0008
0009 0224 001E 0000 0009
0009 0225 001E 0001 0001
0009 0226 001E 0001 0002
0009 0227 001E 0001 0003
0009 0228 001E 0001 0004
0009 0229 001E 0001 0005
0009 022A 001E 0001 0006
0009 022B 001E 0001 0007
0009 022C 001E 0001 0008
0009 022D 001E 0001 0009
0009 022E 001F 0000 0001
0009 022F 001F 0000 0002
0009 0230 001F 0000 0003
0009 0231 001F 0000 0004
0009 0232 001F 0000 0005
0009 0233 001F 0000 0006
0009 0234 001F 0000 0007
0009 0235 001F 0000 0008
0009 0236 001F 0000 0009
0009 0237 001F 0001 0001
0009 0238 001F 0001 0002
0009 0239 001F 0001 0003
0009 023A 001F 0001 0004
0009 023B 001F 0001 0005
0009 023C 001F 0001 0006
0009 023D 001F 0001 0007
0009 023E 001F 0001 0008
0009 023F 001F 0001 0009
0009 0240 0020 0000 0001
0009 0241 0020 0000 0002
0009 0242 0020 0000 0003
0009 0243 0020 0000 0004
0009 0244 0020 0000 0005
0009 0245 0020 0000 0006
0009 0246 0020 0000 0007
0009 0247 0020 0000 0008
0009 0248 0020 0000 0009
0009 0249 0020 0001 0001
0009 024A 0020 0001 0002
0009 024B 0020 0001 0003
0009 024C 0020 0001 0004
0009 024D 0020 0001 0005
0009 024E 0020 0001 0006
0009 024F 0020 0001 0007
0009 0250 0020 0001 0008
0009 0251 0020 0001 0009
0009 0252 0021 0000 0001
0009 0253 0021 0000 0002
0009 0254 0021 0000 0003
0009 0255 0021 0000 0004
0009 0256 0021 0000 0005
0009 0257 0021 0000 0006
0009 0258 0021 0000 0007
0009 0259 0021 0000 0008
0009 025A 0021 0000 0009
0009 025B 0021 0001 0001
0009 025C 0021 0001 0002
0009 025D 0021 0001 0003
0009 025E 0021 0001 0004
0009 025F 0021 0001 0005
0009 0260 0021 0001 0006
0009 0261 0021 0001 0007
0009 0262 0021 0001 0008
0009 0263 0021 0001 0009
0009 0264 0022 0000 0001
0009 0265 0022 0000 0002
0009 0266 0022 0000 0003
0009 0267 0022 0000 0004
0009 0268 0022 0000 0005
0009 0269 0022 0000 0006
0009 026A 0022 0000 0007
0009 026B 0022 0000 0008
0009 026C 0022 0000 0009
0009 026D 0022 0001 0001
0009 026E 0022 0001 0002
0009 026F 0022 0001 0003
0009 0270 0022 0001 0004
0009 0271 0022 0001 0005
0009 0272 0022 0001 0006
0009 0273 0022 0001 0007
0009 0274 0022 0001 0008
0009 0275 0022 0001 0009
0009 0276 0023 0000 0001
0009 0277 0023 0000 0002
0009 0278 0023 0000 0003
0009 0279 0023 0000 0004
0009 027A 0023 0000 0005
0009 027B 0023 0000 0006
0009 027C 0023 0000 0007
0009 027D 0023 0000 0008
0009 027E 0023 0000 0009
0009 027F 0023 0001 0001
0009 0280 0023 0001 0002
0009 0281 0023 0001 0003
0009 0282 0023 0001 0004
0009 0283 0023 0001 0005
0009 0284 0023 0001 0006
0009 0285 0023 0001 0007
0009 0286 0023 0001 0008
0009 0287 0023 0001 0009
0009 0288 0024 0000 0001
0009 0289 0024 0000 0002
0009 028A 0024 0000 0003
0009 028B 0024 0000 0004
0009 028C 0024 0000 0005
0009 028D 0024 0000 0006
0009 028E 0024 0000 0007
0009 028F 0024 0000 0008
0009 0290 0024 0000 0009
0009 0291 0024 0001 0001
0009 0292 0024 0001 0002
0009 0293 0024 0001 0003
0009 0294 0024 0001 0004
0009 0295 0024 0001 0005
0009 0296 0024 0001 0006
0009 0297 0024 0001 0007
0009 0298 0024 0001 0008
0009 0299 0024 0001 0009
0009 029A 0025 0000 0001
0009 029B 0025 0000 0002
0009 029C 0025 0000 0003
0009 029D 0025 0000 0004
0009 029E 0025 0000 0005
0009 029F 0025 0000 0006
0009 02A0 0025 0000 0007
0009 02A1 0025 0000 0008
0009 02A2 0025 0000 0009
0009 02A3 0025 0001 0001
0009 02A4 0025 0001 0002
0009 02A5 0025 0001 0003
0009 02A6 0025 0001 0004
0009 02A7 0025 0001 0005
0009 02A8 0025 0001 0006
0009 02A9 0025 0001 0007
0009 02AA 0025 0001 0008
0009 02AB 0025 0001 0009
0009 02AC 0026 0000 0001
0009 02AD 0026 0000 0002
0009 02AE 0026 0000 0003
0009 02AF 0026 0000 0004
0009 02B0 0026 0000 0005
0009 02B1 0026 0000 0006
0009 02B2 0026 0000 0007
0009 02B3 0026 0000 0008
0009 02B4 0026 0000 0009
0009 02B5 0026 0001 0001
0009 02B6 0026 0001 0002
0009 02B7 0026 0001 0003
0009 02B8 0026 0001 0004
0009 02B9 0026 0001 0005
0009 02BA 0026 0001 0006
0009 02BB 0026 0001 0007
0009 02BC 0026 0001 0008
0009 02BD 0026 0001 0009
0009 02BE 0027 0000 0001
0009 02BF 0027 0000 0002
0009 02C0 0027 0000 0003
0009 02C1 0027 0000 0004
0009 02C2 0027 0000 0005
0009 02C3 0027 0000 0006
0009 02C4 0027 0000 0007
0009 02C5 0027 0000 0008
0009 02C6 0027 0000 0009
0009 02C7 0027 0001 0001
0009 02C8 0027 0001 0002
0009 02C9 0027 0001 0003
0009 02CA 0027 0001 0004
0009 02CB 0027 0001 0005
0009 02CC 0027 0001 0006
0009 02CD 0027 0001 0007
0009 02CE 0027 0001 0008
0009 02CF 0027 0001 0009
0009 02D0 0028 0000 0001
0009 02D1 0028 0000 0002
0009 02D2 0028 0000 0003
0009 02D3 0028 0000 0004
0009 02D4 0028 0000 0005
0009 02D5 0028 0000 0006
0009 02D6 0028 0000 0007
0009 02D7 0028 0000 0008
0009 02D8 0028 0000 0009
0009 02D9 0028 0001 0001
0009 02DA 0028 0001 0002
0009 02DB 0028 0001 0003
0009 02DC 0028 0001 0004
0009 02DD 0028 0001 0005
0009 02DE 0028 0001 0006
0009 02DF 0028 0001 0007
0009 02E0 0028 0001 0008
0009 02E1 0028 0001 0009
0009 02E2 0029 0000 0001
0009 02E3 0029 0000 0002
0009 02E4 0029 0000 0003
0009 02E5 0029 0000 0004
0009 02E6 0029 0000 0005
0009 02E7 0029 0000 0006
0009 02E8 0029 0000 0007
0009 02E9 0029 0000 0008
0009 02EA 0029 0000 0009
0009 02EB 0029 0001 0001
0009 02EC 0029 0001 0002
0009 02ED 0029 0001 0003
0009 02EE 0029 0001 0004
0009 02EF 0029 0001 0005
0009 02F0 0029 0001 0006
0009 02F1 0029 0001 0007
0009 02F2 0029 0001 0008
0009 02F3 0029 0001 0009
0009 02F4 002A 0000 0001
0009 02F5 002A 0000 0002
0009 02F6 002A 0000 0003
0009 02F7 002A 0000 0004
0009 02F8 002A 0000 0005
0009 02F9 002A 0000 0006
0009 02FA 002A 0000 0007
0009 02FB 002A 0000 0008
0009 02FC 002A 0000 0009
0009 02FD 002A 0001 0001
0009 02FE 002A 0001 0002
0009 02FF 002A 0001 0003
0009 0300 002A 0001 0004
0009 0301 002A 0001 0005
0009 0302 002A 0001 0006
0009 0303 002A 0001 0007
0009 0304 002A 0001 0008
0009 0305 002A 0001 0009
0009 0306 002B 0000 0001
0009 0307 002B 0000 0002
0009 0308 002B 0000 0003
0009 0309 002B 0000 0004
0009 030A 002B 0000 0005
0009 030B 002B 0000 0006
0009 030C 002B 0000 0007
0009 030D 002B 0000 0008
0009 030E 002B 0000 0009
0009 030F 002B 0001 0001
0009 0310 002B 0001 0002
0009 0311 002B 0001 0003
0009 0312 002B 0001 0004
0009 0313 002B 0001 0005
0009 0314 002B 0001 0006
0009 0315 002B 0001 0007
0009 0316 002B 0001 0008
0009 0317 002B 0001 0009
0009 0318 002C 0000 0001
0009 0319 002C 0000 0002
0009 031A 002C 0000 0003
0009 031B 002C 0000 0004
0009 031C 002C 0000 0005
0009 031D 002C 0000 0006
0009 031E 002C 0000 0007
0009 031F 002C 0000 0008
0009 0320 002C 0000 0009
0009 0321 002C 0001 0001
0009 0322 002C 0001 0002
0009 0323 002C 0001 0003
0009 0324 002C 0001 0004
0009 0325 002C 0001 0005
0009 0326 002C 0001 0006
0009 0327 002C 0001 0007
0009 0328 002C 0001 0008
0009 0329 002C 0001 0009
0009 032A 002D 0000 0001
0009 032B 002D 0000 0002
0009 032C 002D 0000 0003
0009 032D 002D 0000 0004
0009 032E 002D 0000 0005
0009 032F 002D 0000 0006
0009 0330 002D 0000 0007
0009 0331 002D 0000 0008
0009 0332 002D 0000 0009
0009 0333 002D 0001 0001
0009 0334 002D 0001 0002
0009 0335 002D 0001 0003
0009 0336 002D 0001 0004
0009 0337 002D 0001 0005
0009 0338 002D 0001 0006
0009 0339 002D 0001 0007
0009 033A 002D 0001 0008
0009 033B 002D 0001 0009
0009 033C 002E 0000 0001
0009 033D 002E 0000 0002
0009 033E 002E 0000 0003
0009 033F 002E 0000 0004
0009 0340 002E 0000 0005
0009 0341 002E 0000 0006
0009 0342 002E 0000 0007
0009 0343 002E 0000 0008
0009 0344 002E 0000 0009
0009 0345 002E 0001 0001
0009 0346 002E 0001 0002
0009 0347 002E 0001 0003
0009 0348 002E 0001 0004
0009 0349 002E 0001 0005
0009 034A 002E 0001 0006
0009 034B 002E 0001 0007
0009 034C 002E 0001 0008
0009 034D 002E 0001 0009
0009 034E 002F 0000 0001
0009 034F 002F 0000 0002
0009 0350 002F 0000 0003
0009 0351 002F 0000 0004
0009 0352 002F 0000 0005
0009 0353 002F 0000 0006
0009 0354 002F 0000 0007
0009 0355 002F 0000 0008
0009 0356 002F 0000 0009
0009 0357 002F 0001 0001
0009 0358 002F 0001 0002
0009 0359 002F 0001 0003
0009 035A 002F 0001 0004
0009 035B 002F 0001 0005
0009 035C 002F 0001 0006
0009 035D 002F 0001 0007
0009 035E 002F 0001 0008
0009 035F 002F 0001 0009
0009 0360 0030 0000 0001
0009 0361 0030 0000 0002
0009 0362 0030 0000 0003
0009 0363 0030 0000 0004
0009 0364 0030 0000 0005
0009 0365 0030 0000 0006
0009 0366 0030 0000 0007
0009 0367 0030 0000 0008
0009 0368 0030 0000 0009
0009 0369 0030 0001 0001
0009 036A 0030 0001 0002
0009 036B 0030 0001 0003
0009 036C 0030 0001 0004
0009 036D 0030 0001 0005
0009 036E 0030 0001 0006
0009 036F 0030 0001 0007
0009 0370 0030 0001 0008
0009 0371 0030 0001 0009
0009 0372 0031 0000 0001
0009 0373 0031 0000 0002
0009 0374 0031 0000 0003
0009 0375 0031 0000 0004
0009 0376 0031 0000 0005
0009 0377 0031 0000 0006
0009 0378 0031 0000 0007
0009 0379 0031 0000 0008
0009 037A 0031 0000 0009
0009 037B 0031 0001 0001
0009 037C 0031 0001 0002
0009 037D 0031 0001 0003
0009 037E 0031 0001 0004
0009 037F 0031 0001 0005
0009 0380 0031 0001 0006
0009 0381 0031 0001 0007
0009 0382 0031 0001 0008
0009 0383 0031 0001 0009
0009 0384 0032 0000 0001
0009 0385 0032 0000 0002
0009 0386 0032 0000 0003
0009 0387 0032 0000 0004
0009 0388 0032 0000 0005
0009 0389 0032 0000 0006
0009 038A 0032 0000 0007
0009 038B 0032 0000 0008
0009 038C 0032 0000 0009
0009 038D 0032 0001 0001
0009 038E 0032 0001 0002
0009 038F 0032 0001 0003
0009 0390 0032 0001 0004
0009 0391 0032 0001 0005
0009 0392 0032 0001 0006
0009 0393 0032 0001 0007
0009 0394 0032 0001 0008
0009 0395 0032 0001 0009
0009 0396 0033 0000 0001
0009 0397 0033 0000 0002
0009 0398 0033 0000 0003
0009 0399 0033 0000 0004
0009 039A 0033 0000 0005
0009 039B 0033 0000 0006
0009 039C 0033 0000 0007
0009 039D 0033 0000 0008
0009 039E 0033 0000 0009
0009 039F 0033 0001 0001
0009 03A0 0033 0001 0002
0009 03A1 0033 0001 0003
0009 03A2 0033 0001 0004
0009 03A3 0033 0001 0005
0009 03A4 0033 0001 0006
0009 03A5 0033 0001 0007
0009 03A6 0033 0001 0008
0009 03A7 0033 0001 0009
0009 03A8 0034 0000 0001
0009 03A9 0034 0000 0002
0009 03AA 0034 0000 0003
0009 03AB 0034 0000 0004
0009 03AC 0034 0000 0005
0009 03AD 0034 0000 0006
0009 03AE 0034 0000 0007
0009 03AF 0034 0000 0008
0009 03B0 0034 0000 0009
0009 03B1 0034 0001 0001
0009 03B2 0034 0001 0002
0009 03B3 0034 0001 0003
0009 03B4 0034 0001 0004
0009 03B5 0034 0001 0005
0009 03B6 0034 0001 0006
0009 03B7 0034 0001 0007
0009 03B8 0034 0001 0008
0009 03B9 0034 0001 0009
0009 03BA 0035 0000 0001
0009 03BB 0035 0000 0002
0009 03BC 0035 0000 0003
0009 03BD 0035 0000 0004
0009 03BE 0035 0000 0005
0009 03BF 0035 0000 0006
0009 03C0 0035 0000 0007
0009 03C1 0035 0000 0008
0009 03C2 0035 0000 0009
0009 03C3 0035 0001 0001
0009 03C4 0035 0001 0002
0009 03C5 0035 0001 0003
0009 03C6 0035 0001 0004
0009 03C7 0035 0001 0005
0009 03C8 0035 0001 0006
0009 03C9 0035 0001 0007
0009 03CA 0035 0001 0008
0009 03CB 0035 0001 0009
0009 03CC 0036 0000 0001
0009 03CD 0036 0000 0002
0009 03CE 0036 0000 0003
0009 03CF 0036 0000 0004
0009 03D0 0036 0000 0005
0009 03D1 0036 0000 0006
0009 03D2 0036 0000 0007
0009 03D3 0036 0000 0008
0009 03D4 0036 0000 0009
0009 03D5 0036 0001 0001
0009 03D6 0036 0001 0002
0009 03D7 0036 0001 0003
0009 03D8 0036 0001 0004
0009 03D9 0036 0001 0005
0009 03DA 0036 0001 0006
0009 03DB 0036 0001 0007
0009 03DC 0036 0001 0008
0009 03DD 0036 0001 0009
0009 03DE 0037 0000 0001
0009 03DF 0037 0000 0002
0009 03E0 0037 0000 0003
0009 03E1 0037 0000 0004
0009 03E2 0037 0000 0005
0009 03E3 0037 0000 0006
0009 03E4 0037 0000 0007
0009 03E5 0037 0000 0008
0009 03E6 0037 0000 0009
0009 03E7 0037 0001 0001
0009 03E8 0037 0001 0002
0009 03E9 0037 0001 0003
0009 03EA 0037 0001 0004
0009 03EB 0037 0001 0005
0009 03EC 0037 0001 0006
0009 03ED 0037 0001 0007
0009 03EE 0037 0001 0008
0009 03EF 0037 0001 0009
0009 03F0 0038 0000 0001
0009 03F1 0038 0000 0002
0009 03F2 0038 0000 0003
0009 03F3 0038 0000 0004
0009 03F4 0038 0000 0005
0009 03F5 0038 0000 0006
0009 03F6 0038 0000 0007
0009 03F7 0038 0000 0008
0009 03F8 0038 0000 0009
0009 03F9 0038 0001 0001
0009 03FA 0038 0001 0002
0009 03FB 0038 0001 0003
0009 03FC 0038 0001 0004
0009 03FD 0038 0001 0005
0009 03FE 0038 0001 0006
0009 03FF 0038 0001 0007
0009 0400 0038 0001 0008
0009 0401 0038 0001 0009
0009 0402 0039 0000 0001
0009 0403 0039 0000 0002
0009 0404 0039 0000 0003
0009 0405 0039 0000 0004
0009 0406 0039 0000 0005
0009 0407 0039 0000 0006
0009 0408 0039 0000 0007
0009 0409 0039 0000 0008
0009 040A 0039 0000 0009
0009 040B 0039 0001 0001
0009 040C 0039 0001 0002
0009 040D 0039 0001 0003
0009 040E 0039 0001 0004
0009 040F 0039 0001 0005
0009 0410 0039 0001 0006
0009 0411 0039 0001 0007
0009 0412 0039 0001 0008
0009 0413 0039 0001 0009
0009 0414 003A 0000 0001
0009 0415 003A 0000 0002
0009 0416 003A 0000 0003
0009 0417 003A 0000 0004
0009 0418 003A 0000 0005
0009 0419 003A 0000 0006
0009 041A 003A 0000 0007
0009 041B 003A 0000 0008
0009 041C 003A 0000 0009
0009 041D 003A 0001 0001
0009 041E 003A 0001 0002
0009 041F 003A 0001 0003
0009 0420 003A 0001 0004
0009 0421 003A 0001 0005
0009 0422 003A 0001 0006
0009 0423 003A 0001 0007
0009 0424 003A 0001 0008
0009 0425 003A 0001 0009
0009 0426 003B 0000 0001
0009 0427 003B 0000 0002
0009 0428 003B 0000 0003
0009 0429 003B 0000 0004
0009 042A 003B 0000 0005
0009 042B 003B 0000 0006
0009 042C 003B 0000 0007
0009 042D 003B 0000 0008
0009 042E 003B 0000 0009
0009 042F 003B 0001 0001
0009 0430 003B 0001 0002
0009 0431 003B 0001 0003
0009 0432 003B 0001 0004
0009 0433 003B 0001 0005
0009 0434 003B 0001 0006
0009 0435 003B 0001 0007
0009 0436 003B 0001 0008
0009 0437 003B 0001 0009
0009 0438 003C 0000 0001
0009 0439 003C 0000 0002
0009 043A 003C 0000 0003
0009 043B 003C 0000 0004
0009 043C 003C 0000 0005
0009 043D 003C 0000 0006
0009 043E 003C 0000 0007
0009 043F 003C 0000 0008
0009 0440 003C 0000 0009
0009 0441 003C 0001 0001
0009 0442 003C 0001 0002
0009 0443 003C 0001 0003
0009 0444 003C 0001 0004
0009 0445 003C 0001 0005
0009 0446 003C 0001 0006
0009 0447 003C 0001 0007
0009 0448 003C 0001 0008
0009 0449 003C 0001 0009
0009 044A 003D 0000 0001
0009 044B 003D 0000 0002
0009 044C 003D 0000 0003
0009 044D 003D 0000 0004
0009 044E 003D 0000 0005
0009 044F 003D 0000 0006
0009 0450 003D 0000 0007
0009 0451 003D 0000 0008
0009 0452 003D 0000 0009
0009 0453 003D 0001 0001
0009 0454 003D 0001 0002
0009 0455 003D 0001 0003
0009 0456 003D 0001 0004
0009 0457 003D 0001 0005
0009 0458 003D 0001 0006
0009 0459 003D 0001 0007
0009 045A 003D 0001 0008
0009 045B 003D 0001 0009
0009 045C 003E 0000 0001
0009 045D 003E 0000 0002
0009 045E 003E 0000 0003
0009 045F 003E 0000 0004
0009 0460 003E 0000 0005
0009 0461 003E 0000 0006
0009 0462 003E 0000 0007
0009 0463 003E 0000 0008
0009 0464 003E 0000 0009
0009 0465 003E 0001 0001
0009 0466 003E 0001 0002
0009 0467 003E 0001 0003
0009 0468 003E 0001 0004
0009 0469 003E 0001 0005
0009 046A 003E 0001 0006
0009 046B 003E 0001 0007
0009 046C 003E 0001 0008
0009 046D 003E 0001 0009
0009 046E 003F 0000 0001
0009 046F 003F 0000 0002
0009 0470 003F 0000 0003
0009 0471 003F 0000 0004
0009 0472 003F 0000 0005
0009 0473 003F 0000 0006
0009 0474 003F 0000 0007
0009 0475 003F 0000 0008
0009 0476 003F 0000 0009
0009 0477 003F 0001 0001
0009 0478 003F 0001 0002
0009 0479 003F 0001 0003
0009 047A 003F 0001 0004
0009 047B 003F 0001 0005
0009 047C 003F 0001 0006
0009 047D 003F 0001 0007
0009 047E 003F 0001 0008
0009 047F 003F 0001 0009
0009 0480 0040 0000 0001
0009 0481 0040 0000 0002
0009 0482 0040 0000 0003
0009 0483 0040 0000 0004
0009 0484 0040 0000 0005
0009 0485 0040 0000 0006
0009 0486 0040 0000 0007
0009 0487 0040 0000 0008
0009 0488 0040 0000 0009
0009 0489 0040 0001 0001
0009 048A 0040 0001 0002
0009 048B 0040 0001 0003
0009 048C 0040 0001 0004
0009 048D 0040 0001 0005
0009 048E 0040 0001 0006
0009 048F 0040 0001 0007
0009 0490 0040 0001 0008
0009 0491 0040 0001 0009
0009 0492 0041 0000 0001
0009 0493 0041 0000 0002
0009 0494 0041 0000 0003
0009 0495 0041 0000 0004
0009 0496 0041 0000 0005
0009 0497 0041 0000 0006
0009 0498 0041 0000 0007
0009 0499 0041 0000 0008
0009 049A 0041 0000 0009
0009 049B 0041 0001 0001
0009 049C 0041 0001 0002
0009 049D 0041 0001 0003
0009 049E 0041 0001 0004
0009 049F 0041 0001 0005
0009 04A0 0041 0001 0006
0009 04A1 0041 0001 0007
0009 04A2 0041 0001 0008
0009 04A3 0041 0001 0009
0009 04A4 0042 0000 0001
0009 04A5 0042 0000 0002
0009 04A6 0042 0000 0003
0009 04A7 0042 0000 0004
0009 04A8 0042 0000 0005
0009 04A9 0042 0000 0006
0009 04AA 0042 0000 0007
0009 04AB 0042 0000 0008
0009 04AC 0042 0000 0009
0009 04AD 0042 0001 0001
0009 04AE 0042 0001 0002
0009 04AF 0042 0001 0003
0009 04B0 0042 0001 0004
0009 04B1 0042 0001 0005
0009 04B2 0042 0001 0006
0009 04B3 0042 0001 0007
0009 04B4 0042 0001 0008
0009 04B5 0042 0001 0009
0009 04B6 0043 0000 0001
0009 04B7 0043 0000 0002
0009 04B8 0043 0000 0003
0009 04B9 0043 0000 0004
0009 04BA 0043 0000 0005
0009 04BB 0043 0000 0006
0009 04BC 0043 0000 0007
0009 04BD 0043 0000 0008
0009 04BE 0043 0000 0009
0009 04BF 0043 0001 0001
0009 04C0 0043 0001 0002
0009 04C1 0043 0001 0003
0009 04C2 0043 0001 0004
0009 04C3 0043 0001 0005
0009 04C4 0043 0001 0006
0009 04C5 0043 0001 0007
0009 04C6 0043 0001 0008
0009 04C7 0043 0001 0009
0009 04C8 0044 0000 0001
0009 04C9 0044 0000 0002
0009 04CA 0044 0000 0003
0009 04CB 0044 0000 0004
0009 04CC 0044 0000 0005
0009 04CD 0044 0000 0006
0009 04CE 0044 0000 0007
0009 04CF 0044 0000 0008
0009 04D0 0044 0000 0009
0009 04D1 0044 0001 0001
0009 04D2 0044 0001 0002
0009 04D3 0044 0001 0003
0009 04D4 0044 0001 0004
0009 04D5 0044 0001 0005
0009 04D6 0044 0001 0006
0009 04D7 0044 0001 0007
0009 04D8 0044 0001 0008
0009 04D9 0044 0001 0009
0009 04DA 0045 0000 0001
0009 04DB 0045 0000 0002
0009 04DC 0045 0000 0003
0009 04DD 0045 0000 0004
0009 04DE 0045 0000 0005
0009 04DF 0045 0000 0006
0009 04E0 0045 0000 0007
0009 04E1 0045 0000 0008
0009 04E2 0045 0000 0009
0009 04E3 0045 0001 0001
0009 04E4 0045 0001 0002
0009 04E5 0045 0001 0003
0009 04E6 0045 0001 0004
0009 04E7 0045 0001 0005
0009 04E8 0045 0001 0006
0009 04E9 0045 0001 0007
0009 04EA 0045 0001 0008
0009 04EB 0045 0001 0009
0009 04EC 0046 0000 0001
0009 04ED 0046 0000 0002
0009 04EE 0046 0000 0003
0009 04EF 0046 0000 0004
0009 04F0 0046 0000 0005
0009 04F1 0046 0000 0006
0009 04F2 0046 0000 0007
0009 04F3 0046 0000 0008
0009 04F4 0046 0000 0009
0009 04F5 0046 0001 0001
0009 04F6 0046 0001 0002
0009 04F7 0046 0001 0003
0009 04F8 0046 0001 0004
0009 04F9 0046 0001 0005
0009 04FA 0046 0001 0006
0009 04FB 0046 0001 0007
0009 04FC 0046 0001 0008
0009 04FD 0046 0001 0009
0009 04FE 0047 0000 0001
0009 04FF 0047 0000 0002
0009 0500 0047 0000 0003
0009 0501 0047 0000 0004
0009 0502 0047 0000 0005
0009 0503 0047 0000 0006
0009 0504 0047 0000 0007
0009 0505 0047 0000 0008
0009 0506 0047 0000 0009
0009 0507 0047 0001 0001
0009 0508 0047 0001 0002
0009 0509 0047 0001 0003
0009 050A 0047 0001 0004
0009 050B 0047 0001 0005
0009 050C 0047 0001 0006
0009 050D 0047 0001 0007
0009 050E 0047 0001 0008
0009 050F 0047 0001 0009
0009 0510 0048 0000 0001
0009 0511 0048 0000 0002
0009 0512 0048 0000 0003
0009 0513 0048 0000 0004
0009 0514 0048 0000 0005
0009 0515 0048 0000 0006
0009 0516 0048 0000 0007
0009 0517 0048 0000 0008
0009 0518 0048 0000 0009
0009 0519 0048 0001 0001
0009 051A 0048 0001 0002
0009 051B 0048 0001 0003
0009 051C 0048 0001 0004
0009 051D 0048 0001 0005
0009 051E 0048 0001 0006
0009 051F 0048 0001 0007
0009 0520 0048 0001 0008
0009 0521 0048 0001 0009
0009 0522 0049 0000 0001
0009 0523 0049 0000 0002
0009 0524 0049 0000 0003
0009 0525 0049 0000 0004
0009 0526 0049 0000 0005
0009 0527 0049 0000 0006
0009 0528 0049 0000 0007
0009 0529 0049 0000 0008
0009 052A 0049 0000 0009
0009 052B 0049 0001 0001
0009 052C 0049 0001 0002
0009 052D 0049 0001 0003
0009 052E 0049 0001 0004
0009 052F 0049 0001 0005
0009 0530 0049 0001 0006
0009 0531 0049 0001 0007
0009 0532 0049 0001 0008
0009 0533 0049 0001 0009
0009 0534 004A 0000 0001
0009 0535 004A 0000 0002
0009 0536 004A 0000 0003
0009 0537 004A 0000 0004
0009 0538 004A 0000 0005
0009 0539 004A 0000 0006
0009 053A 004A 0000 0007
0009 053B 004A 0000 0008
0009 053C 004A 0000 0009
0009 053D 004A 0001 0001
0009 053E 004A 0001 0002
0009 053F 004A 0001 0003
0009 0540 004A 0001 0004
0009 0541 004A 0001 0005
0009 0542 004A 0001 0006
0009 0543 004A 0001 0007
0009 0544 004A 0001 0008
0009 0545 004A 0001 0009
0009 0546 004B 0000 0001
0009 0547 004B 0000 0002
0009 0548 004B 0000 0003
0009 0549 004B 0000 0004
0009 054A 004B 0000 0005
0009 054B 004B 0000 0006
0009 054C 004B 0000 0007
0009 054D 004B 0000 0008
0009 054E 004B 0000 0009
0009 054F 004B 0001 0001
0009 0550 004B 0001 0002
0009 0551 004B 0001 0003
0009 0552 004B 0001 0004
0009 0553 004B 0001 0005
0009 0554 004B 0001 0006
0009 0555 004B 0001 0007
0009 0556 004B 0001 0008
0009 0557 004B 0001 0009
0009 0558 004C 0000 0001
0009 0559 004C 0000 0002
0009 055A 004C 0000 0003
0009 055B 004C 0000 0004
0009 055C 004C 0000 0005
0009 055D 004C 0000 0006
0009 055E 004C 0000 0007
0009 055F 004C 0000 0008
0009 0560 004C 0000 0009
0009 0561 004C 0001 0001
0009 0562 004C 0001 0002
0009 0563 004C 0001 0003
0009 0564 004C 0001 0004
0009 0565 004C 0001 0005
0009 0566 004C 0001 0006
0009 0567 004C 0001 0007
0009 0568 004C 0001 0008
0009 0569 004C 0001 0009
0009 056A 004D 0000 0001
0009 056B 004D 0000 0002
0009 056C 004D 0000 0003
0009 056D 004D 0000 0004
0009 056E 004D 0000 0005
0009 056F 004D 0000 0006
0009 0570 004D 0000 0007
0009 0571 004D 0000 0008
0009 0572 004D 0000 0009
0009 0573 004D 0001 0001
0009 0574 004D 0001 0002
0009 0575 004D 0001 0003
0009 0576 004D 0001 0004
0009 0577 004D 0001 0005
0009 0578 004D 0001 0006
0009 0579 004D 0001 0007
0009 057A 004D 0001 0008
0009 057B 004D 0001 0009
0009 057C 004E 0000 0001
0009 057D 004E 0000 0002
0009 057E 004E 0000 0003
0009 057F 004E 0000 0004
0009 0580 004E 0000 0005
0009 0581 004E 0000 0006
0009 0582 004E 0000 0007
0009 0583 004E 0000 0008
0009 0584 004E 0000 0009
0009 0585 004E 0001 0001
0009 0586 004E 0001 0002
0009 0587 004E 0001 0003
0009 0588 004E 0001 0004
0009 0589 004E 0001 0005
0009 058A 004E 0001 0006
0009 058B 004E 0001 0007
0009 058C 004E 0001 0008
0009 058D 004E 0001 0009
0009 058E 004F 0000 0001
0009 058F 004F 0000 0002
0009 0590 004F 0000 0003
0009 0591 004F 0000 0004
0009 0592 004F 0000 0005
0009 0593 004F 0000 0006
0009 0594 004F 0000 0007
0009 0595 004F 0000 0008
0009 0596 004F 0000 0009
0009 0597 004F 0001 0001
0009 0598 004F 0001 0002
0009 0599 004F 0001 0003
0009 059A 004F 0001 0004
0009 059B 004F 0001 0005
0009 059C 004F 0001 0006
0009 059D 004F 0001 0007
0009 059E 004F 0001 0008
0009 059F 004F 0001 0009
