000001                    ; Variant loops for the SD-direct block read. VARIANT at 0xA002:
000002                    ; 0 = current shell.asm loop (f32_fread + 4x VD_CAD_WRITE)
000003                    ; 1 = FIX1: f32_fread + inlined 4 window writes (device/window hoisted)
000004                    ; 2 = FIX2: SD hardware buffer byte + inlined 4 window writes
000005                    ; 3 = FIX3: SD hardware buffer byte + auto-increment push register
000006                    ; 4 = NEW: the real M2M/rom/sdblock.asm read path
000007                    ; (SDB_VD_RDBLK + SDB_SD2VD), one call per 512 byte block
000008                    ; 5 = NEW: the real M2M/rom/sdblock.asm write path (SDB_VD_WRBLK);
000009                    ; needs a writable image, run.sh points it at sd_rw.img
000010                    ; 6 = current shell.asm write loop (f32_fwrite per byte + f32_fflush)
000011                    ; ****************************************************************************
000012                    ; MiSTer2MEGA65 (M2M) QNICE ROM
000013                    ;
000014                    ; sdblock_cfg.asm: the single build switch for the direct SD block access in
000015                    ; sdblock.asm and for its serial logging.
000016                    ;
000017                    ; ----------------------------------------------------------------------------
000018                    ; SDB_DEBUG: log what the fast path does on the serial console at boot
000019                    ; ----------------------------------------------------------------------------
000020                    ; Remove the ";" in front of the #define to switch the log on, put it back to
000021                    ; switch it off, then rebuild with CORE/m2m-rom/make_rom.sh. No keyboard is
000022                    ; involved: the ROM auto loader runs by itself and the virtual drive lines
000023                    ; appear as soon as an image is mounted.
000024                    ;
000025                    ; This lives in its own file and NOT in sdblock.asm because the C
000026                    ; preprocessor runs once, top to bottom, over the whole concatenated source.
000027                    ; sdblock.asm is included at the *end* of shell.asm, so a #define in it is
000028                    ; not yet known while shell.asm's own body, crts-and-roms.asm and everything
000029                    ; else above it are being processed - their #ifdef SDB_DEBUG blocks would be
000030                    ; silently dropped. Include this file first and the flag is visible
000031                    ; everywhere.
000032                    ;
000033                    ; That is not hypothetical: it is exactly how the first instrumented build
000034                    ; ended up with a working map-build log (inside sdblock.asm, after the
000035                    ; define) and no virtual drive log at all (in shell.asm, before it).
000036                    ; ****************************************************************************
000037                    
000038                    ;#define SDB_DEBUG
000039                    
000040                    ; tools/vdrive-latency-bench/run.sh passes -DSDB_NODEBUG for its timing runs,
000041                    ; so that the cycle counts it reports are those of the shipping build no
000042                    ; matter how the switch above is set.
000043                    ;;
000044                    ;; sysdef.asm: This file contains definitions to simplify assembler programming
000045                    ;; and for accessing the various hardware registers via MMIO
000046                    ;;
000047                    ;
000048                    ;***************************************************************************************
000049                    ;* Assembler macros which make life much easier:
000050                    ;***************************************************************************************
000051                    ;
000052                    
000053                    
000054                    
000055                    
000056                    
000057                    ;
000058                    ; Some register short names:
000059                    ;
000060                    
000061                    
000062                    
000063                    
000064                    ;
000065                    ;***************************************************************************************
000066                    ;* IO-page addresses: Default: 8 registers per block
000067                    ;***************************************************************************************
000068                    ;
000069                    IO$AREA_START               .EQU 0xFF00
000070                    ;
000071                    ;---------------------------------------------------------------------------------------
000072                    ; Block FF00: FUNDAMENTAL IO
000073                    ;---------------------------------------------------------------------------------------
000074                    ;
000075                    ; Switch-register:
000076                    ;
000077                    IO$SWITCH_REG               .EQU 0xFF00                      ; 16 binary keys
000078                    ;
000079                    ; Registers for TIL-display:
000080                    ;
000081                    IO$TIL_DISPLAY              .EQU 0xFF01                      ; Address of TIL-display
000082                    IO$TIL_MASK                 .EQU 0xFF02                      ; Mask register of TIL display
000083                    ;
000084                    ; USB-keyboard-registers:
000085                    ;
000086                    IO$KBD_STATE                .EQU 0xFF04                      ; Status register of USB keyboard
000087                    ; Bit 0 (read only): New ASCII character avaiable for reading
000088                    ; (bits 7 downto 0 of Read register)
000089                    ; Bit 1 (read only): New special key available for reading
000090                    ; (bits 15 downto 8 of Read register)
000091                    ; Bits 2..4 (read/write): Locales: 000 = US English keyboard layout,
000092                    ; 001 = German layout, others: reserved for more locales
000093                    ; Bits 5..7 (read only): Modifiers: 5 = shift, 6 = alt, 7 = ctrl
000094                    ; Only valid, when bits 0 and/or 1 are '1'
000095                    ;
000096                    IO$KBD_DATA                 .EQU 0xFF05                      ; Data register of USB keyboard
000097                    ; Contains the ASCII character in bits 7 downto 0 or the special key code
000098                    ; in 15 downto 8. The "or" is meant exclusive, i.e. it cannot happen that
000099                    ; one transmission contains an ASCII character PLUS a special character.
000100                    ;
000101                    ;---------------------------------------------------------------------------------------
000102                    ; Block FF08: SYSTEM COUNTERS
000103                    ;---------------------------------------------------------------------------------------
000104                    ;
000105                    ; CYCLE-COUNT-registers
000106                    ;
000107                    IO$CYC_LO                   .EQU 0xFF08                      ; low word of 48-bit counter
000108                    IO$CYC_MID                  .EQU 0xFF09                      ; middle word of 48-bit counter
000109                    IO$CYC_HI                   .EQU 0xFF0A                      ; high word of 48-bit counter
000110                    IO$CYC_STATE                .EQU 0xFF0B                      ; status register
000111                    ; Bit 0 (write only): Reset counter to zero and start counting, i.e.
000112                    ; bit 1 is automatically set to 1 when resetting
000113                    ; Bit 1 (read/write): Start/stop counter
000114                    ;
000115                    ; INSTRUCTION-COUNT-registers
000116                    ;
000117                    IO$INS_LO                   .EQU 0xFF0C                      ; low word of 48-bit counter
000118                    IO$INS_MID                  .EQU 0xFF0D                      ; middle word of 48-bit counter
000119                    IO$INS_HI                   .EQU 0xFF0E                      ; high word of 48-bit counter
000120                    IO$INS_STATE                .EQU 0xFF0F                      ; status register
000121                    ; Bit 0 (write only): Reset counter to zero and start counting, i.e.
000122                    ; bit 1 is automatically set to 1 when resetting
000123                    ; Bit 1 (read/write): Start/stop counter
000124                    ;
000125                    ;---------------------------------------------------------------------------------------
000126                    ; Block FF10: UART
000127                    ;---------------------------------------------------------------------------------------
000128                    ;
000129                    ; QNICE-FPGA supports: IO$UART_SRA, IO$UART_RHRA and IO$UART_THRA
000130                    ; The other registers are mentioned for completeness to map real hardware (16550)
000131                    ;
000132                    IO$UART_BASE_ADDRESS        .EQU 0xFF10
000133                    IO$UART_MR1A                .EQU 0xFF10                      ; n/a
000134                    IO$UART_MR1B                .EQU 0xFF10                      ; n/a
000135                    IO$UART_SRA                 .EQU 0xFF11                      ; Status register (relative to base address)
000136                    IO$UART_RHRA                .EQU 0xFF12                      ; Receiving register (relative to base address)
000137                    IO$UART_THRA                .EQU 0xFF13                      ; Transmitting register (relative to base address)
000138                    ;
000139                    ;---------------------------------------------------------------------------------------
000140                    ; Block FF18: EAE
000141                    ;---------------------------------------------------------------------------------------
000142                    ;
000143                    ; EAE (Extended Arithmetic Element) registers:
000144                    ;
000145                    IO$EAE_OPERAND_0            .EQU 0xFF18
000146                    IO$EAE_OPERAND_1            .EQU 0xFF19
000147                    IO$EAE_RESULT_LO            .EQU 0xFF1A
000148                    IO$EAE_RESULT_HI            .EQU 0xFF1B
000149                    IO$EAE_CSR                  .EQU 0xFF1C                      ; Command and Status Register
000150                    ;
000151                    ; EAE-Opcodes (CSR): 0x0000 MULU 32-bit result in LO HI
000152                    ; 0x0001 MULS 32-bit result in LO HI
000153                    ; 0x0002 DIVU result in LO, modulo in HI
000154                    ; 0x0003 DIVS result in LO, modulo in HI
000155                    ; Bit 15 of CSR is the busy bit. If it is set, the EAE is still busy crunching numbers.
000156                    ;
000157                    ;---------------------------------------------------------------------------------------
000158                    ; Block FF20: SD CARD
000159                    ;---------------------------------------------------------------------------------------
000160                    ;
000161                    ; SD CARD INTERFACE registers
000162                    ;
000163                    IO$SD_BASE_ADDRESS          .EQU 0xFF20
000164                    IO$SD_ADDR_LO               .EQU 0xFF20                      ; low word of 32bit linear SD card block address
000165                    IO$SD_ADDR_HI               .EQU 0xFF21                      ; high word of 32bit linear SD card block address
000166                    IO$SD_DATA_POS              .EQU 0xFF22 ; "Cursor" to navigate the 512-byte data buffer
000167                    IO$SD_DATA                  .EQU 0xFF23                      ; read/write 1 byte from/to the 512-byte data buffer
000168                    IO$SD_ERROR                 .EQU 0xFF24                      ; error code of last operation (read only)
000169                    IO$SD_CSR                   .EQU 0xFF25                      ; Command and Status Register (write to execute command)
000170                    ;
000171                    ; SD-Opcodes (CSR): 0x0000 Reset SD card
000172                    ; 0x0001 Read 512 bytes from the linear block address
000173                    ; 0x0002 Write 512 bytes to the linear block address
000174                    ; Bits 0 .. 2 are write-only (reading always returns 0)
000175                    ; Bits 13 .. 12 return the card type: 00 = no card / unknown card
000176                    ; 01 = SD V1
000177                    ; 10 = SD V2
000178                    ; 11 = SDHC
000179                    ; Bit 14 of the CSR is the error bit: 1, if the last operation failed. In such
000180                    ; a case, the error code is in IO$SD_ERROR and
000181                    ; you need to reset the controller to go on
000182                    ; Bit 15 of the CSR is the busy bit: 1, if current operation is still running
000183                    ;
000184                    ;---------------------------------------------------------------------------------------
000185                    ; Block FF28: TIMER 0 and 1
000186                    ;---------------------------------------------------------------------------------------
000187                    ;
000188                    ; Interrupt timer: There are two timers capable of generating interrupts.
000189                    ; Each timer is controlled by three 16 bit registers:
000190                    ;
000191                    ; IO$TIMER_x_PRE: The 100 kHz timer clock is divided by the value stored in
000192                    ; this device register. 100 (which corresponds to 0x0064 in
000193                    ; the prescaler register) yields a 1 millisecond pulse which
000194                    ; in turn is fed to the actual counter.
000195                    ; IO$TIMER_x_CNT: When the number of output pulses from the prescaler circuit
000196                    ; equals the number stored in this register, an interrupt will
000197                    ; be generated (if the interrupt address is 0x0000, the
000198                    ; interrupt will be suppressed).
000199                    ; IO$TIMER_x_INT: This register contains the address of the desired interrupt
000200                    ; service routine.
000201                    ;
000202                    IO$TIMER_BASE_ADDRESS       .EQU 0xFF28
000203                    IO$TIMER_0_PRE              .EQU 0xFF28
000204                    IO$TIMER_0_CNT              .EQU 0xFF29
000205                    IO$TIMER_0_INT              .EQU 0xFF2A
000206                    IO$TIMER_1_PRE              .EQU 0xFF2B
000207                    IO$TIMER_1_CNT              .EQU 0xFF2C
000208                    IO$TIMER_1_INT              .EQU 0xFF2D
000209                    ;
000210                    ;---------------------------------------------------------------------------------------
000211                    ; Block FF30: VGA (double block, 16 registers)
000212                    ;---------------------------------------------------------------------------------------
000213                    ;
000214                    VGA$STATE                   .EQU 0xFF30                      ; VGA status register
000215                                                ; Bits 11-10: Hardware scrolling / offset enable: Bit #10 enables the use
000216                                                ; of the offset register #4 (display offset) and bit #11
000217                                                ; enables the use of register #5 (read/write offset).
000218                                                ; Bit 9: Busy: VGA is currently busy, e.g. clearing the screen,
000219                                                ; printing, etc. While busy, commands will be ignored, but
000220                                                ; they can still be written into the registers, though
000221                                                ; Bit 8: Set bit to clear screen. Read bit to find out, if clear
000222                                                ; screen is still active
000223                                                ; Bit 7: VGA enable (1 = on; 0: no VGA signal is generated)
000224                                                ; Bit 6: Hardware cursor enable
000225                                                ; Bit 5: Hardware cursor blink enable
000226                                                ; Bit 4: Hardware cursor mode: 1 - small
000227                                                ; 0 - large
000228                                                ; Bits 2-0: Output color for the whole screen, bits (2, 1, 0) = RGB
000229                    VGA$CR_X                    .EQU 0xFF31                      ; VGA cursor X position
000230                    VGA$CR_Y                    .EQU 0xFF32                      ; VGA cursor Y position
000231                    VGA$CHAR                    .EQU 0xFF33                      ; write: VGA character to be displayed
000232                                                ; read: character "under" the cursor
000233                    VGA$OFFS_DISPLAY            .EQU 0xFF34                      ; Offset in bytes that is used when displaying
000234                                                ; the video RAM. Scrolling forward one line
000235                                                ; means adding 0x50 to this register.
000236                                                ; Only works, if bit #10 in VGA$STATE is set.
000237                    VGA$OFFS_RW                 .EQU 0xFF35                      ; Offset in bytes that is used, when you read
000238                                                ; or write to the video RAM using VGA$CHAR.
000239                                                ; Works independently from VGA$OFFS_DISPLAY.
000240                                                ; Active, when bit #11 in VGA$STATE is set.
000241                    VGA$HDMI_H_MIN              .EQU 0xFF36                      ; HDMI Data Enable: X: minimum valid column
000242                    VGA$HDMI_H_MAX              .EQU 0xFF37                      ; HDMI Data Enable: X: maximum valid column
000243                    VGA$HDMI_V_MAX              .EQU 0xFF38                      ; HDMI Data Enable: Y: maximum row (line)
000244                    ;
000245                    ;---------------------------------------------------------------------------------------
000246                    ; Block FFF0: MEGA65 (double block, 16 registers)
000247                    ;---------------------------------------------------------------------------------------
000248                    ;
000249                    ; HyperRAM
000250                    ;
000251                    IO$M65HRAM_LO               .EQU 0xFFF0                      ; Low word of address (15 downto 0)
000252                    IO$M65HRAM_HI               .EQU 0xFFF1                      ; High word of address (26 downto 16)
000253                    IO$M65HRAM_DATA8            .EQU 0xFFF2                      ; HyperRAM native 8-bit data in/out
000254                    IO$M65HRAM_DATA16           .EQU 0xFFF3                      ; HyperRAM 16-bit data in/out
000255                    
000256                    ;
000257                    ;***************************************************************************************
000258                    ;* Constant definitions
000259                    ;***************************************************************************************
000260                    ;
000261                    
000262                    ; ========== VGA ==========
000263                    
000264                    VGA$MAX_X                   .EQU 79                          ; Max. X-coordinate in decimal!
000265                    VGA$MAX_Y                   .EQU 39                          ; Max. Y-coordinate in decimal!
000266                    VGA$MAX_CHARS               .EQU 3200                        ; 80 * 40 chars
000267                    VGA$CHARS_PER_LINE          .EQU 80
000268                    
000269                    VGA$EN_HW_CURSOR            .EQU 0x0040                      ; Show hardware cursor
000270                    VGA$EN_HW_SCRL              .EQU 0x0C00                      ; Hardware scrolling enable
000271                    VGA$CLR_SCRN                .EQU 0x0100                      ; Clear screen
000272                    VGA$BUSY                    .EQU 0x0200                      ; VGA is currently performing a task
000273                    
000274                    VGA$COLOR_RED               .EQU 0x0004
000275                    VGA$COLOR_GREEN             .EQU 0x0002
000276                    VGA$COLOR_BLUE              .EQU 0x0001
000277                    VGA$COLOR_WHITE             .EQU 0x0007
000278                    
000279                    ; ========== CYCLE COUNTER ==========
000280                    
000281                    CYC$RESET                   .EQU 0x0001                      ; Reset cycle counter
000282                    CYC$RUN                     .EQU 0x0002                      ; Start/stop counter
000283                    
000284                    ; ========== CYCLE COUNTER ==========
000285                    
000286                    INS$RESET                   .EQU 0x0001                      ; Reset instruction counter
000287                    INS$RUN                     .EQU 0x0002                      ; Start/stop counter
000288                    
000289                    ; ========== EAE ==========
000290                    
000291                    EAE$MULU                    .EQU 0x0000                      ; Unsigned 16 bit multiplication
000292                    EAE$MULS                    .EQU 0x0001                      ; Signed 16 bit multiplication
000293                    EAE$DIVU                    .EQU 0x0002                      ; Unsigned 16 bit division with remainder
000294                    EAE$DIVS                    .EQU 0x0003                      ; Signed 16 bit division with remainder
000295                    EAE$BUSY                    .EQU 0x8000                      ; Busy flag (1 = operation still running)
000296                    
000297                    ; ========== SD CARD ==========
000298                    
000299                    SD$CMD_RESET                .EQU 0x0000                      ; Reset SD card
000300                    SD$CMD_READ                 .EQU 0x0001                      ; Read 512 bytes from SD to internal buffer
000301                    SD$CMD_WRITE                .EQU 0x0002                      ; Write 512 bytes from int. buf. to SD
000302                    SD$BIT_ERROR                .EQU 0x4000                      ; Error flag: 1, if last operation failed
000303                    SD$BIT_BUSY                 .EQU 0x8000                      ; Busy flag: 1, if current op. is still running
000304                    SD$TIMEOUT_MID              .EQU 0x0479                      ; equals ~75.000.000 cycles, i.e. 1.5sec @ 50 MHz
000305                    
000306                    SD$ERR_MASK                 .EQU 0x00FF                      ; AND mask for errors: HI byte = state machine info, so mask it for error checks
000307                    SD$ERR_R1_ERROR             .EQU 0x0001                      ; SD Card R1 error (R1 bit 6-0)
000308                    SD$ERR_CRC_OR_TIMEOUT       .EQU 0x0002                      ; Read CRC error or Write Timeout error
000309                    SD$ERR_RESPONSE_TOKEN       .EQU 0x0003                      ; Data Response Token error (Token bit 3)
000310                    SD$ERR_ERROR_TOKEN          .EQU 0x0004                      ; Data Error Token error (Token bit 3-0)
000311                    SD$ERR_WRITE_PROTECT        .EQU 0x0005                      ; SD Card Write Protect switch
000312                    SD$ERR_CARD_UNUSABLE        .EQU 0x0006                      ; Unusable SD card
000313                    SD$ERR_NO_CARD              .EQU 0x0007                      ; No SD card (no response from CMD0)
000314                    SD$ERR_READ_TIMEOUT         .EQU 0x0008 ; Timeout while trying to receive the read start token "FE"
000315                    SD$ERR_READWRITEJAM         .EQU 0xEE21                      ; Trying to write while pending read or trying to read while pending write
000316                    SD$ERR_TIMEOUT              .EQU 0xEEFF                      ; General timeout
000317                    
000318                    SD$CT_SD_V1                 .EQU 0x0001                      ; Card type: SD Version 1
000319                    SD$CT_SD_V2                 .EQU 0x0002                      ; Card type: SD Version 2
000320                    SD$CT_SDHC                  .EQU 0x0003                      ; Card type: SDHC (or SDXC)
000321                    
000322                    ; ========== FAT32 =============
000323                    
000324                    ; FAT32 ERROR CODES
000325                    
000326                    FAT32$ERR_MBR               .EQU 0xEE10                      ; no or illegal Master Boot Record (MBR) found
000327                    FAT32$ERR_PARTITION_NO      .EQU 0xEE11                      ; the partition number needs to be in the range 1 .. 4
000328                    FAT32$ERR_PARTTBL           .EQU 0xEE12                      ; no or illegal partition table entry found (e.g. no FAT32 partition)
000329                    FAT32$ERR_NOTIMPL           .EQU 0xEE13                      ; functionality is not implemented
000330                    FAT32$ERR_SIZE              .EQU 0xEE14                      ; partition size or volume size too large (see doc/constraints.txt)
000331                    FAT32$ERR_NOFAT32           .EQU 0xEE15                      ; illegal volume id (either not 512 bytes per sector, or not 2 FATs or wrong magic)
000332                    FAT32$ERR_ILLEGAL_SIC       .EQU 0xEE16                      ; trying to read/write a sector within a cluster that is out of range
000333                    FAT32$ERR_ILLEGAL_CLUS      .EQU 0xEE17                      ; trying to access an illegal cluster number
000334                    FAT32$ERR_CORRUPT_DH        .EQU 0xEE18                      ; corrupt directory handle (e.g. because current to-be-read offs > sector size)
000335                    FAT32$ERR_DIRNOTFOUND       .EQU 0xEE19                      ; directory not found (illegal path name passed to change directory command)
000336                    FAT32$ERR_FILENOTFOUND      .EQU 0xEE20                      ; file not found
000337                    FAT23$ERR_SEEKTOOLARGE      .EQU 0xEE21                      ; seek position > file size
000338                    
000339                    ; FAT32 STATUS CODES
000340                    
000341                    FAT32$EOF                   .EQU 0xEEEE                      ; end of file reached
000342                    
000343                    ; LAYOUT OF THE MOUNT DATA STRUCTURE (DEVICE HANDLE)
000344                    
000345                    FAT32$DEV_RESET             .EQU 0x0000                      ; pointer to device reset function
000346                    FAT32$DEV_BLOCK_READ        .EQU 0x0001                      ; pointer to 512-byte block read function
000347                    FAT32$DEV_BLOCK_WRITE       .EQU 0x0002                      ; pointer to 512-byte block write function
000348                    FAT32$DEV_BYTE_READ         .EQU 0x0003                      ; pointer to 1-byte read function (within block buffer)
000349                    FAT32$DEV_BYTE_WRITE        .EQU 0x0004                      ; pointer to 1-byte write function (within block buffer)
000350                    FAT32$DEV_PARTITION         .EQU 0x0005                      ; number of partition to be mounted
000351                    FAT32$DEV_FS_LO             .EQU 0x0006                      ; file system start address (LBA): low word
000352                    FAT32$DEV_FS_HI             .EQU 0x0007                      ; file system start address (LBA): high word
000353                    FAT32$DEV_FAT_LO            .EQU 0x0008                      ; fat start address (LBA): low word
000354                    FAT32$DEV_FAT_HI            .EQU 0x0009                      ; fat start address (LBA): high word
000355                    FAT32$DEV_CLUSTER_LO        .EQU 0x000A                      ; cluster start address (LBA): low word
000356                    FAT32$DEV_CLUSTER_HI        .EQU 0x000B                      ; cluster start address (LBA): high word
000357                    FAT32$DEV_SECT_PER_CLUS     .EQU 0x000C                      ; sectors per cluster
000358                    FAT32$DEV_RD_1STCLUS_LO     .EQU 0x000D                      ; root directory first cluster: low word
000359                    FAT32$DEV_RD_1STCLUS_HI     .EQU 0x000E                      ; root directory first cluster: high word
000360                    FAT32$DEV_AD_1STCLUS_LO     .EQU 0x000F                      ; currently active directory first cluster: low word
000361                    FAT32$DEV_AD_1STCLUS_HI     .EQU 0x0010                      ; currently active directory first cluster: high word
000362                    FAT32$DEV_BUFFERED_FDH      .EQU 0x0011                      ; FDH which is responsible for the current 512 byte hardware buffer filling
000363                    
000364                    FAT32$DEV_STRUCT_SIZE       .EQU 0x0012                      ; size (words) of the mount data structure (device handle)
000365                    
000366                    ; LAYOUT OF THE FILE HANDLE AND DIRECTORY HANDLE (FDH)
000367                    
000368                    FAT32$FDH_DEVICE            .EQU 0x0000                      ; pointer to the device handle
000369                    FAT32$FDH_CLUSTER_LO        .EQU 0x0001                      ; current cluster (low word)
000370                    FAT32$FDH_CLUSTER_HI        .EQU 0x0002                      ; current cluster (high word)
000371                    FAT32$FDH_SECTOR            .EQU 0x0003                      ; current sector
000372                    FAT32$FDH_INDEX             .EQU 0x0004                      ; current byte index within current sector
000373                    FAT32$FDH_SIZE_LO           .EQU 0x0005                      ; only if FDH is a file: low word of file size, otherwise undefined
000374                    FAT32$FDH_SIZE_HI           .EQU 0x0006                      ; only if FDH is a file: high word of file size, otherwise undefined
000375                    FAT32$FDH_ACCESS_LO         .EQU 0x0007                      ; only if FDH is a file: low word of already read/written amount of bytes
000376                    FAT32$FDH_ACCESS_HI         .EQU 0x0008                      ; only if FDH is a file: high word of already read/written amount of bytes
000377                    FAT32$FDH_START_CLUS_LO     .EQU 0x0009                      ; only if FDH is a file: start of file: cluster (low word)
000378                    FAT32$FDH_START_CLUS_HI     .EQU 0x000A                      ; only if FDH is a file: start of file: cluster (high word)
000379                    FAT32$FDH_FLAGS             .EQU 0x000B                      ; status flags
000380                    
000381                    FAT32$FDH_STRUCT_SIZE       .EQU 0x000C                      ; size of the directory handle structure
000382                    
000383                    ; Flags used by FAT32$FDH_FLAGS
000384                    
000385                    FAT32$FDHF_DIRTY            .EQU 0x0001                      ; bit 0: sector buffer is dirty due to a write access
000386                    
000387                    ; FILE ATTRIBUTES
000388                    
000389                    FAT32$FA_READ_ONLY          .EQU 0x0001                      ; read only file
000390                    FAT32$FA_HIDDEN             .EQU 0x0002                      ; hidden file
000391                    FAT32$FA_SYSTEM             .EQU 0x0004                      ; system file
000392                    FAT32$FA_VOLUME_ID          .EQU 0x0008                      ; volume id (name of the volume)
000393                    FAT32$FA_DIR                .EQU 0x0010                      ; directory
000394                    FAT32$FA_ARCHIVE            .EQU 0x0020                      ; archive flag
000395                    
000396                    FAT32$FA_DEFAULT            .EQU 0x0035                      ; browse for non hidden files and directories but not for the volume id
000397                    FAT32$FA_ALL                .EQU 0x0037                      ; browse for all files, but not for the volume id
000398                    
000399                    ; LAYOUT OF THE DIRECTORY ENTRY STRUCTURE
000400                    
000401                    FAT32$DE_NAME               .EQU 0x0000                      ; volume, file or directory name, zero terminated (max 256 characters)
000402                    FAT32$DE_ATTRIB             .EQU 0x0101                      ; file attributes (read-only, hidden, system, volume id, directory, archive)
000403                    FAT32$DE_SIZE_LO            .EQU 0x0102                      ; file size: low word
000404                    FAT32$DE_SIZE_HI            .EQU 0x0103                      ; file size: high word
000405                    FAT32$DE_YEAR               .EQU 0x0104                      ; last file write: year (valid range 1980 .. 2107)
000406                    FAT32$DE_MONTH              .EQU 0x0105                      ; last file write: month
000407                    FAT32$DE_DAY                .EQU 0x0106                      ; last file write: day
000408                    FAT32$DE_HOUR               .EQU 0x0107                      ; last file write: hour
000409                    FAT32$DE_MINUTE             .EQU 0x0108                      ; last file write: minute
000410                    FAT32$DE_SECOND             .EQU 0x0109                      ; last file write: second (in 2 second steps, valid range 0 .. 58)
000411                    FAT32$DE_CLUS_LO            .EQU 0x010A                      ; start cluster: low word
000412                    FAT32$DE_CLUS_HI            .EQU 0x010B                      ; start cluster: high word
000413                    
000414                    FAT32$DE_STRUCT_SIZE        .EQU 0x010C                      ; size (words) of the directory entry data structure of the
000415                    
000416                    ; DISPLAY FLAGS FOR FILE ENTRY PRETTY PRINTER
000417                    
000418                    FAT32$PRINT_SHOW_DIR        .EQU 0x0001 ; show "<DIR>" indicator
000419                    FAT32$PRINT_SHOW_ATTRIB     .EQU 0x0002 ; show attributes as "HRSA"
000420                    FAT32$PRINT_SHOW_SIZE       .EQU 0x0004                      ; show file size
000421                    FAT32$PRINT_SHOW_DATE       .EQU 0x0008                      ; show file date as YYYY-MM-DD
000422                    FAT32$PRINT_SHOW_TIME       .EQU 0x0010                      ; show file time as HH:MM
000423                    
000424                    FAT32$PRINT_DEFAULT         .EQU 0x001D                      ; print <DIR> indicator, size, date and time (no attributes)
000425                    FAT32$PRINT_ALL             .EQU 0x001F                      ; print all details
000426                    
000427                    ; ========== KEYBOARD ==========
000428                    
000429                    ; STATUS REGISTER
000430                    
000431                    KBD$NEW_ASCII               .EQU 0x0001                      ; new ascii character available
000432                    KBD$NEW_SPECIAL             .EQU 0x0002                      ; new special key available
000433                    KBD$NEW_ANY                 .EQU 0x0003                      ; any new key available
000434                    
000435                    KBD$ASCII                   .EQU 0x00FF                      ; mask the special keys
000436                    KBD$SPECIAL                 .EQU 0xFF00                      ; mask the ascii keys
000437                    
000438                    KBD$LOCALE                  .EQU 0x001C                      ; bit mask for checking locales
000439                    KBD$LOCALE_US               .EQU 0x0000                      ; default: US keyboard layout
000440                    KBD$LOCALE_DE               .EQU 0x0004                      ; DE: German keyboard layout
000441                    
000442                    KBD$MODIFIERS               .EQU 0x00E0                      ; bit mask for checking modifiers
000443                    KBD$SHIFT                   .EQU 0x0020 ; modifier "SHIFT" pressed
000444                    KBD$ALT                     .EQU 0x0040 ; modifier "ALT" pressed
000445                    KBD$CTRL                    .EQU 0x0080 ; modifier "CTRL" pressed
000446                    
000447                    ; READ REGISTER: COMMON ASCII CODES
000448                    
000449                    KBD$SPACE                   .EQU 0x0020
000450                    KBD$ENTER                   .EQU 0x000D
000451                    KBD$ESC                     .EQU 0x001B
000452                    KBD$TAB                     .EQU 0x0009
000453                    KBD$BACKSPACE               .EQU 0x0008
000454                    
000455                    ; READ REGISTER: SPECIAL KEYS
000456                    
000457                    KBD$F1                      .EQU 0x0100
000458                    KBD$F2                      .EQU 0x0200
000459                    KBD$F3                      .EQU 0x0300
000460                    KBD$F4                      .EQU 0x0400
000461                    KBD$F5                      .EQU 0x0500
000462                    KBD$F6                      .EQU 0x0600
000463                    KBD$F7                      .EQU 0x0700
000464                    KBD$F8                      .EQU 0x0800
000465                    KBD$F9                      .EQU 0x0900
000466                    KBD$F10                     .EQU 0x0A00
000467                    KBD$F11                     .EQU 0x0B00
000468                    KBD$F12                     .EQU 0x0C00
000469                    
000470                    KBD$CUR_UP                  .EQU 0x1000
000471                    KBD$CUR_DOWN                .EQU 0x1100
000472                    KBD$CUR_LEFT                .EQU 0x1200
000473                    KBD$CUR_RIGHT               .EQU 0x1300
000474                    KBD$PG_UP                   .EQU 0x1400
000475                    KBD$PG_DOWN                 .EQU 0x1500
000476                    KBD$HOME                    .EQU 0x1600
000477                    KBD$END                     .EQU 0x1700
000478                    KBD$INS                     .EQU 0x1800
000479                    KBD$DEL                     .EQU 0x1900
000480                    
000481                    ; READ REGISTER: CTRL + character is also mapped to an ASCII code
000482                    
000483                    KBD$CTRL_A                  .EQU 0x0001
000484                    KBD$CTRL_B                  .EQU 0x0002
000485                    KBD$CTRL_C                  .EQU 0x0003
000486                    KBD$CTRL_D                  .EQU 0x0004
000487                    KBD$CTRL_E                  .EQU 0x0005
000488                    KBD$CTRL_F                  .EQU 0x0006
000489                    KBD$CTRL_G                  .EQU 0x0007
000490                    KBD$CTRL_H                  .EQU 0x0008
000491                    KBD$CTRL_I                  .EQU 0x0009
000492                    KBD$CTRL_J                  .EQU 0x000A
000493                    KBD$CTRL_K                  .EQU 0x000B
000494                    KBD$CTRL_L                  .EQU 0x000C
000495                    KBD$CTRL_M                  .EQU 0x000D
000496                    KBD$CTRL_N                  .EQU 0x000E
000497                    KBD$CTRL_O                  .EQU 0x000F
000498                    KBD$CTRL_P                  .EQU 0x0010
000499                    KBD$CTRL_Q                  .EQU 0x0011
000500                    KBD$CTRL_R                  .EQU 0x0012
000501                    KBD$CTRL_S                  .EQU 0x0013
000502                    KBD$CTRL_T                  .EQU 0x0014
000503                    KBD$CTRL_U                  .EQU 0x0015
000504                    KBD$CTRL_V                  .EQU 0x0016
000505                    KBD$CTRL_W                  .EQU 0x0017
000506                    KBD$CTRL_X                  .EQU 0x0018
000507                    KBD$CTRL_Y                  .EQU 0x0019
000508                    KBD$CTRL_Z                  .EQU 0x001A
000509                    
000510                    ;
000511                    ; Useful ASCII constants:
000512                    ;
000513                    CHR$BELL                    .EQU 0x0007                      ; ASCII-BELL character
000514                    CHR$TAB                     .EQU 0x0009                      ; ASCII-TAB character
000515                    CHR$SPACE                   .EQU 0x0020                      ; ASCII-Space
000516                    CHR$CR                      .EQU 0x000d                      ; Carriage return
000517                    CHR$LF                      .EQU 0x000a                      ; Line feed
000518                    ;;
000519                    ;; This is an automatically generated definition file!
000520                    ;; Do NOT change manually!
000521                    ;;
000522                    reset                       .EQU 0x0000
000523                    getc                        .EQU 0x0002
000524                    putc                        .EQU 0x0004
000525                    gets                        .EQU 0x0006
000526                    puts                        .EQU 0x0008
000527                    crlf                        .EQU 0x000A
000528                    til                         .EQU 0x000C
000529                    muls                        .EQU 0x000E
000530                    memset                      .EQU 0x0010
000531                    memcpy                      .EQU 0x0012
000532                    wait                        .EQU 0x0014
000533                    exit                        .EQU 0x0016
000534                    chr2upper                   .EQU 0x0018
000535                    str2upper                   .EQU 0x001A
000536                    strlen                      .EQU 0x001C
000537                    chomp                       .EQU 0x001E
000538                    strcmp                      .EQU 0x0020
000539                    strchr                      .EQU 0x0022
000540                    gethex                      .EQU 0x0024
000541                    puthex                      .EQU 0x0026
000542                    mulu                        .EQU 0x0028
000543                    vga_cls                     .EQU 0x002A
000544                    divu                        .EQU 0x002C
000545                    divs                        .EQU 0x002E
000546                    chr2lower                   .EQU 0x0030
000547                    mulu32                      .EQU 0x0032
000548                    divu32                      .EQU 0x0034
000549                    split                       .EQU 0x0036
000550                    h2dstr                      .EQU 0x0038
000551                    sd_reset                    .EQU 0x003A
000552                    sd_r_block                  .EQU 0x003C
000553                    sd_w_block                  .EQU 0x003E
000554                    sd_r_byte                   .EQU 0x0040
000555                    sd_w_byte                   .EQU 0x0042
000556                    f32_mnt_sd                  .EQU 0x0044
000557                    f32_mnt                     .EQU 0x0046
000558                    f32_od                      .EQU 0x0048
000559                    f32_ld                      .EQU 0x004A
000560                    f32_cd                      .EQU 0x004C
000561                    f32_pd                      .EQU 0x004E
000562                    f32_fopen                   .EQU 0x0050
000563                    f32_fread                   .EQU 0x0052
000564                    f32_fseek                   .EQU 0x0054
000565                    gets_s                      .EQU 0x0056
000566                    gets_slf                    .EQU 0x0058
000567                    vga_init                    .EQU 0x005A
000568                    in_range_u                  .EQU 0x005C
000569                    enter                       .EQU 0x005E
000570                    leave                       .EQU 0x0060
000571                    strcpy                      .EQU 0x0062
000572                    strstr                      .EQU 0x0064
000573                    f32_fwrite                  .EQU 0x0066
000574                    f32_fflush                  .EQU 0x0068
000575                    f32_fclose                  .EQU 0x006A
000576                    strrplchr                   .EQU 0x006C
000577                    ; ****************************************************************************
000578                    ; MiSTer2MEGA65 (M2M) QNICE ROM
000579                    ;
000580                    ; System definition file for registers and MMIO
000581                    ;
000582                    ; done by sy2002 in 2022 and licensed under GPL v3
000583                    ; ****************************************************************************
000584                    
000585                    ; ----------------------------------------------------------------------------
000586                    ; Control and status register
000587                    ; ----------------------------------------------------------------------------
000588                    
000589                    M2M$CSR                     .EQU 0xFFE0
000590                                                ; Bit 0: Reset the MiSTer core
000591                                                ; Bit 1: Pause the MiSTer core
000592                                                ; Bit 2: Show On-Screen-Menu (OSM) as an overlay over core output
000593                                                ; Bit 3: Keyboard connection between M65 keyb. and the core
000594                                                ; Bit 4: Joy. port 1 connection between M65 joy. port and core
000595                                                ; Bit 5: Joy. port 2 connection between M65 joy. port and core
000596                                                ; Bit 6: SD Card: Mode: 0=Auto: SD card automatically switches
000597                                                ; between the internal card (bottom tray) and the external
000598                                                ; card (back slot). The external card has higher precedence.
000599                                                ; Bit 7: SD Card: If Mode=1: 0=force internal / 1=force external
000600                                                ; Bit 8: SD Card: Currently active: 0=internal / 1=external
000601                                                ; Bit 9: SD Card: Internal SD card detected
000602                                                ; Bit 10: SD Card: External SD card detected
000603                                                ; Bit 11: Ascal autoset: If set to 1: M2M$ASCAL_MODE (which is
000604                                                ; controlling QNICE ouput port ascal_mode_o) is automatically
000605                                                ; kept in sync with ascal_mode_i
000606                                                ; Bits 12..15: RESERVED
000607                                                ;
000608                                                ; Bits 8, 9, 10 are read-only
000609                    
000610                    M2M$CSR_RESET               .EQU 0x0001
000611                    M2M$CSR_UN_RESET            .EQU 0xFFFE
000612                    M2M$CSR_PAUSE               .EQU 0x0002
000613                    M2M$CSR_UN_PAUSE            .EQU 0xFFFD
000614                    M2M$CSR_OSM                 .EQU 0x0004
000615                    M2M$CSR_UN_OSM              .EQU 0xFFFB
000616                    M2M$CSR_KBD                 .EQU 0x0008
000617                    M2M$CSR_UN_KBD              .EQU 0xFFF7
000618                    M2M$CSR_JOY1                .EQU 0x0010
000619                    M2M$CSR_UN_JOY1             .EQU 0xFFEF
000620                    M2M$CSR_JOY2                .EQU 0x0020
000621                    M2M$CSR_UN_JOY2             .EQU 0xFFDF
000622                    M2M$CSR_SD_MODE             .EQU 0x0040
000623                    M2M$CSR_UN_SD_MODE          .EQU 0xFFBF
000624                    M2M$CSR_SD_FORCE            .EQU 0x0080
000625                    M2M$CSR_UN_SD_FORCE         .EQU 0xFF7F
000626                    M2M$CSR_SD_ACTIVE           .EQU 0x0100
000627                    M2M$CSR_UN_SD_ACTIVE        .EQU 0xFEFF
000628                    M2M$CSR_SD_DET_INT          .EQU 0x0200
000629                    M2M$CSR_UN_SD_DET_INT       .EQU 0xFDFF
000630                    M2M$CSR_SD_DET_EXT          .EQU 0x0400
000631                    M2M$CSR_UN_SD_DET_EXT       .EQU 0xFBFF
000632                    M2M$CSR_ASCAL_AUTO          .EQU 0x0800
000633                    M2M$CSR_UN_ASCAL_AUTO       .EQU 0xF7FF
000634                    
000635                    M2M$CSR_KBD_JOY             .EQU 0x0038
000636                    M2M$CSR_UN_KBD_JOY          .EQU 0xFFC7
000637                    
000638                    ; ----------------------------------------------------------------------------
000639                    ; VGA and On-Screen-Menu (OSM)
000640                    ; ----------------------------------------------------------------------------
000641                    
000642                    ; All coordinates and sizes in the OSM context are specified in characters
000643                    ; The high-byte of the 16-bit value is always x or dx and the low-byte y or dy
000644                    
000645                    ; When bit 2 of the CSR = 1, then the OSM is shown at the coordinates
000646                    ; and in the size given by these two registers, i.e. these registers are used
000647                    ; by the display hardware
000648                    M2M$OSM_XY                  .EQU 0xFFE1                      ; x|y coordinates
000649                    M2M$OSM_DXDY                .EQU 0xFFE2                      ; dx|dy width and height
000650                    
000651                    ; Screen attributes: Single bits
000652                    M2M$SA_INVERSE              .EQU 0x80
000653                    M2M$SA_DARK                 .EQU 0x40
000654                    M2M$SA_BG_RED               .EQU 0x20
000655                    M2M$SA_BG_GREEN             .EQU 0x10
000656                    M2M$SA_BG_BLUE              .EQU 0x08
000657                    M2M$SA_FG_RED               .EQU 0x04
000658                    M2M$SA_FG_GREEN             .EQU 0x02
000659                    M2M$SA_FG_BLUE              .EQU 0x01
000660                    
000661                    ; Screen attributes: Common bit-combinations
000662                    M2M$SA_COL_STD              .EQU 0x0B                        ; cyan font on blue background
000663                    M2M$SA_COL_STD_INV          .EQU 0x8B                        ; inverse standard
000664                    M2M$SA_COL_TTLE             .EQU 0x0E                        ; Title: Yellow on blue background
000665                    M2M$SA_COL_TTLE_INV         .EQU 0x8E                        ; inverse Title
000666                    M2M$SA_COL_SEL              .EQU 0x0F                        ; selection: white font on blue background
000667                    
000668                    ; Special characters in font Anikki-16x16
000669                    M2M$FC_TL                   .EQU 201                         ; fat top/left corner
000670                    M2M$FC_SH                   .EQU 205                         ; fat straight horizontal
000671                    M2M$FC_TR                   .EQU 187                         ; fat top/right corner
000672                    M2M$FC_SV                   .EQU 186                         ; fat straight vertical
000673                    M2M$FC_BL                   .EQU 200                         ; fat bottom/left corner
000674                    M2M$FC_BR                   .EQU 188                         ; fat bottom/right corner
000675                    M2M$FC_HE_LEFT              .EQU 185                         ; fat straight horiz. line ends: left part
000676                    M2M$FC_HE_RIGHT             .EQU 204                         ; fat straight horiz. line ends: right part
000677                    M2M$NC_SH                   .EQU 196                         ; normal straight horizontal
000678                    M2M$NC_VE_LEFT              .EQU 199                         ; normal vertical line end: left part
000679                    M2M$NC_VE_RIGHT             .EQU 182                         ; normal vertical line end: right part
000680                    M2M$DIR_L                   .EQU 17                          ; left char for displaying a directory
000681                    M2M$DIR_R                   .EQU 16                          ; right char for displaying a directory
000682                    M2M$OPT_SEL_MULTI           .EQU 7                           ; selection char for options menu: multi-sel.
000683                    M2M$OPT_SEL_SINGLE          .EQU 61                          ; ditto for single select
000684                    M2M$LD_PROGRESS             .EQU 254                         ; character used for progress bar
000685                    M2M$LD_SPACE                .EQU 32                          ; space character
000686                    
000687                    ; ----------------------------------------------------------------------------
000688                    ; HDMI: Avalon Scaler (ascal.vhd)
000689                    ; ----------------------------------------------------------------------------
000690                    
000691                    M2M$ASCAL_MODE              .EQU 0xFFE3                      ; ascal mode register
000692                                                ; this reg. is read-only if CSR bit 11 = 1
000693                    
000694                    ; ascal mode: bits 2 downto 0
000695                    M2M$ASCAL_NEAREST           .EQU 0x0000                      ; Nearest neighbor
000696                    M2M$ASCAL_BILINEAR          .EQU 0x0001                      ; Bilinear
000697                    M2M$ASCAL_SBILINEAR         .EQU 0x0002                      ; Sharp Bilinear
000698                    M2M$ASCAL_BICUBIC           .EQU 0x0003                      ; Bicubic
000699                    M2M$ASCAL_POLYPHASE         .EQU 0x0004                      ; Polyphase filter (used for CRT emulation)
000700                    
000701                    ; ascal Polyphase addresses
000702                    M2M$ASCAL_PP_HORIZ          .EQU 0x0000
000703                    M2M$ASCAL_PP_VERT           .EQU 0x0100
000704                    
000705                    ; ascal mode: bits 3 and 4
000706                    M2M$ASCAL_TRIPLEBUF         .EQU 0x0008                      ; Activate triple-buffering
000707                    M2M$ASCAL_RESERVED          .EQU 0x0010                      ; reserved (see ascal.vhd)
000708                    
000709                    ; ----------------------------------------------------------------------------
000710                    ; Special-purpose and general-purpose 16-bit input flags
000711                    ; Read-only; direct pass through from SOC inputs, not buffered in a register.
000712                    ; (Currently reserved and not used, yet)
000713                    ; ----------------------------------------------------------------------------
000714                    
000715                    ; special-purpose register that gets its semantics via the Shell firmware
000716                    M2M$SPECIAL                 .EQU 0xFFE4
000717                    
000718                    ; general-purpose register, can be freely used and is not used by the Shell
000719                    M2M$GENERAL                 .EQU 0xFFE5
000720                    
000721                    ; ----------------------------------------------------------------------------
000722                    ; Keyboard for the framework (independent from the keyboard of the core)
000723                    ; ----------------------------------------------------------------------------
000724                    
000725                    ; Low active realtime snapshot of the currently pressed keys (read-only)
000726                    ; (MMIO "qnice_keys_o" register of m2m_keys.vhd)
000727                    M2M$KEYBOARD                .EQU 0xFFE8
000728                    
000729                    ; Typematic delay (DLY) and typematic repeat (SPD)
000730                    ; DLY: How long needs the key to be pressed, until the typematic repeat starts
000731                    ; SPD: How fast will the pressed key be repeated
000732                    ; IMPORTANT: These values are empiric and relative to QNICE V1.61
000733                    M2M$TYPEMATIC_DLY           .EQU 0x8000                      ; ~0.5sec in QNICE V1.61
000734                    M2M$TYPEMATIC_SPD           .EQU 0x1000                      ; ~12 per sec
000735                    
000736                    ; Definition of the bits in M2M$KEYBOARD
000737                    M2M$KEY_UP                  .EQU 0x0001
000738                    M2M$KEY_DOWN                .EQU 0x0002
000739                    M2M$KEY_LEFT                .EQU 0x0004
000740                    M2M$KEY_RIGHT               .EQU 0x0008
000741                    M2M$KEY_RETURN              .EQU 0x0010
000742                    M2M$KEY_SPACE               .EQU 0x0020
000743                    M2M$KEY_RUNSTOP             .EQU 0x0040
000744                    M2M$KEY_HELP                .EQU 0x0080
000745                    M2M$KEY_F1                  .EQU 0x0100
000746                    M2M$KEY_F3                  .EQU 0x0200
000747                    
000748                    ; ----------------------------------------------------------------------------
000749                    ; 256-bit General purpose control flags
000750                    ; ----------------------------------------------------------------------------
000751                    
000752                    ; 256-bit directly controled by the programmer (not used by the Shell)
000753                    ; Select a window between 0 and 15 in M2M$CFD_ADDR and access the control
000754                    ; flags sliced into 16-bit chunks via M2M$CFD_DATA
000755                    ; exposed by QNICE via control_d_o
000756                    M2M$CFD_ADDR                .EQU 0xFFF0
000757                    M2M$CFD_DATA                .EQU 0xFFF1
000758                    
000759                    ; 256-bit controled by the Shell via the options menu, i.e. the menu that
000760                    ; opens when the core is running and the user presses "Help" on the keyboard:
000761                    ; the bit order is: bit 0 = topmost menu entry, the mapping is 1-to-1 to
000762                    ; OPTM_ITEMS / OPTM_GROUPS in config.vhd
000763                    ; exposed by QNICE via control_m_o; M2M$CFM_ADDR runs from 0 to 15
000764                    M2M$CFM_ADDR                .EQU 0xFFF2
000765                    M2M$CFM_DATA                .EQU 0xFFF3
000766                    
000767                    ; ----------------------------------------------------------------------------
000768                    ; MMIO 4k-segmented access to RAMs, ROMs and similarily behaving devices
000769                    ; ----------------------------------------------------------------------------
000770                    
000771                    M2M$RAMROM_DEV              .EQU 0xFFF4
000772                                                ; Devices 0x0000 .. 0x00FF: RESERVED (see below)
000773                                                ; Devices 0x0100 .. 0xFFFF: Free to be used for any RAM, ROM or device
000774                                                ; that behaves like a RAM or ROM from the
000775                                                ; perspective of QNICE
000776                    
000777                    M2M$VRAM_DATA               .EQU 0x0000                      ; Device for VRAM: Data
000778                    M2M$VRAM_ATTR               .EQU 0x0001                      ; Device for VRAM: Attributes
000779                    M2M$CONFIG                  .EQU 0x0002                      ; Static Shell config data (config.vhd)
000780                    M2M$ASCAL_PPHASE            .EQU 0x0003                      ; ascal.vhd Polyphase filter RAM
000781                    M2M$HYPERRAM                .EQU 0x0004                      ; Device for the built-in 8MB of HyperRAM
000782                    M2M$SDRAM                   .EQU 0x0005                      ; @TODO/RESERVED for future R4 boards
000783                    
000784                    M2M$SYS_INFO                .EQU 0x00FF                      ; Device for System Info
000785                    
000786                    M2M$RAMROM_4KWIN            .EQU 0xFFF5                      ; 4k window selector
000787                    M2M$RAMROM_DATA             .EQU 0x7000                      ; 4k MMIO window to read/write
000788                    
000789                    ; ----------------------------------------------------------------------------
000790                    ; Sysinfo device: Selectors and addresses
000791                    ; ----------------------------------------------------------------------------
000792                    
000793                    ; Selectors (4k windows)
000794                    M2M$SYS_VDRIVES             .EQU 0x0000                      ; vdrives constants (globals.vhd)
000795                    M2M$SYS_VGA                 .EQU 0x0010                      ; gfx adaptor 0: VGA
000796                    M2M$SYS_HDMI                .EQU 0x0011                      ; gfx adaptor 1: HDMI
000797                    M2M$SYS_CRTSANDROMS         .EQU 0x0020                      ; sim. CRTs. & ROMs (globals.vhd)
000798                    M2M$SYS_CORE                .EQU 0x0030                      ; info about the MiSTer core
000799                    
000800                    ; The following read-only registers are meant to be used by the QNICE
000801                    ; firmware. They enable the ability to specify the hardware screen resolution
000802                    ; in characters as well as the start coordinates and size of the main screen.
000803                    ; The position and size of the option menu is deducted.
000804                    M2M$SYS_DXDY                .EQU 0x7000
000805                    M2M$SHELL_M_XY              .EQU 0x7001                      ; main screen: x|y start coordinates
000806                    M2M$SHELL_M_DXDY            .EQU 0x7002                      ; main screen: dx|dy width and height
000807                    
000808                    ; M2M$SYS_CORE registers: measurement from ASCAL
000809                    M2M$SYS_CORE_X              .EQU 0x7000                      ; visible dx measurement from ASCAL
000810                    M2M$SYS_CORE_Y              .EQU 0x7001                      ; visible dy measurement from ASCAL
000811                    
000812                    ; M2M$SYS_CORE registers: measurement from M2M component
000813                    M2M$SYS_CORE_H_PXLS         .EQU 0x7002                      ; visible dx
000814                    M2M$SYS_CORE_V_PXLS         .EQU 0x7003                      ; visible dy
000815                    M2M$SYS_CORE_H_PLSE         .EQU 0x7004                      ; horizontal pulse
000816                    M2M$SYS_CORE_H_BP           .EQU 0x7005                      ; horizontal back porch
000817                    M2M$SYS_CORE_H_FP           .EQU 0x7006                      ; horizontal front porch
000818                    M2M$SYS_CORE_V_PLSE         .EQU 0x7007                      ; vertical pulse
000819                    M2M$SYS_CORE_V_BP           .EQU 0x7008                      ; vertical back porch
000820                    M2M$SYS_CORE_V_FP           .EQU 0x7009                      ; vertical front porch
000821                    M2M$SYS_CORE_H_FREQ         .EQU 0x700A                      ; horizontal frequency in Hz
000822                    
000823                    ; ----------------------------------------------------------------------------
000824                    ; Static Shell configuration data (config.vhd): Selectors and addresses
000825                    ; ----------------------------------------------------------------------------
000826                    
000827                    ; Selectors (4k windows)
000828                    
000829                    M2M$CFG_WHS                 .EQU 0x1000                      ; Welcome & Help screens
000830                    M2M$CFG_DIR_START           .EQU 0x0100                      ; Start folder for file browser
000831                    M2M$CFG_CFG_FILE            .EQU 0x0101                      ; Config file for OSM persistence
000832                    M2M$CFG_GENERAL             .EQU 0x0110                      ; General configuration settings
000833                    M2M$CFG_CORENAME            .EQU 0x0200                      ; String: name and version of core
000834                    
000835                    M2M$CFG_OPTM_ITEMS          .EQU 0x0300 ; "Help" menu / Options menu items
000836                    M2M$CFG_OPTM_GROUPS         .EQU 0x0301                      ; Menu groups
000837                    M2M$CFG_OPTM_STDSEL         .EQU 0x0302                      ; Menu items that are selected by default
000838                    M2M$CFG_OPTM_LINES          .EQU 0x0303                      ; Separator lines
000839                    M2M$CFG_OPTM_START          .EQU 0x0304                      ; Position of very first cursor pos
000840                    M2M$CFG_OPTM_ICOUNT         .EQU 0x0305                      ; Amount of menu items
000841                    M2M$CFG_OPTM_MOUNT          .EQU 0x0306                      ; Menu item = mount a drive
000842                    M2M$CFG_OPTM_SINGLE         .EQU 0x0307                      ; Single-select menu item
000843                    M2M$CFG_OPTM_MSTR           .EQU 0x0308                      ; Mount string to display instead of %s
000844                    M2M$CFG_OPTM_DIM            .EQU 0x0309                      ; DX and DY of Options/Help menu
000845                    M2M$CFG_OPTM_SSTR           .EQU 0x030A                      ; Saving string to display instead of %s
000846                    M2M$CFG_OPTM_HELP           .EQU 0x0310                      ; Menu item = show a help menu
000847                    M2M$CFG_OPTM_CRTROM         .EQU 0x0311                      ; Menu item = manually load CRT/ROM
000848                    M2M$CFG_OPTM_CRSTR          .EQU 0x0312                      ; CRT/ROM load str. to show instead of %s
000849                    
000850                    ; M2M$CFG_WHS
000851                    
000852                    M2M$WHS_PAGES               .EQU 0x7FFF                      ; Amount of pages in current WHS element
000853                    M2M$WHS_WELCOME             .EQU 0x0000                      ; WHS array element: Welcome page
000854                    M2M$WHS_HELP_INDEX          .EQU 0x0001                      ; WHS array: Help pages start with index 1
000855                    M2M$WHS_HELP_NEXT           .EQU 0x0100                      ; WHS array element: Next help structure
000856                    M2M$WHS_PAGE_NEXT           .EQU 0x0001                      ; WHS array element: Next page / prev page
000857                    
000858                    ; M2M$CFG_OPTM_DIM: Addresses
000859                    
000860                    M2M$SHELL_O_DX              .EQU 0x7000                      ; Width of Help/Options menu
000861                    M2M$SHELL_O_DY              .EQU 0x7001                      ; Height of Help/Options menu
000862                    
000863                    ; M2M$CFG_GENERAL Addresses
000864                    
000865                    M2M$CFG_RP_COUNTER          .EQU 0x7001 ; keep reset for a "QNICE loop while"
000866                    M2M$CFG_RP_PAUSE            .EQU 0x7002                      ; pause core when any OSD opens
000867                    M2M$CFG_RP_WELCOME          .EQU 0x7003                      ; show the welcome screen in general
000868                    M2M$CFG_RP_WLCM_RST         .EQU 0x7004                      ; show welcome screen after reset
000869                    M2M$CFG_RP_KB_RST           .EQU 0x7005                      ; connect the keyboard at reset
000870                    M2M$CFG_RP_J1_RST           .EQU 0x7006                      ; connect the joystick 1 at reset
000871                    M2M$CFG_RP_J2_RST           .EQU 0x7007                      ; connect the joystick 2 at reset
000872                    M2M$CFG_RP_KB_OSD           .EQU 0x7008                      ; connect the keyboard at OSD
000873                    M2M$CFG_RP_J1_OSD           .EQU 0x7009                      ; connect the joystick 1 at OSD
000874                    M2M$CFG_RP_J2_OSD           .EQU 0x700A                      ; connect the joystick 2 at OSD
000875                    
000876                    M2M$CFG_ASCAL_USAGE         .EQU 0x700B                      ; firmware treatment of ascal mode
000877                    M2M$CFG_ASCAL_MODE          .EQU 0x700C                      ; hardcoded ascal mode, if applicable
000878                    
000879                    M2M$CFG_VD_AT_DELAY         .EQU 0x700D                      ; Anti-Thrashing delay (virtual drives)
000880                    M2M$CFG_VD_ITERSIZE         .EQU 0x700E                      ; Bytes that are saving per flushing-iter.
000881                    
000882                    M2M$CFG_SAVEOSDCFG          .EQU 0x700F                      ; Remember on-screen-menu settings
000883                    
000884                    ; M2M$CFG_ASCAL_USAGE modes
000885                    M2M$CFG_AUSE_CFG            .EQU 0x0000                      ; use ASCAL_MODE from config.vhd
000886                    M2M$CFG_AUSE_CUSTOM         .EQU 0x0001                      ; controlled via custom QNICE assembly
000887                    M2M$CFG_AUSE_AUTO           .EQU 0x0002                      ; auto-sync via M2M$CFG_ASCAL_USAGE
000888                    
000889                    ; ----------------------------------------------------------------------------
000890                    ; Virtual Drives Device for MiSTer "SD" interface (vdrives.vhd)
000891                    ; ----------------------------------------------------------------------------
000892                    
000893                    ; sysinfo addresses (data is configured by the user in globals.vhd)
000894                    VD_NUM                      .EQU 0x7000                      ; amount of virtual drives
000895                    VD_DEVICE                   .EQU 0x7001                      ; address of the vdrives.vhd device
000896                    VD_RAM_BUFFERS              .EQU 0x7100                      ; array of RAM buffers to store dsk images
000897                    VD_BUF_SDDIRECT             .EQU 0xAAAA ; "buffer" value: no RAM buffer, the image
000898                                                ; stays on the SD card and blocks are
000899                                                ; transferred on request (see shell.asm)
000900                    
000901                    ; window selectors for vdrives.vhd
000902                    VD_WIN_CAD                  .EQU 0x0000                      ; control and data registers
000903                    VD_WIN_DRV                  .EQU 0x0001                      ; drive 0, next window = drive 1, ...
000904                    
000905                    ; VD_WIN_CAD: control and data registers
000906                    VD_IMG_MOUNT                .EQU 0x7000                      ; image mounted, lowest bit = drive 0
000907                    VD_RO                       .EQU 0x7001                      ; read-only for currently mounted drive
000908                    VD_SIZE_L                   .EQU 0x7002                      ; image file size, low word
000909                    VD_SIZE_H                   .EQU 0x7003                      ; image file size, high word
000910                    VD_TYPE                     .EQU 0x7004                      ; image file type (2-bit value)
000911                    VD_B_ADDR                   .EQU 0x7005                      ; drive buffer: address
000912                    VD_B_DOUT                   .EQU 0x7006                      ; drive buffer: data out (to drive)
000913                    VD_B_WREN                   .EQU 0x7007                      ; drive buffer: write enable (also needs ack)
000914                    VD_VDNUM                    .EQU 0x7008                      ; number of virtual drives
000915                    VD_BLKSZ                    .EQU 0x7009                      ; block size for LBA in bytes
000916                    VD_DRV_MOUNT                .EQU 0x700A                      ; drive mounted, lowest bit = drive 0
000917                    
000918                    ; VD_WIN_DRV (and onwards): virtual drive specific registers
000919                    VD_LBA_L                    .EQU 0x7000                      ; SD LBA low word
000920                    VD_LBA_H                    .EQU 0x7001                      ; SD LBA high word
000921                    VD_BLKCNT                   .EQU 0x7002                      ; SD block count
000922                    VD_BYTES_L                  .EQU 0x7003                      ; SD block address in bytes: low word
000923                    VD_BYTES_H                  .EQU 0x7004                      ; SD block address in bytes: high word
000924                    VD_SIZEB                    .EQU 0x7005                      ; SD block data amount in bytes
000925                    VD_4K_WIN                   .EQU 0x7006                      ; SD block address in 4k win logic: window
000926                    VD_4K_OFFS                  .EQU 0x7007                      ; SD block address in 4k win logic: offset
000927                    VD_RD                       .EQU 0x7008                      ; SD read request
000928                    VD_WR                       .EQU 0x7009                      ; SD write request
000929                    VD_ACK                      .EQU 0x700A                      ; SD acknowledge
000930                    VD_B_DIN                    .EQU 0x700B                      ; drive buffer: data in (from drive)
000931                    VD_CACHE_DIRTY              .EQU 0x700C                      ; cache dirty flag
000932                    VD_CACHE_FLUSHING           .EQU 0x700D                      ; cache flushing flag
000933                    VD_CACHE_FLUSH_ST           .EQU 0x700E                      ; cache flushing can start now
000934                    VD_CACHE_FLUSH_DE           .EQU 0x700F                      ; delay in ms between VD_WR and FLUSH_ST
000935                    
000936                    ; ----------------------------------------------------------------------------
000937                    ; Automatically and manually loadable cartridges and ROMs
000938                    ; ----------------------------------------------------------------------------
000939                    
000940                    ; sysinfo addresses (data is configured by the user in globals.vhd)
000941                    CRTROM_MAN_NUM_A            .EQU 0x7000                      ; amount of manually loadable CRTs/ROMs
000942                    CRTROM_AUT_NUM_A            .EQU 0x7001                      ; amount of automatically loadable ROMs
000943                    CRTROM_MAN_BUFFERS          .EQU 0x7100                      ; array of records: manually loadable
000944                    CRTROM_AUT_BUFFERS          .EQU 0x7200                      ; array of records: automatically loadable
000945                    CRTROM_AUT_FILES            .EQU 0x7300                      ; auto-load filesnames
000946                    
000947                    ; Type of byte streaming device for receiving the CRT/ROM data
000948                    CRTROM_TYPE_DEVICE          .EQU 0x0000                      ; any QNICE compatible device
000949                    CRTROM_TYPE_HYPRAM          .EQU 0x0001                      ; HyperRAM
000950                    CRTROM_TYPE_SDRAM           .EQU 0x0002                      ; @TODO/RESERVED for future R4 boards
000951                    CRTROM_TYPE_MNDTRY          .EQU 0x0003                      ; mandatory ROM
000952                    CTRROM_TYPE_OPTNL           .EQU 0x0004                      ; optional ROM
000953                    
000954                    ; Control and status registers of a CRT/ROM device
000955                    CRTROM_CSR_4KWIN            .EQU 0xFFFF                      ; 4K window in the device addr. space
000956                    
000957                    CRTROM_CSR_STATUS           .EQU 0x7000                      ; QNICE to device: load status (see below)
000958                    CRTROM_CSR_FS_LO            .EQU 0x7001                      ; filesize of CRT/ROM: low word
000959                    CRTROM_CSR_FS_HI            .EQU 0x7002                      ; filesize of CRT/ROM: high word
000960                    CRTROM_CSR_PARSEST          .EQU 0x7010                      ; device to QNICE: parse status
000961                    CRTROM_CSR_PARSEE1          .EQU 0x7011                      ; device to QNICE: error code
000962                    CRTROM_CSR_ADDR_LO          .EQU 0x7012                      ; device to QNICE: load address low word
000963                    CRTROM_CSR_ADDR_HI          .EQU 0x7013                      ; device to QNICE: load address high word
000964                    CRTROM_CSR_ERR_STRT         .EQU 0x7100                      ; device to QNICE: status string
000965                    
000966                    ; QNICE to device: CRT/ROM load status
000967                    CRTROM_CSR_ST_IDLE          .EQU 0x0000                      ; device is initialized, no loading
000968                    CRTROM_CSR_ST_LDNG          .EQU 0x0001                      ; loading takes place
000969                    CRTROM_CSR_ST_ERR           .EQU 0x0002                      ; loading failed
000970                    CRTROM_CSR_ST_OK            .EQU 0x0003                      ; loading successful
000971                    
000972                    ; Device to QNICE: Parsing status
000973                    CRTROM_CSR_PT_IDLE          .EQU 0x0000                      ; parser is idle
000974                    CRTROM_CSR_PT_PRSNG         .EQU 0x0001                      ; parser is parsing
000975                    CRTROM_CSR_PT_OK            .EQU 0x0002                      ; parsing successful
000976                    CRTROM_CSR_PT_ERR           .EQU 0x0003                      ; parsing error
000977                    
000978                    ; ----------------------------------------------------------------------------
000979                    ; Situation and context identifiers for custom messages
000980                    ; ----------------------------------------------------------------------------
000981                    
000982                    CTX_MASK_CTX                .EQU 0xFF00                      ; used to mask out the lower byte
000983                    CTX_MASK_PARAM              .EQU 0x00FF                      ; used to mask out the higher byte
000984                    
000985                    ; Trying to mount a disk or a rom image. The lower byte contains the
000986                    ; core-specific disk or rom image type and core specific code can use this
000987                    ; to filter for the right types and to output context-sensitive messages
000988                    CTX_MOUNT_DISKIMG           .EQU 0x0100                      ; trying to mount a disk image
000989                    CTX_LOAD_ROM                .EQU 0x0200                      ; trying to mount a rom image
000990                    
000991                    ; The filter function returned an empty linked list. This happens when there
000992                    ; is no file that fits the criteria in the root folder and additionally the
000993                    ; root folder has no sub-directory
000994                    CMSG_BROWSENOTHING          .EQU 0x0001
000995                                                .ORG 0x8000
000996  8000  0FB4  FEFF                              MOVE 0xFEFF, R13
000997  8002  0FA0  8665                              MOVE HANDLE_DEV, R8
000998  8004  0FA4  0001                              MOVE 1, R9
000999  8006  FF90  0044                              ASUB f32_mnt_sd, 1
001000  8008  0FA0  8665                              MOVE HANDLE_DEV, R8
001001  800A  0FA4  864C                              MOVE HANDLE_FILE, R9
001002  800C  0FA8  8658                              MOVE STR_FILE, R10
001003  800E  BB2C                                    XOR R11, R11
001004  800F  FF90  0050                              ASUB f32_fopen, 1
001005  8011  0F94  0200                              MOVE 512, R5
001006  8013  0FA0  864C  _W1                         MOVE HANDLE_FILE, R8
001007  8015  FF90  0052                              ASUB f32_fread, 1
001008  8017  3F94  0001                              SUB 1, R5
001009  8019  FFAB  FFF8                              RBRA _W1, !Z
001010                    
001011  801B  0F80  A000                              MOVE NBYTES, R0
001012  801D  0040                                    MOVE @R0, R0
001013  801E  B618                                    XOR R6, R6
001014  801F  0F84  A001                              MOVE VARIANT, R1
001015  8021  0144                                    MOVE @R1, R1
001016  8022  CF84  0000                              CMP 0, R1
001017  8024  FFA3  0016                              RBRA _V0, Z
001018  8026  CF84  0001                              CMP 1, R1
001019  8028  FFA3  0031                              RBRA _V1, Z
001020  802A  CF84  0002                              CMP 2, R1
001021  802C  FFA3  004D                              RBRA _V2, Z
001022  802E  CF84  0003                              CMP 3, R1
001023  8030  FFA3  006B                              RBRA _V3, Z
001024  8032  CF84  0004                              CMP 4, R1
001025  8034  FFA3  007F                              RBRA _V4, Z
001026  8036  CF84  0005                              CMP 5, R1
001027  8038  FFA3  0094                              RBRA _V5, Z
001028  803A  FFA0  00A6                              RBRA _V6, 1
001029                    
001030                    ; ---------- V0: current code
001031  803C  C600        _V0                         CMP R6, R0
001032  803D  FFA3  00E6                              RBRA _DONE, Z
001033  803F  0FA0  864C                              MOVE HANDLE_FILE, R8
001034  8041  FF90  0052                              ASUB f32_fread, 1
001035  8043  0930                                    MOVE R9, R12
001036  8044  0FA0  875F                              MOVE SIM_B_ADDR, R8
001037  8046  0624                                    MOVE R6, R9
001038  8047  FFB0  05E9                              RSUB CAD_WRITE, 1
001039  8049  0FA0  8760                              MOVE SIM_B_DOUT, R8
001040  804B  0C24                                    MOVE R12, R9
001041  804C  FFB0  05E4                              RSUB CAD_WRITE, 1
001042  804E  0FA0  8761                              MOVE SIM_B_WREN, R8
001043  8050  0FA4  0001                              MOVE 1, R9
001044  8052  FFB0  05DE                              RSUB CAD_WRITE, 1
001045  8054  B924                                    XOR R9, R9
001046  8055  FFB0  05DB                              RSUB CAD_WRITE, 1
001047  8057  1F98  0001                              ADD 1, R6
001048  8059  FFA0  FFE1                              RBRA _V0, 1
001049                    
001050                    ; ---------- V1: hoist the device/window selection, inline the 4 writes
001051  805B  0F9C  875C  _V1                         MOVE SIM_RAMROM_DEV, R7          ; select device once
001052  805D  0F88  875E                              MOVE SIM_VDRIVES_DEV, R2
001053  805F  025D                                    MOVE @R2, @R7
001054  8060  0F9C  875D                              MOVE SIM_RAMROM_4KWIN, R7        ; select CAD window once
001055  8062  0F9D  0100                              MOVE 0x0100, @R7
001056  8064  0F88  875F                              MOVE SIM_B_ADDR, R2
001057  8066  0F8C  8760                              MOVE SIM_B_DOUT, R3
001058  8068  0F90  8761                              MOVE SIM_B_WREN, R4
001059  806A  C600        _V1L                        CMP R6, R0
001060  806B  FFA3  00B8                              RBRA _DONE, Z
001061  806D  0FA0  864C                              MOVE HANDLE_FILE, R8
001062  806F  FF90  0052                              ASUB f32_fread, 1
001063  8071  0609                                    MOVE R6, @R2
001064  8072  090D                                    MOVE R9, @R3
001065  8073  0F91  0001                              MOVE 1, @R4
001066  8075  0F91  0000                              MOVE 0, @R4
001067  8077  1F98  0001                              ADD 1, R6
001068  8079  FFA0  FFEF                              RBRA _V1L, 1
001069                    
001070                    ; ---------- V2: SD hardware buffer byte, inlined window writes
001071  807B  0F9C  875C  _V2                         MOVE SIM_RAMROM_DEV, R7
001072  807D  0FA0  875E                              MOVE SIM_VDRIVES_DEV, R8
001073  807F  085D                                    MOVE @R8, @R7
001074  8080  0F9C  875D                              MOVE SIM_RAMROM_4KWIN, R7
001075  8082  0F9D  0100                              MOVE 0x0100, @R7
001076  8084  0F88  875F                              MOVE SIM_B_ADDR, R2
001077  8086  0F8C  8760                              MOVE SIM_B_DOUT, R3
001078  8088  0F90  8761                              MOVE SIM_B_WREN, R4
001079  808A  0FA0  FF22                              MOVE IO$SD_DATA_POS, R8
001080  808C  0FA4  FF23                              MOVE IO$SD_DATA, R9
001081  808E  C600        _V2L                        CMP R6, R0
001082  808F  FFA3  0094                              RBRA _DONE, Z
001083  8091  0621                                    MOVE R6, @R8
001084  8092  0970                                    MOVE @R9, R12
001085  8093  0609                                    MOVE R6, @R2
001086  8094  0C0D                                    MOVE R12, @R3
001087  8095  0F91  0001                              MOVE 1, @R4
001088  8097  0F91  0000                              MOVE 0, @R4
001089  8099  1F98  0001                              ADD 1, R6
001090  809B  FFA0  FFF1                              RBRA _V2L, 1
001091                    
001092                    ; ---------- V3: SD hardware buffer byte + auto-increment push register
001093  809D  0F9C  875C  _V3                         MOVE SIM_RAMROM_DEV, R7
001094  809F  0FA0  875E                              MOVE SIM_VDRIVES_DEV, R8
001095  80A1  085D                                    MOVE @R8, @R7
001096  80A2  0F9C  875D                              MOVE SIM_RAMROM_4KWIN, R7
001097  80A4  0F9D  0100                              MOVE 0x0100, @R7
001098  80A6  0F8C  8763                              MOVE SIM_B_PUSH, R3
001099  80A8  0FA0  FF22                              MOVE IO$SD_DATA_POS, R8
001100  80AA  0FA4  FF23                              MOVE IO$SD_DATA, R9
001101  80AC  C600        _V3L                        CMP R6, R0
001102  80AD  FFA3  0076                              RBRA _DONE, Z
001103  80AF  0621                                    MOVE R6, @R8
001104  80B0  094D                                    MOVE @R9, @R3
001105  80B1  1F98  0001                              ADD 1, R6
001106  80B3  FFA0  FFF7                              RBRA _V3L, 1
001107                    
001108                    ; ---------- V4/V5: the real code from M2M/rom/sdblock.asm
001109                    ; The map is built once (that is the mount time cost, which cancels out
001110                    ; because run.sh differences a 1 block and a 2 block run) and then every
001111                    ; block is one SDB_VD_RDBLK / SDB_VD_WRBLK plus the copy loop.
001112  80B5  FFB0  005A  _V4                         RSUB _VSETUP, 1
001113  80B7  C308        _V4L                        CMP R3, R2
001114  80B8  FFA3  006B                              RBRA _DONE, Z
001115  80BA  FFB0  0062                              RSUB _VPOS, 1                    ; R10/R11: byte position
001116  80BC  B820                                    XOR R8, R8                       ; virtual drive 0
001117  80BD  0FA4  864C                              MOVE HANDLE_FILE, R9
001118  80BF  0FB0  0200                              MOVE 0x0200, R12
001119  80C1  FFB0  0425                              RSUB SDB_VD_RDBLK, 1
001120  80C3  FFAA  004B                              RBRA _VERR, !C
001121  80C5  B820                                    XOR R8, R8
001122  80C6  FFB0  03B6                              RSUB SDB_SD2VD, 1
001123  80C8  FFB0  0452                              RSUB SDB_VD_RDDONE, 1
001124  80CA  1F8C  0001                              ADD 1, R3
001125  80CC  FFA0  FFE9                              RBRA _V4L, 1
001126                    
001127  80CE  FFB0  0041  _V5                         RSUB _VSETUP, 1
001128  80D0  C308        _V5L                        CMP R3, R2
001129  80D1  FFA3  0052                              RBRA _DONE, Z
001130  80D3  FFB0  0049                              RSUB _VPOS, 1
001131  80D5  B820                                    XOR R8, R8
001132  80D6  0FA4  864C                              MOVE HANDLE_FILE, R9
001133  80D8  0FB0  0200                              MOVE 0x0200, R12
001134  80DA  FFB0  0443                              RSUB SDB_VD_WRBLK, 1
001135  80DC  FFAA  0032                              RBRA _VERR, !C
001136  80DE  1F8C  0001                              ADD 1, R3
001137  80E0  FFA0  FFEE                              RBRA _V5L, 1
001138                    
001139                    ; ---------- V6: the current shell.asm write loop, _HDW_SD_LOOP: one
001140                    ; VD_CAD_WRITE plus one VD_DRV_READ plus one f32_fwrite per byte,
001141                    ; and one f32_fflush (an extra SD block write) per block
001142  80E2  0008        _V6                         MOVE R0, R2
001143  80E3  9FB8  FFFB                              AND 0xFFFB, R14
001144  80E5  6F88  0009                              SHR 9, R2                        ; R2: amount of blocks
001145  80E7  B30C                                    XOR R3, R3
001146  80E8  C308        _V6L                        CMP R3, R2
001147  80E9  FFA3  003A                              RBRA _DONE, Z
001148  80EB  0324                                    MOVE R3, R9                      ; VD_SD_SEEK, sequential case
001149  80EC  BA28                                    XOR R10, R10
001150  80ED  FFB0  0127                              RSUB SDB_BLK2B, 1
001151  80EF  0FA0  864C                              MOVE HANDLE_FILE, R8
001152  80F1  FF90  0054                              ASUB f32_fseek, 1
001153  80F3  B618                                    XOR R6, R6
001154  80F4  0FA0  875F  _V6B                        MOVE SIM_B_ADDR, R8              ; address within drive buffer
001155  80F6  0624                                    MOVE R6, R9
001156  80F7  FFB0  0539                              RSUB CAD_WRITE, 1
001157  80F9  0FA0  8762                              MOVE SIM_B_DIN, R8               ; byte from the drive buffer
001158  80FB  FFB0  0542                              RSUB DRV_READ, 1
001159  80FD  0824                                    MOVE R8, R9
001160  80FE  0FA0  864C                              MOVE HANDLE_FILE, R8
001161  8100  FF90  0066                              ASUB f32_fwrite, 1
001162  8102  1F98  0001                              ADD 1, R6
001163  8104  CF98  0200                              CMP 0x0200, R6
001164  8106  FFAB  FFEC                              RBRA _V6B, !Z
001165  8108  0FA0  864C                              MOVE HANDLE_FILE, R8
001166  810A  FF90  0068                              ASUB f32_fflush, 1
001167  810C  1F8C  0001                              ADD 1, R3
001168  810E  FFA0  FFD8                              RBRA _V6L, 1
001169                    
001170  8110  E000        _VERR                       HALT                             ; the map did not work: the
001171                                                ; measurement would be bogus
001172                    
001173                    ; R2: amount of blocks (NBYTES / 512), R3: block counter
001174  8111  0FA0  864C  _VSETUP                     MOVE HANDLE_FILE, R8
001175  8113  0FA4  868A                              MOVE SDB_VD_MAPS, R9
001176  8115  FFB0  01C0                              RSUB SDB_MAP_BUILD, 1
001177  8117  0008                                    MOVE R0, R2
001178  8118  9FB8  FFFB                              AND 0xFFFB, R14
001179  811A  6F88  0009                              SHR 9, R2
001180  811C  B30C                                    XOR R3, R3
001181  811D  0DBC                                    MOVE @R13++, R15
001182                    
001183                    ; R3: block index -> R10/R11: byte position
001184  811E  0324        _VPOS                       MOVE R3, R9
001185  811F  BA28                                    XOR R10, R10
001186  8120  FFB0  00F4                              RSUB SDB_BLK2B, 1
001187  8122  0A2C                                    MOVE R10, R11
001188  8123  0928                                    MOVE R9, R10
001189  8124  0DBC                                    MOVE @R13++, R15
001190                    
001191  8125  E000        _DONE                       HALT
001192                    
001193                    ; ****************************************************************************
001194                    ; MiSTer2MEGA65 (M2M) QNICE ROM
001195                    ;
001196                    ; sdblock.asm: direct 512-byte block access to files on the SD card
001197                    ;
001198                    ; The FAT32 library of the QNICE Monitor only offers a byte-wise API
001199                    ; (f32_fread / f32_fwrite). Every single byte revalidates the cluster and the
001200                    ; sector of the file handle, which costs about 107 instructions per byte, and
001201                    ; f32_fseek walks the cluster chain from the start of the file, which makes a
001202                    ; random access at the far end of a 42 MB image cost seconds.
001203                    ;
001204                    ; This module resolves the on-disk layout of a file *once* into a compact
001205                    ; extent table and can then map "block N of the file" to an absolute SD card
001206                    ; LBA. A block is then one SD$READ_BLOCK plus a tight copy loop out of the
001207                    ; 512-byte buffer of the SD controller.
001208                    ;
001209                    ; ----------------------------------------------------------------------------
001210                    ; THE TWO RULES
001211                    ; ----------------------------------------------------------------------------
001212                    ;
001213                    ; (1) The FAT32 library must never be able to tell that we were here.
001214                    ;
001215                    ; The 512-byte "sector buffer" of the FAT32 library IS the 512-byte
001216                    ; hardware buffer of the SD controller; the device handle only remembers
001217                    ; *which* file handle filled it (FAT32$DEV_BUFFERED_FDH). Every direct
001218                    ; access destroys the library's buffer while the library still believes
001219                    ; it holds a particular sector.
001220                    ;
001221                    ; Earlier versions of this file solved that by pointing
001222                    ; FAT32$DEV_BUFFERED_FDH at a dummy handle, i.e. by reaching into the
001223                    ; library's bookkeeping. That is not done any more. Instead:
001224                    ;
001225                    ; * SDB_GUARD_IN works out, *before* anything is touched, which sector
001226                    ; the library believes is in the buffer and whether that sector can
001227                    ; be read back. If it cannot, the fast path is refused and nothing
001228                    ; is touched at all.
001229                    ; * a dirty buffer is written back through the library first.
001230                    ; * SDB_GUARD_OUT reads that very sector back, so the buffer holds
001231                    ; exactly what it held before.
001232                    ; * SDB_FREAD_FAST, which moves the file position anyway, restores the
001233                    ; library state the library's own way: with an f32_fseek, which
001234                    ; unconditionally re-reads the sector and re-claims ownership.
001235                    ;
001236                    ; The one remaining poke, SDB_ORPHAN, exists only for the case where the
001237                    ; restoring read itself fails, i.e. where the card is already broken. It
001238                    ; is strictly better than leaving the library with a buffer that holds
001239                    ; something else than it thinks.
001240                    ;
001241                    ; (2) Any error anywhere leaves the caller with "nothing happened".
001242                    ;
001243                    ; Every entry point returns Carry=0 on any problem, and the byte-wise
001244                    ; FAT32 path then does all of the work exactly as it did before this
001245                    ; file existed. In particular:
001246                    ;
001247                    ; * an SD card error latches the controller into its error state (see
001248                    ; the IO$SD_CSR description in sysdef.asm: "you need to reset the
001249                    ; controller to go on"), which would make every *subsequent* library
001250                    ; access fail too. SDB_SDERR therefore issues SD$RESET after any
001251                    ; failed SD operation before we hand back control.
001252                    ; * SDB_FREAD_FAST never seeks to the end of the file. It always leaves
001253                    ; at least one whole block to the byte loop, so the file position it
001254                    ; hands over is strictly inside the file and the caller reaches EOF
001255                    ; through the library, the way it always did.
001256                    ; * every seek is verified against FAT32$FDH_ACCESS afterwards.
001257                    ;
001258                    ; ----------------------------------------------------------------------------
001259                    ; Serial logging
001260                    ; ----------------------------------------------------------------------------
001261                    ; The switch is SDB_DEBUG in M2M/rom/sdblock_cfg.asm, which shell.asm includes
001262                    ; as its very first line. It must NOT be defined here: this file is included
001263                    ; at the end of shell.asm, and the C preprocessor runs once from top to
001264                    ; bottom, so a #define here would be invisible to every #ifdef above it.
001265                    ;
001266                    ; This file needs the environment of shell.asm.
001267                    ;
001268                    ; done for the PCXT-EGA-MEGA65 port and licensed under GPL v3
001269                    ; ****************************************************************************
001270                    
001271                    ; ----------------------------------------------------------------------------
001272                    ; Layout of a block map (see SDB_VD_MAPS / SDB_RM_MAP in shell_vars.asm)
001273                    ; ----------------------------------------------------------------------------
001274                    
001275                    ; Maximum amount of extents (runs of physically consecutive clusters) that we
001276                    ; are willing to remember for one file. A freshly copied image file normally
001277                    ; is one single extent. Files that would need more extents than this fall
001278                    ; back to the FAT32 library path.
001279                    SDB_MAX_EXT                 .EQU 8
001280                    
001281                    SDB_M_NEXT                  .EQU 0                           ; amount of valid extents; 0 = no map
001282                    SDB_M_FDH                   .EQU 1                           ; FDH this map was built for
001283                    SDB_M_TBLK_LO               .EQU 2                           ; amount of *whole* 512-byte blocks..
001284                    SDB_M_TBLK_HI               .EQU 3                           ; ..in the file (filesize / 512)
001285                    SDB_M_BAIL                  .EQU 4                           ; why there is no map (SDB_B_*)
001286                    SDB_M_EXT                   .EQU 5                           ; start of the extent array
001287                    
001288                    ; one extent: amount of blocks (lo/hi) and the absolute SD card LBA (lo/hi)
001289                    ; of the first of them
001290                    SDB_E_NBLK_LO               .EQU 0
001291                    SDB_E_NBLK_HI               .EQU 1
001292                    SDB_E_LBA_LO                .EQU 2
001293                    SDB_E_LBA_HI                .EQU 3
001294                    SDB_E_SIZE                  .EQU 4
001295                    
001296                    ; size of one map in words: SDB_M_EXT + SDB_E_SIZE * SDB_MAX_EXT = 5 + 4*8
001297                    ; = 37, rounded up to 40 to leave room
001298                    SDB_M_SIZE                  .EQU 40
001299                    
001300                    ; Amount of virtual drives that SDB_VD_MAPS in shell_vars.asm has room for.
001301                    ; The QNICE assembler cannot evaluate expressions in .BLOCK, so the size of
001302                    ; SDB_VD_MAPS is the literal SDB_M_SIZE * SDB_VD_MAX_N and both have to be
001303                    ; kept in sync by hand. Virtual drives beyond SDB_VD_MAX_N are not broken,
001304                    ; they just always use the (slow) FAT32 library path.
001305                    SDB_VD_MAX_N                .EQU 3
001306                    
001307                    ; Why a map could not be built. Logged, and also readable from SDB_M_BAIL.
001308                    SDB_B_OK                    .EQU 0
001309                    SDB_B_NOMAP                 .EQU 1                           ; no map slot for this drive
001310                    SDB_B_NODEV                 .EQU 2                           ; file handle has no device handle
001311                    SDB_B_NOSPC                 .EQU 3                           ; sectors per cluster is zero
001312                    SDB_B_EMPTY                 .EQU 4                           ; file is shorter than one block
001313                    SDB_B_BADSTART              .EQU 5                           ; start cluster < 2
001314                    SDB_B_FRAG                  .EQU 6                           ; more extents than SDB_MAX_EXT
001315                    SDB_B_FATERR                .EQU 7                           ; could not read a FAT sector
001316                    SDB_B_BADCLUS               .EQU 8                           ; illegal cluster in the chain
001317                    SDB_B_SHORT                 .EQU 9                           ; chain ends before the file does
001318                    SDB_B_LBA                   .EQU 10                          ; LBA arithmetic out of range
001319                    SDB_B_GUARD                 .EQU 11                          ; buffer could not be made restorable
001320                    SDB_B_SEEK                  .EQU 12                          ; restoring seek failed
001321                    
001322                    ; Why one virtual drive block request did or did not take the fast path.
001323                    ; Left in SDB_RD_STAT by SDB_VD_RDBLK / SDB_VD_WRBLK after every request, so
001324                    ; it can be read out even in a build without the serial log.
001325                    SDB_R_OK                    .EQU 0                           ; fast path taken
001326                    SDB_R_SIZE                  .EQU 1                           ; VD_SIZEB is not exactly 512
001327                    SDB_R_ALIGN                 .EQU 2                           ; byte position is not block aligned
001328                    SDB_R_MAP                   .EQU 3                           ; no usable map for this drive/handle
001329                    SDB_R_RANGE                 .EQU 4                           ; block is outside the mapped file
001330                    SDB_R_GUARD                 .EQU 5                           ; buffer could not be made restorable
001331                    SDB_R_SDERR                 .EQU 6                           ; the SD card operation failed
001332                    
001333                    ; end-of-chain marker: everything >= 0x0FFFFFF8 terminates a FAT32 chain,
001334                    ; and everything >= 0x0FFFFFF0 is reserved, so refuse all of it
001335                    SDB_EOC_HI                  .EQU 0x0FFF
001336                    SDB_EOC_LO                  .EQU 0xFFF0
001337                    
001338                    ; ----------------------------------------------------------------------------
001339                    ; Housekeeping
001340                    ; ----------------------------------------------------------------------------
001341                    
001342                    ; SDB_INVAL_ALL
001343                    ; Invalidates all block maps, i.e. everything falls back to the FAT32 library
001344                    ; until the maps are rebuilt. Called from VD_INIT and whenever the SD card
001345                    ; changes. Also clears the two zero-filled helper structures, because the
001346                    ; variables live in uninitialized RAM.
001347                    ;
001348                    ; Input: none
001349                    ; Output: none, all registers unchanged
001350  8126  E0C0        SDB_INVAL_ALL               INCRB
001351  8127  0F80  868A                              MOVE SDB_VD_MAPS, R0
001352  8129  0F84  0003                              MOVE SDB_VD_MAX_N, R1
001353  812B  0F81  0000  _SDBIA_L                    MOVE 0, @R0
001354  812D  1F80  0028                              ADD SDB_M_SIZE, R0
001355  812F  3F84  0001                              SUB 1, R1
001356  8131  FFAB  FFF8                              RBRA _SDBIA_L, !Z
001357  8133  0F80  8702                              MOVE SDB_RM_MAP, R0
001358  8135  0F81  0000                              MOVE 0, @R0
001359  8137  0F80  872A                              MOVE SDB_NULL_MAP, R0
001360  8139  0F81  0000                              MOVE 0, @R0
001361  813B  0F80  8737                              MOVE SDB_G_VAL, R0
001362  813D  0F81  0000                              MOVE 0, @R0
001363                    
001364                                                ; SDB_DUMMY_FDH must read as an all-zero, and therefore never
001365                                                ; dirty, file handle: SDB_ORPHAN hands it to FAT32$FLUSH
001366  813F  0F80  872B                              MOVE SDB_DUMMY_FDH, R0
001367  8141  0F84  000C                              MOVE FAT32$FDH_STRUCT_SIZE, R1
001368  8143  0F82  0000  _SDBIA_L2                   MOVE 0, @R0++
001369  8145  3F84  0001                              SUB 1, R1
001370  8147  FFAB  FFFA                              RBRA _SDBIA_L2, !Z
001371  8149  E100                                    DECRB
001372  814A  0DBC                                    MOVE @R13++, R15
001373                    
001374                    ; SDB_VDMAP
001375                    ; Returns the block map that belongs to a virtual drive. Drives that have no
001376                    ; map (see SDB_VD_MAX_N) get the permanently empty SDB_NULL_MAP, which makes
001377                    ; SDB_CHECK fail and therefore forces the FAT32 library path.
001378                    ;
001379                    ; Input: R8: virtual drive number
001380                    ; Output: R8: pointer to the block map
001381  814B  E0C0        SDB_VDMAP                   INCRB
001382  814C  0800                                    MOVE R8, R0
001383  814D  0F84  0003                              MOVE SDB_VD_MAX_N, R1
001384  814F  C100                                    CMP R1, R0                       ; drive number < maximum?
001385  8150  FFA4  0004                              RBRA _SDBVM_OK, N                ; yes
001386  8152  0FA0  872A                              MOVE SDB_NULL_MAP, R8            ; no: never mapped
001387  8154  FFA0  000C                              RBRA _SDBVM_D, 1
001388  8156  0FA0  868A  _SDBVM_OK                   MOVE SDB_VD_MAPS, R8
001389  8158  CF80  0000  _SDBVM_L                    CMP 0, R0
001390  815A  FFA3  0006                              RBRA _SDBVM_D, Z
001391  815C  1FA0  0028                              ADD SDB_M_SIZE, R8
001392  815E  3F80  0001                              SUB 1, R0
001393  8160  FFA0  FFF6                              RBRA _SDBVM_L, 1
001394  8162  E100        _SDBVM_D                    DECRB
001395  8163  0DBC                                    MOVE @R13++, R15
001396                    
001397                    ; SDB_CHECK
001398                    ; Is the given map valid and does it belong to the given file handle?
001399                    ;
001400                    ; Input: R8: pointer to the block map
001401                    ; R9: file handle (FDH)
001402                    ; Output: Carry=1 if the map can be used, all registers unchanged
001403  8164  E0C0        SDB_CHECK                   INCRB
001404  8165  CFA1  0000                              CMP 0, @R8                       ; any extents?
001405  8167  FFA3  000A                              RBRA _SDBC_NO, Z                 ; no: unusable
001406  8169  0800                                    MOVE R8, R0
001407  816A  1F80  0001                              ADD SDB_M_FDH, R0
001408  816C  C064                                    CMP @R0, R9                      ; built for this file handle?
001409  816D  FFAB  0004                              RBRA _SDBC_NO, !Z                ; no: unusable
001410  816F  AFB8  0004                              OR 0x0004, R14                   ; set Carry
001411  8171  FFA0  0002                              RBRA _SDBC_R, 1
001412  8173  9FB8  FFFB  _SDBC_NO                    AND 0xFFFB, R14                  ; clear Carry
001413  8175  E100        _SDBC_R                     DECRB
001414  8176  0DBC                                    MOVE @R13++, R15
001415                    
001416                    ; ----------------------------------------------------------------------------
001417                    ; Every SD card access of the fast path goes through these two wrappers, so
001418                    ; that the time the card itself needs can be measured separately from
001419                    ; everything else, and so that the number of card accesses per virtual drive
001420                    ; request is countable. Without SDB_DEBUG they are a plain call.
001421                    ; ----------------------------------------------------------------------------
001422                    
001423                    ; SDB_SDRD: read one 512-byte block into the SD controller's buffer
001424                    ; Input: R8/R9 = LBA lo/hi
001425                    ; Output: R8 = 0, or the error code
001426  8177              SDB_SDRD                    
001427                    
001428                    
001429                    
001430  8177  FF90  003C                              ASUB sd_r_block, 1
001431                    
001432                    
001433                    
001434  8179  0DBC                                    MOVE @R13++, R15
001435                    
001436                    ; SDB_SDWR: write the SD controller's buffer to one 512-byte block
001437                    ; Input: R8/R9 = LBA lo/hi
001438                    ; Output: R8 = 0, or the error code
001439  817A              SDB_SDWR                    
001440                    
001441                    
001442                    
001443  817A  FF90  003E                              ASUB sd_w_block, 1
001444                    
001445                    
001446                    
001447  817C  0DBC                                    MOVE @R13++, R15
001448                    ; SDB_SDERR
001449                    ; Called after a failed SD card operation. The controller latches its error
001450                    ; state and refuses everything until it is reset, which would turn our
001451                    ; problem into a fatal error in the *next* FAT32 library call. Reset it, so
001452                    ; that the fallback path starts from a clean controller.
001453                    ;
001454                    ; Input: R8: the error code (only used for logging)
001455                    ; Output: none, R8 unchanged
001456  817D  E0C0        SDB_SDERR                   INCRB
001457  817E  0800                                    MOVE R8, R0
001458                    
001459                    
001460                    
001461                    
001462                    
001463                    
001464                    
001465  817F  FF90  003A                              ASUB sd_reset, 1
001466  8181  0020                                    MOVE R0, R8
001467  8182  E100                                    DECRB
001468  8183  0DBC                                    MOVE @R13++, R15
001469                    
001470                    ; ----------------------------------------------------------------------------
001471                    ; Guarding the FAT32 library's sector buffer
001472                    ; ----------------------------------------------------------------------------
001473                    
001474                    ; SDB_GUARD_IN
001475                    ; Prepares for direct SD card access. Writes the FAT32 library's sector
001476                    ; buffer back first if it is dirty, and notes whether a real file handle
001477                    ; currently claims the buffer, so that SDB_GUARD_OUT can tell that handle
001478                    ; afterwards that the contents are no longer what it thinks. Refuses
001479                    ; (Carry=0) without touching anything if the write-back fails.
001480                    ;
001481                    ; This used to remember the sector's LBA and read it back in
001482                    ; SDB_GUARD_OUT. That was a second SD card access per virtual drive request,
001483                    ; about 1.5 ms of hardware time out of 3.4 ms, for something that the
001484                    ; library's own re-read mechanism does for free. It also could only ever
001485                    ; satisfy one of the two device handles that share the one hardware buffer,
001486                    ; whereas marking tells both.
001487                    ;
001488                    ; Input: none
001489                    ; Output: Carry=1: direct access is allowed
001490                    ; Carry=0: do not touch the SD card, nothing has been touched
001491                    ; all registers unchanged
001492  8184  FF90  005E  SDB_GUARD_IN                ASUB enter, 1
001493                    
001494  8186  0FA0  8737                              MOVE SDB_G_VAL, R8               ; nobody to tell yet
001495  8188  0FA1  0000                              MOVE 0, @R8
001496                    
001497  818A  0FA0  8665                              MOVE HANDLE_DEV, R8              ; who claims the buffer?
001498  818C  FFB0  0027                              RSUB _SDB_OWNER, 1
001499  818E  FFA2  0008                              RBRA _SDBGI_HAVE, C
001500  8190  0FA0  8677                              MOVE CONFIG_DEVH, R8
001501  8192  FFB0  0021                              RSUB _SDB_OWNER, 1
001502  8194  FFA2  0002                              RBRA _SDBGI_HAVE, C
001503  8196  FFA0  0014                              RBRA _SDBGI_OK, 1                ; nobody: nothing to do
001504                    
001505                                                ; R8: device handle, R9: owning FDH
001506  8198  0904        _SDBGI_HAVE                 MOVE R9, R1
001507                    
001508  8199  0120                                    MOVE R1, R8                      ; dirty? then write it back
001509  819A  1FA0  000B                              ADD FAT32$FDH_FLAGS, R8
001510  819C  0860                                    MOVE @R8, R8
001511  819D  9FA0  0001                              AND FAT32$FDHF_DIRTY, R8
001512  819F  FFA3  0007                              RBRA _SDBGI_CLEAN, Z
001513  81A1  0120                                    MOVE R1, R8
001514  81A2  FF90  0068                              ASUB f32_fflush, 1
001515  81A4  CFA4  0000                              CMP 0, R9
001516  81A6  FFAB  0008                              RBRA _SDBGI_NO, !Z               ; cannot write back: refuse
001517                    
001518  81A8  0FA0  8737  _SDBGI_CLEAN                MOVE SDB_G_VAL, R8               ; a real handle owns it, so
001519  81AA  0FA1  0001                              MOVE 1, @R8                      ; ..it has to be told later
001520                    
001521  81AC  AFB8  0004  _SDBGI_OK                   OR 0x0004, R14                   ; set Carry
001522  81AE  FFA0  0002                              RBRA _SDBGI_RET, 1
001523  81B0  9FB8  FFFB  _SDBGI_NO                   AND 0xFFFB, R14                  ; clear Carry
001524  81B2  FF90  0060  _SDBGI_RET                  ASUB leave, 1
001525  81B4  0DBC                                    MOVE @R13++, R15
001526                    
001527                    ; Input: R8: device handle
001528                    ; Output: Carry=1 and R9 = the FDH that claims the buffer, R8 unchanged
001529                    ;
001530                    ; SDB_DUMMY_FDH is our own "the contents are unknown" marker and must not be
001531                    ; reported as an owner: otherwise the request after an orphaned one would try
001532                    ; to write back and mark a handle that is not a real file, and - since the
001533                    ; dummy has cluster 0 - would have been refused outright by the old
001534                    ; restore-based guard.
001535  81B5  E0C0        _SDB_OWNER                  INCRB
001536  81B6  CFA1  0000                              CMP 0, @R8                       ; device handle initialized?
001537  81B8  FFA3  000F                              RBRA _SDB_OWN_NO, Z
001538  81BA  0800                                    MOVE R8, R0
001539  81BB  1F80  0011                              ADD FAT32$DEV_BUFFERED_FDH, R0
001540  81BD  0064                                    MOVE @R0, R9
001541  81BE  FFA3  0009                              RBRA _SDB_OWN_NO, Z              ; nobody claims it
001542  81C0  0F80  872B                              MOVE SDB_DUMMY_FDH, R0
001543  81C2  C024                                    CMP R0, R9                       ; already marked as unknown?
001544  81C3  FFA3  0004                              RBRA _SDB_OWN_NO, Z              ; then there is no owner
001545  81C5  AFB8  0004                              OR 0x0004, R14
001546  81C7  FFA0  0002                              RBRA _SDB_OWN_R, 1
001547  81C9  9FB8  FFFB  _SDB_OWN_NO                 AND 0xFFFB, R14
001548  81CB  E100        _SDB_OWN_R                  DECRB
001549  81CC  0DBC                                    MOVE @R13++, R15
001550                    
001551                    ; SDB_GUARD_OUT
001552                    ; The direct access is done and the hardware buffer now holds our block. Tell
001553                    ; whoever claimed it that its contents are unknown, so that the FAT32 library
001554                    ; re-reads instead of trusting it.
001555                    ;
001556                    ; Input: none
001557                    ; Output: none, all registers unchanged
001558  81CD  FF90  005E  SDB_GUARD_OUT               ASUB enter, 1
001559  81CF  0FA0  8737                              MOVE SDB_G_VAL, R8
001560  81D1  CFA1  0000                              CMP 0, @R8
001561  81D3  FFA3  0004                              RBRA _SDBGO_RET, Z               ; nobody had claimed it
001562  81D5  0FA1  0000                              MOVE 0, @R8
001563  81D7  FFB0  000A                              RSUB SDB_ORPHAN, 1
001564  81D9  FF90  0060  _SDBGO_RET                  ASUB leave, 1
001565  81DB  0DBC                                    MOVE @R13++, R15
001566                    
001567                    ; SDB_GUARD_CLR
001568                    ; The library has been put back by other means - SDB_FREAD_FAST finishes with
001569                    ; an f32_fseek, which re-reads the sector and re-claims ownership itself - so
001570                    ; there is nothing left to mark.
001571                    ;
001572                    ; Input: none
001573                    ; Output: none, all registers unchanged
001574  81DC  E0C0        SDB_GUARD_CLR               INCRB
001575  81DD  0F80  8737                              MOVE SDB_G_VAL, R0
001576  81DF  0F81  0000                              MOVE 0, @R0
001577  81E1  E100                                    DECRB
001578  81E2  0DBC                                    MOVE @R13++, R15
001579                    
001580                    ; SDB_ORPHAN
001581                    ; Tells both device handles that the contents of the 512-byte hardware buffer
001582                    ; are unknown, so that the library re-reads rather than serving something we
001583                    ; overwrote. This is the same mechanism the library uses on itself: READ_FDH
001584                    ; compares FAT32$DEV_BUFFERED_FDH with the handle it was called for and
001585                    ; re-reads through FAT32$RW_SIC whenever they differ.
001586                    ;
001587                    ; "Unknown" is expressed by handing the buffer to SDB_DUMMY_FDH, an all-zero
001588                    ; and therefore never dirty file handle, and not by the obvious 0: FAT32$FLUSH
001589                    ; returns immediately when called with R8 = 0 and then leaves R9 - its error
001590                    ; code - untouched, and FAT32$FILE_SEEK checks that stale R9 right after
001591                    ; calling it, so a seek would silently do nothing.
001592                    ;
001593                    ; Note what this does NOT do: it issues no SD card access of its own, so it
001594                    ; cannot produce an LBA, and therefore cannot reproduce anything of the shape
001595                    ; that made hardware run 1 fatal (a wild LBA latching the controller's error
001596                    ; state). All of the guards against that - stopping one block short of the
001597                    ; end of a file, verifying FAT32$FDH_ACCESS after every seek, validating every
001598                    ; LBA in SDB_CLULBA, and resetting the controller after a failed access - are
001599                    ; untouched.
001600                    ;
001601                    ; Input: none
001602                    ; Output: none, all registers unchanged
001603  81E3  FF90  005E  SDB_ORPHAN                  ASUB enter, 1
001604                    
001605                    
001606                    
001607                    
001608                    
001609  81E5  0FA0  8665                              MOVE HANDLE_DEV, R8
001610  81E7  FFB0  000B                              RSUB _SDB_ORPH1, 1
001611  81E9  0FA0  8677                              MOVE CONFIG_DEVH, R8
001612  81EB  FFB0  0007                              RSUB _SDB_ORPH1, 1
001613  81ED  0FA0  8737                              MOVE SDB_G_VAL, R8               ; everybody has been told
001614  81EF  0FA1  0000                              MOVE 0, @R8
001615  81F1  FF90  0060                              ASUB leave, 1
001616  81F3  0DBC                                    MOVE @R13++, R15
001617                    
001618  81F4  E0C0        _SDB_ORPH1                  INCRB
001619  81F5  0804                                    MOVE R8, R1
001620  81F6  CFA1  0000                              CMP 0, @R8
001621  81F8  FFA3  0006                              RBRA _SDB_ORPH_R, Z
001622  81FA  0800                                    MOVE R8, R0
001623  81FB  1F80  0011                              ADD FAT32$DEV_BUFFERED_FDH, R0
001624  81FD  0F88  872B                              MOVE SDB_DUMMY_FDH, R2
001625  81FF  0201                                    MOVE R2, @R0
001626  8200  0120        _SDB_ORPH_R                 MOVE R1, R8
001627  8201  E100                                    DECRB
001628  8202  0DBC                                    MOVE @R13++, R15
001629                    
001630                    ; ----------------------------------------------------------------------------
001631                    ; 32-bit helpers
001632                    ; ----------------------------------------------------------------------------
001633                    
001634                    ; SDB_B2BLK
001635                    ; Converts a byte position into a 512-byte block index (unsigned 32 bit).
001636                    ;
001637                    ; Input: R9/R10: byte position lo/hi
001638                    ; Output: R9/R10: block index lo/hi
001639  8203  E0C0        SDB_B2BLK                   INCRB
001640  8204  0A00                                    MOVE R10, R0
001641  8205  9F80  01FF                              AND 0x01FF, R0                   ; bits that move down into..
001642  8207  9FB8  FFFD                              AND 0xFFFD, R14                  ; ..the low word; clear X so..
001643  8209  5F80  0007                              SHL 7, R0                        ; ..SHL shifts in zeros
001644  820B  9FB8  FFFB                              AND 0xFFFB, R14                  ; clear C so SHR shifts in 0
001645  820D  6FA4  0009                              SHR 9, R9
001646  820F  1024                                    ADD R0, R9
001647  8210  9FB8  FFFB                              AND 0xFFFB, R14
001648  8212  6FA8  0009                              SHR 9, R10
001649  8214  E100                                    DECRB
001650  8215  0DBC                                    MOVE @R13++, R15
001651                    
001652                    ; SDB_BLK2B
001653                    ; Converts a 512-byte block index into a byte position (unsigned 32 bit).
001654                    ;
001655                    ; Input: R9/R10: block index lo/hi
001656                    ; Output: R9/R10: byte position lo/hi
001657  8216  E0C0        SDB_BLK2B                   INCRB
001658  8217  0900                                    MOVE R9, R0
001659  8218  9FB8  FFFB                              AND 0xFFFB, R14                  ; clear C so SHR shifts in 0
001660  821A  6F80  0007                              SHR 7, R0                        ; bits that move up into..
001661  821C  9FB8  FFFD                              AND 0xFFFD, R14                  ; ..the high word; clear X
001662  821E  5FA8  0009                              SHL 9, R10
001663  8220  1028                                    ADD R0, R10
001664  8221  9FB8  FFFD                              AND 0xFFFD, R14
001665  8223  5FA4  0009                              SHL 9, R9
001666  8225  E100                                    DECRB
001667  8226  0DBC                                    MOVE @R13++, R15
001668                    
001669                    ; SDB_CLULBA
001670                    ; The absolute SD card LBA of one sector within one cluster, i.e. exactly
001671                    ; what FAT32$RW_SIC computes, with every range check spelled out.
001672                    ;
001673                    ; Input: R8: device handle
001674                    ; R9/R10: cluster lo/hi
001675                    ; R11: sector within the cluster
001676                    ; Output: Carry=1: R9/R10 = LBA lo/hi
001677                    ; Carry=0: the cluster or the sector is out of range
001678                    ; R8, R11 unchanged
001679  8227  E0C0        SDB_CLULBA                  INCRB
001680  8228  0800                                    MOVE R8, R0                      ; R0: device handle
001681  8229  0B04                                    MOVE R11, R1                     ; R1: sector
001682                    
001683  822A  CFA8  0000                              CMP 0, R10                       ; cluster >= 2?
001684  822C  FFAB  0006                              RBRA _SDBCL_C1, !Z
001685  822E  CFA4  0001                              CMP 1, R9
001686  8230  FFA4  0044                              RBRA _SDBCL_NO, N                ; cluster = 0
001687  8232  FFA3  0042                              RBRA _SDBCL_NO, Z                ; cluster = 1
001688  8234  CFA8  0FFF  _SDBCL_C1                   CMP SDB_EOC_HI, R10              ; cluster < 0x0FFFFFF0?
001689  8236  FFAB  0006                              RBRA _SDBCL_C2, !Z
001690  8238  C93E  FFF0                              CMP R9, SDB_EOC_LO
001691  823A  FFA4  003A                              RBRA _SDBCL_NO, N
001692  823C  FFA3  0038                              RBRA _SDBCL_NO, Z
001693  823E  CA3E  0FFF  _SDBCL_C2                   CMP R10, 0x0FFF                  ; and inside 28 bits at all?
001694  8240  FFA4  0034                              RBRA _SDBCL_NO, N
001695                    
001696  8242  0008                                    MOVE R0, R2                      ; R2: sectors per cluster
001697  8243  1F88  000C                              ADD FAT32$DEV_SECT_PER_CLUS, R2
001698  8245  0248                                    MOVE @R2, R2
001699  8246  FFA3  002E                              RBRA _SDBCL_NO, Z
001700  8248  020C                                    MOVE R2, R3
001701  8249  3F8C  0001                              SUB 1, R3
001702  824B  C10C                                    CMP R1, R3                       ; sector inside the cluster?
001703  824C  FFA4  0028                              RBRA _SDBCL_NO, N
001704                    
001705  824E  0920                                    MOVE R9, R8                      ; (cluster - 2) * spc
001706  824F  0A24                                    MOVE R10, R9
001707  8250  3FA0  0002                              SUB 2, R8
001708  8252  4FA4  0000                              SUBC 0, R9
001709  8254  0228                                    MOVE R2, R10
001710  8255  BB2C                                    XOR R11, R11
001711  8256  FF90  0032                              ASUB mulu32, 1                   ; R11|R10|R9|R8 = 64 bit
001712  8258  CFA8  0000                              CMP 0, R10                       ; more than 32 bits?
001713  825A  FFAB  001A                              RBRA _SDBCL_NO, !Z
001714  825C  CFAC  0000                              CMP 0, R11
001715  825E  FFAB  0016                              RBRA _SDBCL_NO, !Z
001716                    
001717  8260  002C                                    MOVE R0, R11                     ; plus cluster_begin_lba
001718  8261  1FAC  000A                              ADD FAT32$DEV_CLUSTER_LO, R11
001719  8263  0BA8                                    MOVE @R11++, R10
001720  8264  0B6C                                    MOVE @R11, R11
001721  8265  1A20                                    ADD R10, R8
001722  8266  2B24                                    ADDC R11, R9
001723  8267  FFA2  000D                              RBRA _SDBCL_NO, C                ; 32-bit overflow
001724  8269  1120                                    ADD R1, R8                       ; plus the sector
001725  826A  2FA4  0000                              ADDC 0, R9
001726  826C  FFA2  0008                              RBRA _SDBCL_NO, C
001727                    
001728  826E  0928                                    MOVE R9, R10                     ; return the LBA in R9/R10
001729  826F  0824                                    MOVE R8, R9
001730  8270  0020                                    MOVE R0, R8
001731  8271  012C                                    MOVE R1, R11
001732  8272  AFB8  0004                              OR 0x0004, R14                   ; set Carry
001733  8274  FFA0  0004                              RBRA _SDBCL_RET, 1
001734  8276  0020        _SDBCL_NO                   MOVE R0, R8
001735  8277  012C                                    MOVE R1, R11
001736  8278  9FB8  FFFB                              AND 0xFFFB, R14                  ; clear Carry
001737  827A  E100        _SDBCL_RET                  DECRB
001738  827B  0DBC                                    MOVE @R13++, R15
001739                    
001740                    ; SDB_LBA
001741                    ; Maps a block index within the file to an absolute SD card LBA.
001742                    ;
001743                    ; Input: R8: pointer to the block map
001744                    ; R9/R10: block index lo/hi
001745                    ; Output: Carry=1: R9/R10 = LBA lo/hi
001746                    ; Carry=0: the block cannot be mapped (use the FAT32 library)
001747                    ; R8 unchanged
001748  827C  E0C0        SDB_LBA                     INCRB
001749  827D  0800                                    MOVE R8, R0                      ; R0: map
001750  827E  0904                                    MOVE R9, R1                      ; R1/R2: remaining block idx
001751  827F  0A08                                    MOVE R10, R2
001752  8280  004C                                    MOVE @R0, R3                     ; R3: amount of extents
001753  8281  FFA3  0037                              RBRA _SDBL_NO, Z
001754                    
001755                                                ; reject anything that is not completely inside the file
001756  8283  0010                                    MOVE R0, R4
001757  8284  1F90  0003                              ADD SDB_M_TBLK_HI, R4
001758  8286  C211                                    CMP R2, @R4
001759  8287  FFA4  0031                              RBRA _SDBL_NO, N                 ; idx_hi > total_hi
001760  8289  FFAB  0008                              RBRA _SDBL_C1, !Z                ; idx_hi < total_hi: inside
001761  828B  0010                                    MOVE R0, R4
001762  828C  1F90  0002                              ADD SDB_M_TBLK_LO, R4
001763  828E  C111                                    CMP R1, @R4
001764  828F  FFA4  0029                              RBRA _SDBL_NO, N                 ; idx_lo > total_lo
001765  8291  FFA3  0027                              RBRA _SDBL_NO, Z                 ; idx_lo = total_lo: outside
001766                    
001767  8293  0010        _SDBL_C1                    MOVE R0, R4
001768  8294  1F90  0005                              ADD SDB_M_EXT, R4                ; R4: current extent
001769  8296  0454        _SDBL_LOOP                  MOVE @R4, R5                     ; R5/R6: blocks in extent
001770  8297  0418                                    MOVE R4, R6
001771  8298  1F98  0001                              ADD SDB_E_NBLK_HI, R6
001772  829A  0658                                    MOVE @R6, R6
001773  829B  C218                                    CMP R2, R6                       ; remainder < extent size?
001774  829C  FFA4  0014                              RBRA _SDBL_NEXT, N               ; rem_hi > ext_hi: no
001775  829E  FFAB  0005                              RBRA _SDBL_HIT, !Z               ; rem_hi < ext_hi: yes
001776  82A0  C114                                    CMP R1, R5
001777  82A1  FFA4  000F                              RBRA _SDBL_NEXT, N               ; rem_lo > ext_lo: no
001778  82A3  FFA3  000D                              RBRA _SDBL_NEXT, Z               ; rem_lo = ext_lo: no
001779                    
001780  82A5  0418        _SDBL_HIT                   MOVE R4, R6
001781  82A6  1F98  0002                              ADD SDB_E_LBA_LO, R6
001782  82A8  06A4                                    MOVE @R6++, R9                   ; R9/R10: LBA of the extent
001783  82A9  0668                                    MOVE @R6, R10
001784  82AA  1124                                    ADD R1, R9                       ; plus the remainder
001785  82AB  2228                                    ADDC R2, R10
001786  82AC  FFA2  000C                              RBRA _SDBL_NO, C                 ; 32-bit overflow
001787  82AE  AFB8  0004                              OR 0x0004, R14                   ; set Carry
001788  82B0  FFA0  000A                              RBRA _SDBL_RET, 1
001789                    
001790  82B2  3504        _SDBL_NEXT                  SUB R5, R1                       ; remainder -= extent size
001791  82B3  4608                                    SUBC R6, R2
001792  82B4  1F90  0004                              ADD SDB_E_SIZE, R4               ; next extent
001793  82B6  3F8C  0001                              SUB 1, R3
001794  82B8  FFAB  FFDC                              RBRA _SDBL_LOOP, !Z
001795  82BA  9FB8  FFFB  _SDBL_NO                    AND 0xFFFB, R14                  ; clear Carry
001796  82BC  E100        _SDBL_RET                   DECRB
001797  82BD  0DBC                                    MOVE @R13++, R15
001798                    
001799                    ; Unsigned 32-bit "A >= B" for two little-endian word pairs in memory.
001800                    ; The answer is returned in the Carry flag and not in N/Z, because MOVE @R13++, R15 is
001801                    ; a MOVE (see sysdef.asm) and a MOVE overwrites N and Z but not the Carry.
001802                    ; Input: R8: pointer to A (lo, hi), R9: pointer to B (lo, hi)
001803                    ; Output: Carry=1 if A >= B, R8 and R9 unchanged
001804  82BE  E0C0        _SDB_GE32                   INCRB
001805  82BF  0800                                    MOVE R8, R0
001806  82C0  0904                                    MOVE R9, R1
001807  82C1  1F80  0001                              ADD 1, R0
001808  82C3  1F84  0001                              ADD 1, R1
001809  82C5  C045                                    CMP @R0, @R1                     ; high words
001810  82C6  FFA4  000B                              RBRA _SDB_G32Y, N                ; A_hi > B_hi
001811  82C8  FFAB  0005                              RBRA _SDB_G32N, !Z               ; A_hi < B_hi
001812  82CA  C865                                    CMP @R8, @R9                     ; low words
001813  82CB  FFA4  0006                              RBRA _SDB_G32Y, N
001814  82CD  FFA3  0004                              RBRA _SDB_G32Y, Z
001815  82CF  9FB8  FFFB  _SDB_G32N                   AND 0xFFFB, R14                  ; clear Carry
001816  82D1  FFA0  0002                              RBRA _SDB_G32R, 1
001817  82D3  AFB8  0004  _SDB_G32Y                   OR 0x0004, R14                   ; set Carry
001818  82D5  E100        _SDB_G32R                   DECRB
001819  82D6  0DBC                                    MOVE @R13++, R15
001820                    
001821                    ; ----------------------------------------------------------------------------
001822                    ; Building the map
001823                    ; ----------------------------------------------------------------------------
001824                    
001825                    ; SDB_MAP_BUILD
001826                    ; Walks the FAT cluster chain of an open file once and stores the result as
001827                    ; an extent table, so that SDB_LBA can map blocks to LBAs afterwards. Costs
001828                    ; one SD card block read per 128 clusters of the file.
001829                    ;
001830                    ; Reads FAT sectors directly and therefore destroys the FAT32 library's
001831                    ; sector buffer, so it guards and restores it (see THE TWO RULES above). It
001832                    ; never modifies the file handle: the file position is the same afterwards.
001833                    ;
001834                    ; Input: R8: file handle (FDH)
001835                    ; R9: pointer to the block map to be filled
001836                    ; Output: none. The map is left invalid (extent count = 0, reason in
001837                    ; SDB_M_BAIL) when the file cannot be described, which makes all
001838                    ; callers fall back silently.
001839  82D7  FF90  005E  SDB_MAP_BUILD               ASUB enter, 1
001840                    
001841  82D9  0800                                    MOVE R8, R0                      ; R0: FDH
001842  82DA  0904                                    MOVE R9, R1                      ; R1: map
001843                    
001844  82DB  0F85  0000                              MOVE 0, @R1                      ; invalid until proven good
001845  82DD  0108                                    MOVE R1, R2
001846  82DE  1F88  0004                              ADD SDB_M_BAIL, R2
001847  82E0  0F89  0001                              MOVE SDB_B_NOMAP, @R2
001848  82E2  0F88  872A                              MOVE SDB_NULL_MAP, R2            ; no real map for this drive?
001849  82E4  C204                                    CMP R2, R1
001850  82E5  FFA3  0100                              RBRA _SDBMB_RET, Z               ; then there is nothing to do
001851                    
001852  82E7  0108                                    MOVE R1, R2
001853  82E8  1F88  0001                              ADD SDB_M_FDH, R2
001854  82EA  0009                                    MOVE R0, @R2                     ; remember the file handle
001855                    
001856  82EB  0FA0  0002                              MOVE SDB_B_NODEV, R8
001857  82ED  FFB0  00FB                              RSUB _SDB_BAIL, 1
001858  82EF  0008                                    MOVE R0, R2
001859  82F0  1F88  0000                              ADD FAT32$FDH_DEVICE, R2
001860  82F2  0248                                    MOVE @R2, R2                     ; R2: device handle
001861  82F3  FFA3  00F2                              RBRA _SDBMB_RET, Z
001862                    
001863  82F5  0FA0  0003                              MOVE SDB_B_NOSPC, R8
001864  82F7  FFB0  00F1                              RSUB _SDB_BAIL, 1
001865  82F9  020C                                    MOVE R2, R3
001866  82FA  1F8C  000C                              ADD FAT32$DEV_SECT_PER_CLUS, R3
001867  82FC  034C                                    MOVE @R3, R3                     ; R3: sectors per cluster
001868  82FD  FFA3  00E8                              RBRA _SDBMB_RET, Z
001869                    
001870                                                ; total amount of whole 512-byte blocks = filesize / 512
001871  82FF  0020                                    MOVE R0, R8
001872  8300  1FA0  0005                              ADD FAT32$FDH_SIZE_LO, R8
001873  8302  0864                                    MOVE @R8, R9
001874  8303  0020                                    MOVE R0, R8
001875  8304  1FA0  0006                              ADD FAT32$FDH_SIZE_HI, R8
001876  8306  0868                                    MOVE @R8, R10
001877  8307  FFB0  FEFA                              RSUB SDB_B2BLK, 1
001878  8309  0120                                    MOVE R1, R8
001879  830A  1FA0  0002                              ADD SDB_M_TBLK_LO, R8
001880  830C  0921                                    MOVE R9, @R8
001881  830D  0120                                    MOVE R1, R8
001882  830E  1FA0  0003                              ADD SDB_M_TBLK_HI, R8
001883  8310  0A21                                    MOVE R10, @R8
001884  8311  0FA0  874F                              MOVE SDB_S_BLEFT, R8             ; blocks still to be mapped
001885  8313  0922                                    MOVE R9, @R8++
001886  8314  0A21                                    MOVE R10, @R8
001887                    
001888                    
001889                    
001890                    
001891                    
001892                    
001893                    
001894  8315  0FA0  0004                              MOVE SDB_B_EMPTY, R8
001895  8317  FFB0  00D1                              RSUB _SDB_BAIL, 1
001896  8319  0FA0  874F                              MOVE SDB_S_BLEFT, R8
001897  831B  CFA1  0000                              CMP 0, @R8
001898  831D  FFAB  0006                              RBRA _SDBMB_C0, !Z
001899  831F  1FA0  0001                              ADD 1, R8
001900  8321  CFA1  0000                              CMP 0, @R8
001901  8323  FFA3  00C2                              RBRA _SDBMB_RET, Z               ; less than one whole block
001902                    
001903                                                ; start cluster of the file
001904  8325  0FA0  0005  _SDBMB_C0                   MOVE SDB_B_BADSTART, R8
001905  8327  FFB0  00C1                              RSUB _SDB_BAIL, 1
001906  8329  0020                                    MOVE R0, R8
001907  832A  1FA0  0009                              ADD FAT32$FDH_START_CLUS_LO, R8
001908  832C  0864                                    MOVE @R8, R9
001909  832D  0020                                    MOVE R0, R8
001910  832E  1FA0  000A                              ADD FAT32$FDH_START_CLUS_HI, R8
001911  8330  0868                                    MOVE @R8, R10
001912  8331  CFA8  0000                              CMP 0, R10                       ; cluster >= 2?
001913  8333  FFAB  0006                              RBRA _SDBMB_C1, !Z
001914  8335  CFA4  0001                              CMP 1, R9
001915  8337  FFA4  00AE                              RBRA _SDBMB_RET, N               ; cluster = 0: unusable
001916  8339  FFA3  00AC                              RBRA _SDBMB_RET, Z               ; cluster = 1: unusable
001917  833B  0FA0  8753  _SDBMB_C1                   MOVE SDB_S_CLU, R8
001918  833D  0922                                    MOVE R9, @R8++
001919  833E  0A21                                    MOVE R10, @R8
001920                    
001921                                                ; from here on the SD controller buffer gets destroyed, so
001922                                                ; make sure we can put it back before touching anything
001923  833F  0FA0  000B                              MOVE SDB_B_GUARD, R8
001924  8341  FFB0  00A7                              RSUB _SDB_BAIL, 1
001925  8343  FFB0  FE3F                              RSUB SDB_GUARD_IN, 1
001926  8345  FFAA  00A0                              RBRA _SDBMB_RET, !C
001927                    
001928  8347  0FA0  875B                              MOVE SDB_S_FCVAL, R8             ; FAT sector cache is empty
001929  8349  0FA1  0000                              MOVE 0, @R8
001930                    
001931  834B  B410                                    XOR R4, R4                       ; R4: amount of extents
001932  834C  0114                                    MOVE R1, R5
001933  834D  1F94  0005                              ADD SDB_M_EXT, R5                ; R5: next extent to write
001934                    
001935                                                ; ---- outer loop: one iteration per extent
001936  834F  0FA0  0006  _SDBMB_EXT                  MOVE SDB_B_FRAG, R8
001937  8351  FFB0  0097                              RSUB _SDB_BAIL, 1
001938  8353  0FA0  0008                              MOVE SDB_MAX_EXT, R8
001939  8355  C420                                    CMP R4, R8                       ; still room for an extent?
001940  8356  FFA4  008D                              RBRA _SDBMB_OUT, N               ; cannot happen
001941  8358  FFA3  008B                              RBRA _SDBMB_OUT, Z               ; no: file is too fragmented
001942                    
001943  835A  0FA0  8753                              MOVE SDB_S_CLU, R8               ; remember the first cluster
001944  835C  0FA4  8755                              MOVE SDB_S_RSTART, R9            ; of this extent
001945  835E  08A6                                    MOVE @R8++, @R9++
001946  835F  0865                                    MOVE @R8, @R9
001947                    
001948  8360  0FA0  8751                              MOVE SDB_S_RBLK, R8              ; blocks in this extent = 0
001949  8362  0FA2  0000                              MOVE 0, @R8++
001950  8364  0FA1  0000                              MOVE 0, @R8
001951                    
001952                                                ; ---- inner loop: follow physically consecutive clusters
001953  8366  0FA0  8751  _SDBMB_RUN                  MOVE SDB_S_RBLK, R8              ; blocks += sectors/cluster
001954  8368  0324                                    MOVE R3, R9
001955  8369  1922                                    ADD R9, @R8++
001956  836A  2FA1  0000                              ADDC 0, @R8
001957                    
001958  836C  0FA0  8751                              MOVE SDB_S_RBLK, R8              ; blocks >= blocks left?
001959  836E  0FA4  874F                              MOVE SDB_S_BLEFT, R9
001960  8370  FFB0  FF4C                              RSUB _SDB_GE32, 1
001961  8372  FFA2  005D                              RBRA _SDBMB_LAST, C              ; yes: this is the last extent
001962                    
001963  8374  0FA0  0007                              MOVE SDB_B_FATERR, R8
001964  8376  FFB0  0072                              RSUB _SDB_BAIL, 1
001965  8378  0FA0  8753                              MOVE SDB_S_CLU, R8               ; next cluster from the FAT
001966  837A  08A4                                    MOVE @R8++, R9
001967  837B  0868                                    MOVE @R8, R10
001968  837C  0220                                    MOVE R2, R8
001969  837D  FFB0  008A                              RSUB SDB_FAT_NEXT, 1
001970  837F  FFAA  0064                              RBRA _SDBMB_OUT, !C              ; read error: no map
001971                    
001972  8381  0FA0  0008                              MOVE SDB_B_BADCLUS, R8
001973  8383  FFB0  0065                              RSUB _SDB_BAIL, 1
001974  8385  CFA8  0000                              CMP 0, R10                       ; free or reserved cluster?
001975  8387  FFAB  0006                              RBRA _SDBMB_N1, !Z
001976  8389  CFA4  0001                              CMP 1, R9
001977  838B  FFA4  0058                              RBRA _SDBMB_OUT, N               ; cluster = 0: unusable
001978  838D  FFA3  0056                              RBRA _SDBMB_OUT, Z               ; cluster = 1: unusable
001979  838F  0FA0  0009  _SDBMB_N1                   MOVE SDB_B_SHORT, R8
001980  8391  FFB0  0057                              RSUB _SDB_BAIL, 1
001981  8393  CFA8  0FFF                              CMP SDB_EOC_HI, R10              ; end of chain?
001982  8395  FFAB  0006                              RBRA _SDBMB_N2, !Z
001983  8397  C93E  FFF0                              CMP R9, SDB_EOC_LO
001984  8399  FFA4  004A                              RBRA _SDBMB_OUT, N               ; chain shorter than the file
001985  839B  FFA3  0048                              RBRA _SDBMB_OUT, Z
001986  839D  0FA0  8757  _SDBMB_N2                   MOVE SDB_S_NEXT, R8
001987  839F  0922                                    MOVE R9, @R8++
001988  83A0  0A21                                    MOVE R10, @R8
001989                    
001990                                                ; physically consecutive? then extend the current run
001991  83A1  0FA0  8753                              MOVE SDB_S_CLU, R8
001992  83A3  08AC                                    MOVE @R8++, R11
001993  83A4  0870                                    MOVE @R8, R12
001994  83A5  1FAC  0001                              ADD 1, R11
001995  83A7  2FB0  0000                              ADDC 0, R12
001996  83A9  CB24                                    CMP R11, R9
001997  83AA  FFAB  0009                              RBRA _SDBMB_BRK, !Z
001998  83AC  CC28                                    CMP R12, R10
001999  83AD  FFAB  0006                              RBRA _SDBMB_BRK, !Z
002000  83AF  0FA0  8753                              MOVE SDB_S_CLU, R8               ; yes: advance and continue
002001  83B1  0922                                    MOVE R9, @R8++
002002  83B2  0A21                                    MOVE R10, @R8
002003  83B3  FFA0  FFB1                              RBRA _SDBMB_RUN, 1
002004                    
002005                                                ; ---- the run ends here, but the file continues
002006  83B5  0FA0  8751  _SDBMB_BRK                  MOVE SDB_S_RBLK, R8              ; extent size = run size
002007  83B7  0898                                    MOVE @R8++, R6
002008  83B8  085C                                    MOVE @R8, R7
002009  83B9  0FA0  000A                              MOVE SDB_B_LBA, R8
002010  83BB  FFB0  002D                              RSUB _SDB_BAIL, 1
002011  83BD  FFB0  0032                              RSUB _SDB_EMIT, 1
002012  83BF  FFAA  0024                              RBRA _SDBMB_OUT, !C
002013  83C1  0FA0  874F                              MOVE SDB_S_BLEFT, R8             ; blocks left -= extent size
002014  83C3  3622                                    SUB R6, @R8++
002015  83C4  4721                                    SUBC R7, @R8
002016  83C5  0FA0  8757                              MOVE SDB_S_NEXT, R8              ; continue with the cluster..
002017  83C7  0FA4  8753                              MOVE SDB_S_CLU, R9               ; ..that broke the run
002018  83C9  08A6                                    MOVE @R8++, @R9++
002019  83CA  0865                                    MOVE @R8, @R9
002020  83CB  1F90  0001                              ADD 1, R4
002021  83CD  1F94  0004                              ADD SDB_E_SIZE, R5
002022  83CF  FFA0  FF7E                              RBRA _SDBMB_EXT, 1
002023                    
002024                                                ; ---- the current run covers the rest of the file
002025  83D1  0FA0  874F  _SDBMB_LAST                 MOVE SDB_S_BLEFT, R8             ; extent size = blocks left
002026  83D3  0898                                    MOVE @R8++, R6
002027  83D4  085C                                    MOVE @R8, R7
002028  83D5  0FA0  000A                              MOVE SDB_B_LBA, R8
002029  83D7  FFB0  0011                              RSUB _SDB_BAIL, 1
002030  83D9  FFB0  0016                              RSUB _SDB_EMIT, 1
002031  83DB  FFAA  0008                              RBRA _SDBMB_OUT, !C
002032  83DD  1F90  0001                              ADD 1, R4
002033  83DF  0405                                    MOVE R4, @R1                     ; map is complete and valid
002034  83E0  0120                                    MOVE R1, R8
002035  83E1  1FA0  0004                              ADD SDB_M_BAIL, R8
002036  83E3  0FA1  0000                              MOVE SDB_B_OK, @R8
002037                    
002038                                                ; ---- put the library's sector buffer back
002039  83E5  FFB0  FDE6  _SDBMB_OUT                  RSUB SDB_GUARD_OUT, 1
002040  83E7              _SDBMB_RET                  
002041                    
002042                    
002043                    
002044                    
002045  83E7  FF90  0060                              ASUB leave, 1
002046  83E9  0DBC                                    MOVE @R13++, R15
002047                    
002048                    ; Stores a bail-out reason in the map, so that the reason survives even
002049                    ; without the serial log. Runs in SDB_MAP_BUILD's own register bank (R1 is
002050                    ; the map there) and must not disturb any register, hence the stack.
002051                    ; Input: R1 = map, R8 = reason. Output: everything unchanged.
002052  83EA  0937        _SDB_BAIL                   MOVE R9, @--R13
002053  83EB  0124                                    MOVE R1, R9
002054  83EC  1FA4  0004                              ADD SDB_M_BAIL, R9
002055  83EE  0825                                    MOVE R8, @R9
002056  83EF  0DA4                                    MOVE @R13++, R9
002057  83F0  0DBC                                    MOVE @R13++, R15
002058                    
002059                    ; Writes one extent: R6/R7 = amount of blocks, SDB_S_RSTART = first cluster,
002060                    ; R5 = destination, R2 = device handle.
002061                    ; Output: Carry=1 if the extent is usable. Clobbers R8..R12, leaves R0..R7.
002062  83F1  0FA0  8755  _SDB_EMIT                   MOVE SDB_S_RSTART, R8
002063  83F3  08A4                                    MOVE @R8++, R9
002064  83F4  0868                                    MOVE @R8, R10
002065  83F5  BB2C                                    XOR R11, R11                     ; sector 0 within the cluster
002066  83F6  0220                                    MOVE R2, R8
002067  83F7  FFB0  FE2E                              RSUB SDB_CLULBA, 1
002068  83F9  FFAA  000D                              RBRA _SDB_EMIT_R, !C             ; Carry is already clear
002069                    
002070  83FB  0520                                    MOVE R5, R8
002071  83FC  0621                                    MOVE R6, @R8
002072  83FD  0520                                    MOVE R5, R8
002073  83FE  1FA0  0001                              ADD SDB_E_NBLK_HI, R8
002074  8400  0721                                    MOVE R7, @R8
002075  8401  0520                                    MOVE R5, R8
002076  8402  1FA0  0002                              ADD SDB_E_LBA_LO, R8
002077  8404  0922                                    MOVE R9, @R8++
002078  8405  0A21                                    MOVE R10, @R8
002079  8406  AFB8  0004                              OR 0x0004, R14                   ; set Carry
002080  8408  0DBC        _SDB_EMIT_R                 MOVE @R13++, R15
002081                    
002082                    ; SDB_FAT_NEXT
002083                    ; Reads the FAT32 chain successor of a cluster. Uses a one entry cache for
002084                    ; the FAT sector, so a run of consecutive clusters costs one SD card block
002085                    ; read per 128 clusters. Expects SDB_GUARD_IN to have been called.
002086                    ;
002087                    ; Input: R8: device handle
002088                    ; R9/R10: cluster lo/hi
002089                    ; Output: Carry=1: R9/R10 = successor cluster lo/hi (28 bit)
002090                    ; Carry=0: the FAT sector could not be read
002091                    ; R8 unchanged
002092  8409  E0C0        SDB_FAT_NEXT                INCRB
002093  840A  0800                                    MOVE R8, R0                      ; R0: device handle
002094  840B  0904                                    MOVE R9, R1                      ; R1: byte offset in sector
002095  840C  9F84  007F                              AND 0x007F, R1                   ; 128 FAT entries per sector
002096  840E  9FB8  FFFD                              AND 0xFFFD, R14                  ; clear X
002097  8410  5F84  0002                              SHL 2, R1                        ; 4 bytes per entry
002098                    
002099                                                ; FAT sector number = cluster / 128
002100  8412  0A08                                    MOVE R10, R2
002101  8413  9F88  007F                              AND 0x007F, R2
002102  8415  9FB8  FFFD                              AND 0xFFFD, R14
002103  8417  5F88  0009                              SHL 9, R2
002104  8419  9FB8  FFFB                              AND 0xFFFB, R14                  ; clear C
002105  841B  6FA4  0007                              SHR 7, R9
002106  841D  1224                                    ADD R2, R9
002107  841E  9FB8  FFFB                              AND 0xFFFB, R14
002108  8420  6FA8  0007                              SHR 7, R10
002109                    
002110  8422  0008                                    MOVE R0, R2                      ; plus the FAT start LBA
002111  8423  1F88  0008                              ADD FAT32$DEV_FAT_LO, R2
002112  8425  028C                                    MOVE @R2++, R3
002113  8426  0248                                    MOVE @R2, R2
002114  8427  1324                                    ADD R3, R9
002115  8428  2228                                    ADDC R2, R10
002116  8429  FFA2  004E                              RBRA _SDB_FN_ERR, C              ; 32-bit overflow
002117                    
002118                                                ; is this sector already in the hardware buffer?
002119  842B  0F88  875B                              MOVE SDB_S_FCVAL, R2
002120  842D  CF89  0000                              CMP 0, @R2
002121  842F  FFA3  000A                              RBRA _SDB_FN_RD, Z
002122  8431  0F88  8759                              MOVE SDB_S_FCLBA, R2
002123  8433  C264                                    CMP @R2, R9
002124  8434  FFAB  0005                              RBRA _SDB_FN_RD, !Z
002125  8436  1F88  0001                              ADD 1, R2
002126  8438  C268                                    CMP @R2, R10
002127  8439  FFA3  0016                              RBRA _SDB_FN_BUF, Z
002128                    
002129  843B  0F88  875B  _SDB_FN_RD                  MOVE SDB_S_FCVAL, R2             ; cache is stale in any case
002130  843D  0F89  0000                              MOVE 0, @R2
002131  843F  0908                                    MOVE R9, R2                      ; R2/R3: remember the LBA
002132  8440  0A0C                                    MOVE R10, R3
002133  8441  0220                                    MOVE R2, R8
002134  8442  0324                                    MOVE R3, R9
002135  8443  FFB0  FD32                              RSUB SDB_SDRD, 1
002136  8445  CFA0  0000                              CMP 0, R8
002137  8447  FFAB  002E                              RBRA _SDB_FN_SDE, !Z
002138  8449  0FA0  8759                              MOVE SDB_S_FCLBA, R8
002139  844B  0222                                    MOVE R2, @R8++
002140  844C  0321                                    MOVE R3, @R8
002141  844D  0FA0  875B                              MOVE SDB_S_FCVAL, R8
002142  844F  0FA1  0001                              MOVE 1, @R8
002143                    
002144                                                ; read the 32-bit little-endian FAT entry. Keep one
002145                                                ; instruction between writing IO$SD_DATA_POS and reading
002146                                                ; IO$SD_DATA, exactly like SD$READ_BYTE does: the buffer is a
002147                                                ; block RAM whose output is registered (see byte_bram.vhd).
002148  8451  0F88  FF22  _SDB_FN_BUF                 MOVE IO$SD_DATA_POS, R2
002149  8453  0F8C  FF23                              MOVE IO$SD_DATA, R3
002150  8455  0110                                    MOVE R1, R4                      ; R4: walking byte offset
002151  8456  0409                                    MOVE R4, @R2
002152  8457  1F90  0001                              ADD 1, R4                        ; spacing, and the next offset
002153  8459  0364                                    MOVE @R3, R9                     ; byte 0
002154  845A  0409                                    MOVE R4, @R2
002155  845B  1F90  0001                              ADD 1, R4
002156  845D  0354                                    MOVE @R3, R5                     ; byte 1
002157  845E  9FB8  FFFD                              AND 0xFFFD, R14
002158  8460  5F94  0008                              SHL 8, R5
002159  8462  1524                                    ADD R5, R9
002160  8463  0409                                    MOVE R4, @R2
002161  8464  1F90  0001                              ADD 1, R4
002162  8466  0368                                    MOVE @R3, R10                    ; byte 2
002163  8467  0409                                    MOVE R4, @R2
002164  8468  1F90  0001                              ADD 1, R4
002165  846A  0354                                    MOVE @R3, R5                     ; byte 3
002166  846B  9FB8  FFFD                              AND 0xFFFD, R14
002167  846D  5F94  0008                              SHL 8, R5
002168  846F  1528                                    ADD R5, R10
002169  8470  9FA8  0FFF                              AND 0x0FFF, R10                  ; FAT32 entries are 28 bit
002170  8472  0020                                    MOVE R0, R8
002171  8473  AFB8  0004                              OR 0x0004, R14                   ; set Carry
002172  8475  FFA0  0005                              RBRA _SDB_FN_RET, 1
002173                    
002174  8477  FFB0  FD04  _SDB_FN_SDE                 RSUB SDB_SDERR, 1
002175  8479  0020        _SDB_FN_ERR                 MOVE R0, R8
002176  847A  9FB8  FFFB                              AND 0xFFFB, R14                  ; clear Carry
002177  847C  E100        _SDB_FN_RET                 DECRB
002178  847D  0DBC                                    MOVE @R13++, R15
002179                    
002180                    ; ----------------------------------------------------------------------------
002181                    ; Block transfers
002182                    ; ----------------------------------------------------------------------------
002183                    
002184                    ; SDB_SD2VD
002185                    ; Copies the 512 bytes in the buffer of the SD controller into the internal
002186                    ; block buffer of a virtual drive. Device and 4k window selection are hoisted
002187                    ; out of the loop, which is what makes this about twenty times faster than
002188                    ; the original per-byte VD_CAD_WRITE sequence.
002189                    ;
002190                    ; Input: R8: virtual drive number (only used for the vdrives device select)
002191                    ; Output: none, all registers unchanged
002192  847E  E0C0        SDB_SD2VD                   INCRB
002193  847F  0F80  FFF4                              MOVE M2M$RAMROM_DEV, R0
002194  8481  0F84  8689                              MOVE VDRIVES_DEVICE, R1
002195  8483  0141                                    MOVE @R1, @R0                    ; select the vdrives device
002196  8484  0F80  FFF5                              MOVE M2M$RAMROM_4KWIN, R0
002197  8486  0F81  0000                              MOVE VD_WIN_CAD, @R0             ; control and data registers
002198                    
002199  8488  0F80  FF22                              MOVE IO$SD_DATA_POS, R0
002200  848A  0F84  FF23                              MOVE IO$SD_DATA, R1
002201  848C  0F88  7005                              MOVE VD_B_ADDR, R2
002202  848E  0F8C  7006                              MOVE VD_B_DOUT, R3
002203  8490  0F90  7007                              MOVE VD_B_WREN, R4
002204  8492  B514                                    XOR R5, R5
002205  8493  0501        _SDB_S2V_L                  MOVE R5, @R0                     ; position in the SD buffer
002206  8494  0509                                    MOVE R5, @R2                     ; address in the drive buffer
002207  8495  014D                                    MOVE @R1, @R3                    ; the byte itself
002208  8496  0F91  0001                              MOVE 1, @R4                      ; strobe write enable
002209  8498  0F91  0000                              MOVE 0, @R4
002210  849A  1F94  0001                              ADD 1, R5
002211  849C  CF94  0200                              CMP 0x0200, R5
002212  849E  FFAB  FFF3                              RBRA _SDB_S2V_L, !Z
002213  84A0  E100                                    DECRB
002214  84A1  0DBC                                    MOVE @R13++, R15
002215                    
002216                    ; SDB_VD2SD
002217                    ; Copies the 512 bytes from the internal block buffer of a virtual drive into
002218                    ; the buffer of the SD controller. The drive buffer address register lives in
002219                    ; the control/data window while the data register lives in the drive window,
002220                    ; so the window selector has to be toggled per byte; the device selection is
002221                    ; still hoisted out of the loop.
002222                    ;
002223                    ; Input: R8: virtual drive number
002224                    ; Output: none, all registers unchanged
002225  84A2  E0C0        SDB_VD2SD                   INCRB
002226  84A3  0F80  FFF4                              MOVE M2M$RAMROM_DEV, R0
002227  84A5  0F84  8689                              MOVE VDRIVES_DEVICE, R1
002228  84A7  0141                                    MOVE @R1, @R0                    ; select the vdrives device
002229                    
002230  84A8  0F80  FFF5                              MOVE M2M$RAMROM_4KWIN, R0        ; R0: window selector
002231  84AA  0F84  0001                              MOVE VD_WIN_DRV, R1
002232  84AC  1804                                    ADD R8, R1                       ; R1: window of this drive
002233  84AD  0F88  FF22                              MOVE IO$SD_DATA_POS, R2
002234  84AF  0F8C  FF23                              MOVE IO$SD_DATA, R3
002235  84B1  0F90  7005                              MOVE VD_B_ADDR, R4
002236  84B3  0F94  700B                              MOVE VD_B_DIN, R5
002237  84B5  B618                                    XOR R6, R6
002238  84B6  0F81  0000  _SDB_V2S_L                  MOVE VD_WIN_CAD, @R0             ; control and data registers
002239  84B8  0611                                    MOVE R6, @R4                     ; address in the drive buffer
002240  84B9  0101                                    MOVE R1, @R0                     ; drive specific registers
002241  84BA  0609                                    MOVE R6, @R2                     ; position in the SD buffer
002242  84BB  054D                                    MOVE @R5, @R3                    ; the byte itself
002243  84BC  1F98  0001                              ADD 1, R6
002244  84BE  CF98  0200                              CMP 0x0200, R6
002245  84C0  FFAB  FFF4                              RBRA _SDB_V2S_L, !Z
002246  84C2  E100                                    DECRB
002247  84C3  0DBC                                    MOVE @R13++, R15
002248                    
002249                    ; SDB_SD2DEV
002250                    ; Copies the 512 bytes in the buffer of the SD controller into an M2M byte
002251                    ; streaming device (a CRT/ROM load target), handling the 4k window boundary.
002252                    ;
002253                    ; Input: R8: target device id
002254                    ; R9: target 4k window
002255                    ; R10: target address within the window (M2M$RAMROM_DATA based)
002256                    ; Output: R9/R10: window and address behind the last written byte
002257                    ; R8 unchanged
002258  84C4  E0C0        SDB_SD2DEV                  INCRB
002259  84C5  0F80  FFF4                              MOVE M2M$RAMROM_DEV, R0
002260  84C7  0801                                    MOVE R8, @R0
002261  84C8  0F80  FFF5                              MOVE M2M$RAMROM_4KWIN, R0        ; R0: window selector
002262  84CA  0901                                    MOVE R9, @R0
002263  84CB  0F84  FF22                              MOVE IO$SD_DATA_POS, R1
002264  84CD  0F88  FF23                              MOVE IO$SD_DATA, R2
002265  84CF  0F8C  7000                              MOVE M2M$RAMROM_DATA, R3
002266  84D1  1F8C  1000                              ADD 0x1000, R3                   ; R3: end of window marker
002267  84D3  B410                                    XOR R4, R4                       ; R4: position in the SD buf
002268  84D4  0F94  0200                              MOVE 0x0200, R5                  ; R5: bytes still to go
002269                                                ; One instruction has to sit between writing IO$SD_DATA_POS
002270                                                ; and reading IO$SD_DATA, exactly like SD$READ_BYTE does: the
002271                                                ; buffer is a block RAM with a registered output, see
002272                                                ; M2M/QNICE/vhdl/byte_bram.vhd. The ADD below is that
002273                                                ; instruction and does useful work at the same time.
002274  84D6  0405        _SDB_S2D_L                  MOVE R4, @R1                     ; position in the SD buffer
002275  84D7  1F90  0001                              ADD 1, R4
002276  84D9  026A                                    MOVE @R2, @R10++                 ; the byte itself
002277  84DA  C328                                    CMP R3, R10                      ; 4k window boundary?
002278  84DB  FFAB  0005                              RBRA _SDB_S2D_1, !Z              ; no
002279  84DD  0FA8  7000                              MOVE M2M$RAMROM_DATA, R10        ; yes: next window
002280  84DF  1FA4  0001                              ADD 1, R9
002281  84E1  0901                                    MOVE R9, @R0
002282  84E2  3F94  0001  _SDB_S2D_1                  SUB 1, R5
002283  84E4  FFAB  FFF0                              RBRA _SDB_S2D_L, !Z
002284  84E6  E100                                    DECRB
002285  84E7  0DBC                                    MOVE @R13++, R15
002286                    
002287                    ; ----------------------------------------------------------------------------
002288                    ; High level entry points
002289                    ; ----------------------------------------------------------------------------
002290                    
002291                    ; SDB_VD_RDBLK
002292                    ; Prepares one virtual drive block read: maps the byte position to an LBA and
002293                    ; reads that block into the buffer of the SD controller. On success the
002294                    ; caller acknowledges sd_rd_i and then calls SDB_SD2VD.
002295                    ;
002296                    ; Input: R8: virtual drive number
002297                    ; R9: file handle of the disk image
002298                    ; R10/R11: byte position within the image, lo/hi
002299                    ; R12: amount of bytes the core asked for
002300                    ; Output: Carry=1: the block is in the buffer of the SD controller
002301                    ; Carry=0: use the FAT32 library path instead
002302                    ; R8 .. R12 unchanged
002303  84E8  E0C0        SDB_VD_RDBLK                INCRB
002304  84E9  0800                                    MOVE R8, R0
002305  84EA  0904                                    MOVE R9, R1
002306  84EB  0A08                                    MOVE R10, R2
002307  84EC  0B0C                                    MOVE R11, R3
002308  84ED  0C10                                    MOVE R12, R4
002309  84EE  FFB0  0068                              RSUB _SDB_PREP, 1                ; R9/R10: LBA
002310  84F0  FFAA  0021                              RBRA _SDB_VRD_NO, !C
002311  84F2  0914                                    MOVE R9, R5                      ; R5/R6: LBA
002312  84F3  0A18                                    MOVE R10, R6
002313  84F4  FFB0  FC8E                              RSUB SDB_GUARD_IN, 1             ; can we put the buffer back?
002314  84F6  FFAA  0017                              RBRA _SDB_VRD_GRD, !C            ; no: nothing was touched
002315  84F8  0520                                    MOVE R5, R8
002316  84F9  0624                                    MOVE R6, R9
002317  84FA  FFB0  FC7B                              RSUB SDB_SDRD, 1
002318  84FC  CFA0  0000                              CMP 0, R8
002319  84FE  FFAB  0005                              RBRA _SDB_VRD_SDE, !Z            ; SD error: try the slow path
002320  8500  0020                                    MOVE R0, R8
002321  8501  AFB8  0004                              OR 0x0004, R14                   ; set Carry
002322  8503  FFA0  0011                              RBRA _SDB_VRD_R, 1
002323  8505  FFB0  FC76  _SDB_VRD_SDE                RSUB SDB_SDERR, 1
002324  8507  FFB0  FCC4                              RSUB SDB_GUARD_OUT, 1
002325  8509  0FA0  873A                              MOVE SDB_RD_STAT, R8
002326  850B  0FA1  0006                              MOVE SDB_R_SDERR, @R8
002327  850D  FFA0  0004                              RBRA _SDB_VRD_NO, 1
002328  850F  0FA0  873A  _SDB_VRD_GRD                MOVE SDB_RD_STAT, R8
002329  8511  0FA1  0005                              MOVE SDB_R_GUARD, @R8
002330  8513  0020        _SDB_VRD_NO                 MOVE R0, R8
002331  8514  9FB8  FFFB                              AND 0xFFFB, R14                  ; clear Carry
002332  8516  0124        _SDB_VRD_R                  MOVE R1, R9
002333  8517  0228                                    MOVE R2, R10
002334  8518  032C                                    MOVE R3, R11
002335  8519  0430                                    MOVE R4, R12
002336  851A  E100                                    DECRB
002337  851B  0DBC                                    MOVE @R13++, R15
002338                    
002339                    ; SDB_VD_RDDONE
002340                    ; Called by HANDLE_DRV_RD after SDB_SD2VD has emptied the buffer: puts the
002341                    ; FAT32 library's sector back into it.
002342                    ;
002343                    ; Input: none
002344                    ; Output: none, all registers unchanged
002345  851C  FFB0  FCAF  SDB_VD_RDDONE               RSUB SDB_GUARD_OUT, 1
002346  851E  0DBC                                    MOVE @R13++, R15
002347                    
002348                    ; SDB_VD_WRBLK
002349                    ; Writes one virtual drive block: maps the byte position to an LBA, copies
002350                    ; the internal block buffer of the drive into the buffer of the SD controller
002351                    ; and writes it. The caller acknowledges sd_wr_i afterwards.
002352                    ;
002353                    ; Input: R8: virtual drive number
002354                    ; R9: file handle of the disk image
002355                    ; R10/R11: byte position within the image, lo/hi
002356                    ; R12: amount of bytes the core wants to write
002357                    ; Output: Carry=1: the block has been written to the SD card
002358                    ; Carry=0: nothing was written, use the FAT32 library path instead
002359                    ; R8 .. R12 unchanged
002360  851F  E0C0        SDB_VD_WRBLK                INCRB
002361  8520  0800                                    MOVE R8, R0
002362  8521  0904                                    MOVE R9, R1
002363  8522  0A08                                    MOVE R10, R2
002364  8523  0B0C                                    MOVE R11, R3
002365  8524  0C10                                    MOVE R12, R4
002366  8525  FFB0  0031                              RSUB _SDB_PREP, 1                ; R9/R10: LBA
002367  8527  FFAA  0026                              RBRA _SDB_VWR_NO, !C
002368  8529  0914                                    MOVE R9, R5                      ; R5/R6: LBA
002369  852A  0A18                                    MOVE R10, R6
002370  852B  FFB0  FC57                              RSUB SDB_GUARD_IN, 1             ; can we put the buffer back?
002371  852D  FFAA  001C                              RBRA _SDB_VWR_GRD, !C            ; no: nothing was touched
002372  852F  0020                                    MOVE R0, R8
002373  8530  FFB0  FF70                              RSUB SDB_VD2SD, 1
002374  8532  0520                                    MOVE R5, R8
002375  8533  0624                                    MOVE R6, R9
002376  8534  FFB0  FC44                              RSUB SDB_SDWR, 1
002377  8536  CFA0  0000                              CMP 0, R8
002378  8538  FFAB  0007                              RBRA _SDB_VWR_SDE, !Z
002379  853A  FFB0  FC91                              RSUB SDB_GUARD_OUT, 1            ; the write is done, restore
002380  853C  0020                                    MOVE R0, R8
002381  853D  AFB8  0004                              OR 0x0004, R14                   ; set Carry
002382  853F  FFA0  0011                              RBRA _SDB_VWR_R, 1
002383  8541  FFB0  FC3A  _SDB_VWR_SDE                RSUB SDB_SDERR, 1                ; SD error: try the slow path
002384  8543  FFB0  FC88                              RSUB SDB_GUARD_OUT, 1
002385  8545  0FA0  873A                              MOVE SDB_RD_STAT, R8
002386  8547  0FA1  0006                              MOVE SDB_R_SDERR, @R8
002387  8549  FFA0  0004                              RBRA _SDB_VWR_NO, 1
002388  854B  0FA0  873A  _SDB_VWR_GRD                MOVE SDB_RD_STAT, R8
002389  854D  0FA1  0005                              MOVE SDB_R_GUARD, @R8
002390  854F  0020        _SDB_VWR_NO                 MOVE R0, R8
002391  8550  9FB8  FFFB                              AND 0xFFFB, R14                  ; clear Carry
002392  8552  0124        _SDB_VWR_R                  MOVE R1, R9
002393  8553  0228                                    MOVE R2, R10
002394  8554  032C                                    MOVE R3, R11
002395  8555  0430                                    MOVE R4, R12
002396  8556  E100                                    DECRB
002397  8557  0DBC                                    MOVE @R13++, R15
002398                    
002399                    ; Common preparation for SDB_VD_RDBLK / SDB_VD_WRBLK. Expects the inputs in
002400                    ; the caller's R0 (drive), R1 (FDH), R2/R3 (byte position) and R4 (amount of
002401                    ; bytes) and returns Carry=1 plus the LBA in R9/R10. Runs in the caller's
002402                    ; register bank on purpose. Touches nothing outside our own variables.
002403  8558  0FAC  873A  _SDB_PREP                   MOVE SDB_RD_STAT, R11
002404  855A  0FAD  0001                              MOVE SDB_R_SIZE, @R11
002405  855C  0FA0  0200                              MOVE 0x0200, R8
002406  855E  C420                                    CMP R4, R8                       ; exactly one block?
002407  855F  FFAB  0026                              RBRA _SDB_PREP_NO, !Z            ; no: let the FAT32 path do
002408  8561  0FAD  0002                              MOVE SDB_R_ALIGN, @R11           ; ..partial/multi blocks
002409  8563  0220                                    MOVE R2, R8
002410  8564  9FA0  01FF                              AND 0x01FF, R8                   ; block aligned?
002411  8566  FFAB  001F                              RBRA _SDB_PREP_NO, !Z            ; no
002412  8568  0FAD  0003                              MOVE SDB_R_MAP, @R11
002413  856A  0020                                    MOVE R0, R8
002414  856B  FFB0  FBDE                              RSUB SDB_VDMAP, 1
002415  856D  0830                                    MOVE R8, R12                     ; R12: map (R11 stays the..
002416  856E  0124                                    MOVE R1, R9                      ; ..status pointer)
002417  856F  FFB0  FBF3                              RSUB SDB_CHECK, 1
002418  8571  FFAA  0014                              RBRA _SDB_PREP_NO, !C
002419  8573  0FAD  0004                              MOVE SDB_R_RANGE, @R11
002420  8575  0224                                    MOVE R2, R9
002421  8576  0328                                    MOVE R3, R10
002422  8577  FFB0  FC8A                              RSUB SDB_B2BLK, 1
002423  8579  0C20                                    MOVE R12, R8
002424  857A  FFB0  FD00                              RSUB SDB_LBA, 1
002425  857C  FFAA  0009                              RBRA _SDB_PREP_NO, !C
002426  857E  0FA0  873B                              MOVE SDB_RD_LBA, R8              ; remember it for the log
002427  8580  0922                                    MOVE R9, @R8++
002428  8581  0A21                                    MOVE R10, @R8
002429  8582  0FAD  0000                              MOVE SDB_R_OK, @R11
002430  8584  AFB8  0004                              OR 0x0004, R14                   ; set Carry
002431  8586  0DBC                                    MOVE @R13++, R15
002432  8587  9FB8  FFFB  _SDB_PREP_NO                AND 0xFFFB, R14                  ; clear Carry
002433  8589  0DBC                                    MOVE @R13++, R15
002434                    
002435                    ; SDB_FREAD_FAST
002436                    ; Streams whole 512-byte blocks of a mapped file directly from the SD card
002437                    ; into an M2M byte streaming device and then positions the file handle right
002438                    ; behind them, so that the caller's byte loop reads the rest as usual.
002439                    ;
002440                    ; It deliberately stops one whole block short of the end of the file, so that
002441                    ; the position it hands over is always strictly inside the file and the
002442                    ; caller reaches EOF through the FAT32 library, exactly as before.
002443                    ;
002444                    ; The final f32_fseek is what restores the library: a seek unconditionally
002445                    ; re-reads the sector into the hardware buffer and re-claims ownership, so
002446                    ; afterwards the library is in a state it produced itself. If anything at all
002447                    ; goes wrong the file position is put back where it was and Carry=0 is
002448                    ; returned, i.e. the caller sees "nothing happened".
002449                    ;
002450                    ; Input: R8: file handle (FDH)
002451                    ; R9: pointer to the block map
002452                    ; R10: target device id
002453                    ; R11: target 4k window
002454                    ; R12: target address within the window
002455                    ; Output: Carry=1: R11/R12 updated, the file position is behind the data
002456                    ; Carry=0: nothing was transferred, the file position is unchanged
002457                    ; and R11/R12 are unchanged
002458  858A  E0C0        SDB_FREAD_FAST              INCRB
002459  858B  0800                                    MOVE R8, R0                      ; R0: FDH
002460  858C  0904                                    MOVE R9, R1                      ; R1: map
002461  858D  0A08                                    MOVE R10, R2                     ; R2: target device
002462  858E  0B0C                                    MOVE R11, R3                     ; R3: target 4k window
002463  858F  0C10                                    MOVE R12, R4                     ; R4: target address
002464                    
002465  8590  0FA0  8738                              MOVE SDB_FF_STAT, R8
002466  8592  0FA1  0001                              MOVE SDB_B_NOMAP, @R8
002467  8594  0FA0  8739                              MOVE SDB_FF_BLKS, R8
002468  8596  0FA1  0000                              MOVE 0, @R8
002469                    
002470  8598  0120                                    MOVE R1, R8
002471  8599  0024                                    MOVE R0, R9
002472  859A  FFB0  FBC8                              RSUB SDB_CHECK, 1
002473  859C  FFAA  0090                              RBRA _SDBFF_NO, !C
002474                    
002475                                                ; only from the very beginning of the file
002476  859E  0020                                    MOVE R0, R8
002477  859F  1FA0  0007                              ADD FAT32$FDH_ACCESS_LO, R8
002478  85A1  CFA1  0000                              CMP 0, @R8
002479  85A3  FFAB  0089                              RBRA _SDBFF_NO, !Z
002480  85A5  0020                                    MOVE R0, R8
002481  85A6  1FA0  0008                              ADD FAT32$FDH_ACCESS_HI, R8
002482  85A8  CFA1  0000                              CMP 0, @R8
002483  85AA  FFAB  0082                              RBRA _SDBFF_NO, !Z
002484                    
002485                                                ; how many whole blocks do we take? Always one less than the
002486                                                ; file has, so that the handover position is strictly inside
002487                                                ; the file and the caller still reaches EOF through the
002488                                                ; library. A CRT/ROM file is never 32 MB or larger, so one
002489                                                ; word of block count is plenty and anything else is refused.
002490  85AC  0120                                    MOVE R1, R8
002491  85AD  1FA0  0003                              ADD SDB_M_TBLK_HI, R8
002492  85AF  CFA1  0000                              CMP 0, @R8
002493  85B1  FFAB  007B                              RBRA _SDBFF_NO, !Z
002494  85B3  0120                                    MOVE R1, R8
002495  85B4  1FA0  0002                              ADD SDB_M_TBLK_LO, R8
002496  85B6  085C                                    MOVE @R8, R7                     ; R7: blocks still to do
002497  85B7  3F9C  0001                              SUB 1, R7
002498  85B9  FFA3  0073                              RBRA _SDBFF_NO, Z                ; a one block file: byte loop
002499  85BB  FFA4  0071                              RBRA _SDBFF_NO, N                ; cannot happen: TBLK was 0
002500                    
002501  85BD  0FA0  8738                              MOVE SDB_FF_STAT, R8
002502  85BF  0FA1  000B                              MOVE SDB_B_GUARD, @R8
002503  85C1  FFB0  FBC1                              RSUB SDB_GUARD_IN, 1             ; nothing touched if it fails
002504  85C3  FFAA  0069                              RBRA _SDBFF_NO, !C
002505                    
002506  85C5  B514                                    XOR R5, R5                       ; R5/R6: block index
002507  85C6  B618                                    XOR R6, R6
002508                    
002509  85C7  CF9C  0000  _SDBFF_LOOP                 CMP 0, R7
002510  85C9  FFA3  0020                              RBRA _SDBFF_DONE, Z
002511  85CB  0120                                    MOVE R1, R8
002512  85CC  0524                                    MOVE R5, R9
002513  85CD  0628                                    MOVE R6, R10
002514  85CE  FFB0  FCAC                              RSUB SDB_LBA, 1
002515  85D0  FFAA  0019                              RBRA _SDBFF_DONE, !C
002516                    
002517                    
002518                    
002519                    
002520  85D2  0920                                    MOVE R9, R8
002521  85D3  0A24                                    MOVE R10, R9
002522  85D4  FFB0  FBA1                              RSUB SDB_SDRD, 1
002523  85D6  CFA0  0000                              CMP 0, R8
002524  85D8  FFAB  000F                              RBRA _SDBFF_SDE, !Z              ; SD error: stop here
002525  85DA  0220                                    MOVE R2, R8
002526  85DB  0324                                    MOVE R3, R9
002527  85DC  0428                                    MOVE R4, R10
002528  85DD  FFB0  FEE5                              RSUB SDB_SD2DEV, 1
002529  85DF  090C                                    MOVE R9, R3
002530  85E0  0A10                                    MOVE R10, R4
002531  85E1  1F94  0001                              ADD 1, R5
002532  85E3  2F98  0000                              ADDC 0, R6
002533  85E5  3F9C  0001                              SUB 1, R7
002534  85E7  FFA0  FFDE                              RBRA _SDBFF_LOOP, 1
002535                    
002536  85E9  FFB0  FB92  _SDBFF_SDE                  RSUB SDB_SDERR, 1
002537                    
002538                                                ; the hardware buffer is ours now; whatever we do next, the
002539                                                ; library has to be put back. A seek does that properly.
002540  85EB  0FA0  8739  _SDBFF_DONE                 MOVE SDB_FF_BLKS, R8
002541  85ED  0521                                    MOVE R5, @R8
002542  85EE  CF94  0000                              CMP 0, R5                        ; anything transferred?
002543  85F0  FFAB  0004                              RBRA _SDBFF_SEEK, !Z
002544  85F2  CF98  0000                              CMP 0, R6
002545  85F4  FFA3  0029                              RBRA _SDBFF_REW, Z               ; no: just put it back
002546                    
002547  85F6  0FA0  8738  _SDBFF_SEEK                 MOVE SDB_FF_STAT, R8
002548  85F8  0FA1  000C                              MOVE SDB_B_SEEK, @R8
002549  85FA  0524                                    MOVE R5, R9                      ; file position = blocks * 512
002550  85FB  0628                                    MOVE R6, R10
002551  85FC  FFB0  FC18                              RSUB SDB_BLK2B, 1
002552  85FE  092C                                    MOVE R9, R11                     ; R11/R12: expected position
002553  85FF  0A30                                    MOVE R10, R12
002554  8600  0020                                    MOVE R0, R8
002555  8601  FF90  0054                              ASUB f32_fseek, 1
002556  8603  CFA4  0000                              CMP 0, R9                        ; seek reported success?
002557  8605  FFAB  0018                              RBRA _SDBFF_REW, !Z
002558  8607  0020                                    MOVE R0, R8                      ; ..and actually got there?
002559  8608  1FA0  0007                              ADD FAT32$FDH_ACCESS_LO, R8
002560  860A  C86C                                    CMP @R8, R11
002561  860B  FFAB  0012                              RBRA _SDBFF_REW, !Z
002562  860D  0020                                    MOVE R0, R8
002563  860E  1FA0  0008                              ADD FAT32$FDH_ACCESS_HI, R8
002564  8610  C870                                    CMP @R8, R12
002565  8611  FFAB  000C                              RBRA _SDBFF_REW, !Z
002566                    
002567  8613  0FA0  8738                              MOVE SDB_FF_STAT, R8
002568  8615  0FA1  0000                              MOVE SDB_B_OK, @R8
002569  8617  FFB0  FBC3                              RSUB SDB_GUARD_CLR, 1            ; the seek put the library..
002570  8619  032C                                    MOVE R3, R11                     ; ..back, nobody to tell
002571  861A  0430                                    MOVE R4, R12
002572  861B  AFB8  0004                              OR 0x0004, R14                   ; set Carry
002573  861D  FFA0  0011                              RBRA _SDBFF_RET, 1
002574                    
002575                                                ; Put the file back to the start and report "nothing done".
002576                                                ; The caller has not seen the updated target pointers, so it
002577                                                ; simply overwrites whatever we already transferred. The seek
002578                                                ; also restores the library's sector buffer; if even that
002579                                                ; fails, the buffer is marked unknown.
002580  861F  0020        _SDBFF_REW                  MOVE R0, R8
002581  8620  B924                                    XOR R9, R9
002582  8621  BA28                                    XOR R10, R10
002583  8622  FF90  0054                              ASUB f32_fseek, 1
002584  8624  CFA4  0000                              CMP 0, R9
002585  8626  FFAB  0004                              RBRA _SDBFF_RW1, !Z
002586  8628  FFB0  FBB2                              RSUB SDB_GUARD_CLR, 1            ; the rewind put it back
002587  862A  FFA0  0002                              RBRA _SDBFF_NO, 1
002588  862C  FFB0  FBB5  _SDBFF_RW1                  RSUB SDB_ORPHAN, 1               ; not even that worked
002589                    
002590  862E  9FB8  FFFB  _SDBFF_NO                   AND 0xFFFB, R14                  ; clear Carry
002591  8630              _SDBFF_RET                  
002592  8630  E100                                    DECRB
002593  8631  0DBC                                    MOVE @R13++, R15
002594                    
002595                    ; ----------------------------------------------------------------------------
002596                    ; Serial logging (only assembled when SDB_DEBUG is defined at the top)
002597                    ; ----------------------------------------------------------------------------
002598                    
002599  8632  E0C0        CAD_WRITE                   INCRB
002600  8633  0F80  875C                              MOVE SIM_RAMROM_DEV, R0
002601  8635  0F84  875E                              MOVE SIM_VDRIVES_DEV, R1
002602  8637  0141                                    MOVE @R1, @R0
002603  8638  0F80  875D                              MOVE SIM_RAMROM_4KWIN, R0
002604  863A  0F81  0100                              MOVE 0x0100, @R0
002605  863C  0921                                    MOVE R9, @R8
002606  863D  E100                                    DECRB
002607  863E  0DBC                                    MOVE @R13++, R15
002608                    
002609                    ; replica of M2M/rom/vdrives.asm VD_DRV_READ for virtual drive 0
002610  863F  E0C0        DRV_READ                    INCRB
002611  8640  0F80  875C                              MOVE SIM_RAMROM_DEV, R0
002612  8642  0F84  875E                              MOVE SIM_VDRIVES_DEV, R1
002613  8644  0141                                    MOVE @R1, @R0
002614  8645  0F80  875D                              MOVE SIM_RAMROM_4KWIN, R0
002615  8647  0F81  0101                              MOVE 0x0101, @R0
002616  8649  0860                                    MOVE @R8, R8
002617  864A  E100                                    DECRB
002618  864B  0DBC                                    MOVE @R13++, R15
002619                    
002620  864C  0000        HANDLE_FILE                 .BLOCK FAT32$FDH_STRUCT_SIZE
        864D  0000
        864E  0000
        864F  0000
        8650  0000
        8651  0000
        8652  0000
        8653  0000
        8654  0000
        8655  0000
        8656  0000
        8657  0000
002621  8658  002F        STR_FILE                    .ASCII_W "/freedos.vhd"
        8659  0066
        865A  0072
        865B  0065
        865C  0065
        865D  0064
        865E  006F
        865F  0073
        8660  002E
        8661  0076
        8662  0068
        8663  0064
        8664  0000
002622                    ; The part of the shell.asm environment that M2M/rom/sdblock.asm refers to.
002623                    ; Same names, same sizes and same semantics as in M2M/rom/shell_vars.asm, so
002624                    ; that the bench runs the REAL firmware code and not a copy of it.
002625                    ;
002626                    ; Include this *after* the code, it only contains data.
002627                    
002628  8665  0000        HANDLE_DEV                  .BLOCK FAT32$DEV_STRUCT_SIZE
        8666  0000
        8667  0000
        8668  0000
        8669  0000
        866A  0000
        866B  0000
        866C  0000
        866D  0000
        866E  0000
        866F  0000
        8670  0000
        8671  0000
        8672  0000
        8673  0000
        8674  0000
        8675  0000
        8676  0000
002629  8677  0000        CONFIG_DEVH                 .BLOCK FAT32$DEV_STRUCT_SIZE     ; stays zero: no config file
        8678  0000
        8679  0000
        867A  0000
        867B  0000
        867C  0000
        867D  0000
        867E  0000
        867F  0000
        8680  0000
        8681  0000
        8682  0000
        8683  0000
        8684  0000
        8685  0000
        8686  0000
        8687  0000
        8688  0000
002630  8689  0102        VDRIVES_DEVICE              .DW 0x0102                       ; device id of vdrives.vhd
002631                    
002632  868A  0000        SDB_VD_MAPS                 .BLOCK 120                       ; SDB_M_SIZE * SDB_VD_MAX_N
        868B  0000
        868C  0000
        868D  0000
        868E  0000
        868F  0000
        8690  0000
        8691  0000
        8692  0000
        8693  0000
        8694  0000
        8695  0000
        8696  0000
        8697  0000
        8698  0000
        8699  0000
        869A  0000
        869B  0000
        869C  0000
        869D  0000
        869E  0000
        869F  0000
        86A0  0000
        86A1  0000
        86A2  0000
        86A3  0000
        86A4  0000
        86A5  0000
        86A6  0000
        86A7  0000
        86A8  0000
        86A9  0000
        86AA  0000
        86AB  0000
        86AC  0000
        86AD  0000
        86AE  0000
        86AF  0000
        86B0  0000
        86B1  0000
        86B2  0000
        86B3  0000
        86B4  0000
        86B5  0000
        86B6  0000
        86B7  0000
        86B8  0000
        86B9  0000
        86BA  0000
        86BB  0000
        86BC  0000
        86BD  0000
        86BE  0000
        86BF  0000
        86C0  0000
        86C1  0000
        86C2  0000
        86C3  0000
        86C4  0000
        86C5  0000
        86C6  0000
        86C7  0000
        86C8  0000
        86C9  0000
        86CA  0000
        86CB  0000
        86CC  0000
        86CD  0000
        86CE  0000
        86CF  0000
        86D0  0000
        86D1  0000
        86D2  0000
        86D3  0000
        86D4  0000
        86D5  0000
        86D6  0000
        86D7  0000
        86D8  0000
        86D9  0000
        86DA  0000
        86DB  0000
        86DC  0000
        86DD  0000
        86DE  0000
        86DF  0000
        86E0  0000
        86E1  0000
        86E2  0000
        86E3  0000
        86E4  0000
        86E5  0000
        86E6  0000
        86E7  0000
        86E8  0000
        86E9  0000
        86EA  0000
        86EB  0000
        86EC  0000
        86ED  0000
        86EE  0000
        86EF  0000
        86F0  0000
        86F1  0000
        86F2  0000
        86F3  0000
        86F4  0000
        86F5  0000
        86F6  0000
        86F7  0000
        86F8  0000
        86F9  0000
        86FA  0000
        86FB  0000
        86FC  0000
        86FD  0000
        86FE  0000
        86FF  0000
        8700  0000
        8701  0000
002633  8702  0000        SDB_RM_MAP                  .BLOCK 40                        ; SDB_M_SIZE
        8703  0000
        8704  0000
        8705  0000
        8706  0000
        8707  0000
        8708  0000
        8709  0000
        870A  0000
        870B  0000
        870C  0000
        870D  0000
        870E  0000
        870F  0000
        8710  0000
        8711  0000
        8712  0000
        8713  0000
        8714  0000
        8715  0000
        8716  0000
        8717  0000
        8718  0000
        8719  0000
        871A  0000
        871B  0000
        871C  0000
        871D  0000
        871E  0000
        871F  0000
        8720  0000
        8721  0000
        8722  0000
        8723  0000
        8724  0000
        8725  0000
        8726  0000
        8727  0000
        8728  0000
        8729  0000
002634  872A  0000        SDB_NULL_MAP                .BLOCK 1
002635  872B  0000        SDB_DUMMY_FDH               .BLOCK FAT32$FDH_STRUCT_SIZE     ; stays 0: never dirty
        872C  0000
        872D  0000
        872E  0000
        872F  0000
        8730  0000
        8731  0000
        8732  0000
        8733  0000
        8734  0000
        8735  0000
        8736  0000
002636  8737  0000        SDB_G_VAL                   .BLOCK 1
002637  8738  0000        SDB_FF_STAT                 .BLOCK 1
002638  8739  0000        SDB_FF_BLKS                 .BLOCK 1
002639  873A  0000        SDB_RD_STAT                 .BLOCK 1
002640  873B  0000  0000  SDB_RD_LBA                  .BLOCK 2
002641  873D  0000        SDB_DBG_N                   .BLOCK 1
002642  873E  0000        SDB_DBG_CNT                 .BLOCK 1
002643  873F  0000        SDB_DBG_ACT                 .BLOCK 1
002644  8740  0000        SDB_DBG_DRV                 .BLOCK 1
002645  8741  0000        SDB_DBG_SZ                  .BLOCK 1
002646  8742  0000        SDB_DBG_PL                  .BLOCK 1
002647  8743  0000        SDB_DBG_PH                  .BLOCK 1
002648  8744  0000  0000  SDB_DBG_T0                  .BLOCK 2
002649  8746  0000  0000  SDB_DBG_TE                  .BLOCK 2
002650  8748  0000  0000  SDB_SD_T0                   .BLOCK 2
002651  874A  0000  0000  SDB_SD_LAST                 .BLOCK 2
002652  874C  0000  0000  SDB_SD_CYC                  .BLOCK 2
002653  874E  0000        SDB_SD_N                    .BLOCK 1
002654  874F  0000  0000  SDB_S_BLEFT                 .BLOCK 2
002655  8751  0000  0000  SDB_S_RBLK                  .BLOCK 2
002656  8753  0000  0000  SDB_S_CLU                   .BLOCK 2
002657  8755  0000  0000  SDB_S_RSTART                .BLOCK 2
002658  8757  0000  0000  SDB_S_NEXT                  .BLOCK 2
002659  8759  0000  0000  SDB_S_FCLBA                 .BLOCK 2
002660  875B  0000        SDB_S_FCVAL                 .BLOCK 1
002661  875C  0000        SIM_RAMROM_DEV              .DW 0
002662  875D  0000        SIM_RAMROM_4KWIN            .DW 0
002663  875E  0102        SIM_VDRIVES_DEV             .DW 0x0102
002664  875F  0000        SIM_B_ADDR                  .DW 0
002665  8760  0000        SIM_B_DOUT                  .DW 0
002666  8761  0000        SIM_B_WREN                  .DW 0
002667  8762  0000        SIM_B_DIN                   .DW 0
002668  8763  0000        SIM_B_PUSH                  .DW 0
002669                                                .ORG 0xA000
002670  A000  0200        NBYTES                      .DW 512
002671  A001  0000        VARIANT                     .DW 0


EQU-list:
--------------------------------------------------------------------------------------------------------
IO$AREA_START           : 0xFF00    IO$SWITCH_REG           : 0xFF00    IO$TIL_DISPLAY          : 0xFF01    
IO$TIL_MASK             : 0xFF02    IO$KBD_STATE            : 0xFF04    IO$KBD_DATA             : 0xFF05    
IO$CYC_LO               : 0xFF08    IO$CYC_MID              : 0xFF09    IO$CYC_HI               : 0xFF0A    
IO$CYC_STATE            : 0xFF0B    IO$INS_LO               : 0xFF0C    IO$INS_MID              : 0xFF0D    
IO$INS_HI               : 0xFF0E    IO$INS_STATE            : 0xFF0F    IO$UART_BASE_ADDRESS    : 0xFF10    
IO$UART_MR1A            : 0xFF10    IO$UART_MR1B            : 0xFF10    IO$UART_SRA             : 0xFF11    
IO$UART_RHRA            : 0xFF12    IO$UART_THRA            : 0xFF13    IO$EAE_OPERAND_0        : 0xFF18    
IO$EAE_OPERAND_1        : 0xFF19    IO$EAE_RESULT_LO        : 0xFF1A    IO$EAE_RESULT_HI        : 0xFF1B    
IO$EAE_CSR              : 0xFF1C    IO$SD_BASE_ADDRESS      : 0xFF20    IO$SD_ADDR_LO           : 0xFF20    
IO$SD_ADDR_HI           : 0xFF21    IO$SD_DATA_POS          : 0xFF22    IO$SD_DATA              : 0xFF23    
IO$SD_ERROR             : 0xFF24    IO$SD_CSR               : 0xFF25    IO$TIMER_BASE_ADDRESS   : 0xFF28    
IO$TIMER_0_PRE          : 0xFF28    IO$TIMER_0_CNT          : 0xFF29    IO$TIMER_0_INT          : 0xFF2A    
IO$TIMER_1_PRE          : 0xFF2B    IO$TIMER_1_CNT          : 0xFF2C    IO$TIMER_1_INT          : 0xFF2D    
VGA$STATE               : 0xFF30    VGA$CR_X                : 0xFF31    VGA$CR_Y                : 0xFF32    
VGA$CHAR                : 0xFF33    VGA$OFFS_DISPLAY        : 0xFF34    VGA$OFFS_RW             : 0xFF35    
VGA$HDMI_H_MIN          : 0xFF36    VGA$HDMI_H_MAX          : 0xFF37    VGA$HDMI_V_MAX          : 0xFF38    
IO$M65HRAM_LO           : 0xFFF0    IO$M65HRAM_HI           : 0xFFF1    IO$M65HRAM_DATA8        : 0xFFF2    
IO$M65HRAM_DATA16       : 0xFFF3    VGA$MAX_X               : 0x004F    VGA$MAX_Y               : 0x0027    
VGA$MAX_CHARS           : 0x0C80    VGA$CHARS_PER_LINE      : 0x0050    VGA$EN_HW_CURSOR        : 0x0040    
VGA$EN_HW_SCRL          : 0x0C00    VGA$CLR_SCRN            : 0x0100    VGA$BUSY                : 0x0200    
VGA$COLOR_RED           : 0x0004    VGA$COLOR_GREEN         : 0x0002    VGA$COLOR_BLUE          : 0x0001    
VGA$COLOR_WHITE         : 0x0007    CYC$RESET               : 0x0001    CYC$RUN                 : 0x0002    
INS$RESET               : 0x0001    INS$RUN                 : 0x0002    EAE$MULU                : 0x0000    
EAE$MULS                : 0x0001    EAE$DIVU                : 0x0002    EAE$DIVS                : 0x0003    
EAE$BUSY                : 0x8000    SD$CMD_RESET            : 0x0000    SD$CMD_READ             : 0x0001    
SD$CMD_WRITE            : 0x0002    SD$BIT_ERROR            : 0x4000    SD$BIT_BUSY             : 0x8000    
SD$TIMEOUT_MID          : 0x0479    SD$ERR_MASK             : 0x00FF    SD$ERR_R1_ERROR         : 0x0001    
SD$ERR_CRC_OR_TIMEOUT   : 0x0002    SD$ERR_RESPONSE_TOKEN   : 0x0003    SD$ERR_ERROR_TOKEN      : 0x0004    
SD$ERR_WRITE_PROTECT    : 0x0005    SD$ERR_CARD_UNUSABLE    : 0x0006    SD$ERR_NO_CARD          : 0x0007    
SD$ERR_READ_TIMEOUT     : 0x0008    SD$ERR_READWRITEJAM     : 0xEE21    SD$ERR_TIMEOUT          : 0xEEFF    
SD$CT_SD_V1             : 0x0001    SD$CT_SD_V2             : 0x0002    SD$CT_SDHC              : 0x0003    
FAT32$ERR_MBR           : 0xEE10    FAT32$ERR_PARTITION_NO  : 0xEE11    FAT32$ERR_PARTTBL       : 0xEE12    
FAT32$ERR_NOTIMPL       : 0xEE13    FAT32$ERR_SIZE          : 0xEE14    FAT32$ERR_NOFAT32       : 0xEE15    
FAT32$ERR_ILLEGAL_SIC   : 0xEE16    FAT32$ERR_ILLEGAL_CLUS  : 0xEE17    FAT32$ERR_CORRUPT_DH    : 0xEE18    
FAT32$ERR_DIRNOTFOUND   : 0xEE19    FAT32$ERR_FILENOTFOUND  : 0xEE20    FAT23$ERR_SEEKTOOLARGE  : 0xEE21    
FAT32$EOF               : 0xEEEE    FAT32$DEV_RESET         : 0x0000    FAT32$DEV_BLOCK_READ    : 0x0001    
FAT32$DEV_BLOCK_WRITE   : 0x0002    FAT32$DEV_BYTE_READ     : 0x0003    FAT32$DEV_BYTE_WRITE    : 0x0004    
FAT32$DEV_PARTITION     : 0x0005    FAT32$DEV_FS_LO         : 0x0006    FAT32$DEV_FS_HI         : 0x0007    
FAT32$DEV_FAT_LO        : 0x0008    FAT32$DEV_FAT_HI        : 0x0009    FAT32$DEV_CLUSTER_LO    : 0x000A    
FAT32$DEV_CLUSTER_HI    : 0x000B    FAT32$DEV_SECT_PER_CLUS : 0x000C    FAT32$DEV_RD_1STCLUS_LO : 0x000D    
FAT32$DEV_RD_1STCLUS_HI : 0x000E    FAT32$DEV_AD_1STCLUS_LO : 0x000F    FAT32$DEV_AD_1STCLUS_HI : 0x0010    
FAT32$DEV_BUFFERED_FDH  : 0x0011    FAT32$DEV_STRUCT_SIZE   : 0x0012    FAT32$FDH_DEVICE        : 0x0000    
FAT32$FDH_CLUSTER_LO    : 0x0001    FAT32$FDH_CLUSTER_HI    : 0x0002    FAT32$FDH_SECTOR        : 0x0003    
FAT32$FDH_INDEX         : 0x0004    FAT32$FDH_SIZE_LO       : 0x0005    FAT32$FDH_SIZE_HI       : 0x0006    
FAT32$FDH_ACCESS_LO     : 0x0007    FAT32$FDH_ACCESS_HI     : 0x0008    FAT32$FDH_START_CLUS_LO : 0x0009    
FAT32$FDH_START_CLUS_HI : 0x000A    FAT32$FDH_FLAGS         : 0x000B    FAT32$FDH_STRUCT_SIZE   : 0x000C    
FAT32$FDHF_DIRTY        : 0x0001    FAT32$FA_READ_ONLY      : 0x0001    FAT32$FA_HIDDEN         : 0x0002    
FAT32$FA_SYSTEM         : 0x0004    FAT32$FA_VOLUME_ID      : 0x0008    FAT32$FA_DIR            : 0x0010    
FAT32$FA_ARCHIVE        : 0x0020    FAT32$FA_DEFAULT        : 0x0035    FAT32$FA_ALL            : 0x0037    
FAT32$DE_NAME           : 0x0000    FAT32$DE_ATTRIB         : 0x0101    FAT32$DE_SIZE_LO        : 0x0102    
FAT32$DE_SIZE_HI        : 0x0103    FAT32$DE_YEAR           : 0x0104    FAT32$DE_MONTH          : 0x0105    
FAT32$DE_DAY            : 0x0106    FAT32$DE_HOUR           : 0x0107    FAT32$DE_MINUTE         : 0x0108    
FAT32$DE_SECOND         : 0x0109    FAT32$DE_CLUS_LO        : 0x010A    FAT32$DE_CLUS_HI        : 0x010B    
FAT32$DE_STRUCT_SIZE    : 0x010C    FAT32$PRINT_SHOW_DIR    : 0x0001    FAT32$PRINT_SHOW_ATTRIB : 0x0002    
FAT32$PRINT_SHOW_SIZE   : 0x0004    FAT32$PRINT_SHOW_DATE   : 0x0008    FAT32$PRINT_SHOW_TIME   : 0x0010    
FAT32$PRINT_DEFAULT     : 0x001D    FAT32$PRINT_ALL         : 0x001F    KBD$NEW_ASCII           : 0x0001    
KBD$NEW_SPECIAL         : 0x0002    KBD$NEW_ANY             : 0x0003    KBD$ASCII               : 0x00FF    
KBD$SPECIAL             : 0xFF00    KBD$LOCALE              : 0x001C    KBD$LOCALE_US           : 0x0000    
KBD$LOCALE_DE           : 0x0004    KBD$MODIFIERS           : 0x00E0    KBD$SHIFT               : 0x0020    
KBD$ALT                 : 0x0040    KBD$CTRL                : 0x0080    KBD$SPACE               : 0x0020    
KBD$ENTER               : 0x000D    KBD$ESC                 : 0x001B    KBD$TAB                 : 0x0009    
KBD$BACKSPACE           : 0x0008    KBD$F1                  : 0x0100    KBD$F2                  : 0x0200    
KBD$F3                  : 0x0300    KBD$F4                  : 0x0400    KBD$F5                  : 0x0500    
KBD$F6                  : 0x0600    KBD$F7                  : 0x0700    KBD$F8                  : 0x0800    
KBD$F9                  : 0x0900    KBD$F10                 : 0x0A00    KBD$F11                 : 0x0B00    
KBD$F12                 : 0x0C00    KBD$CUR_UP              : 0x1000    KBD$CUR_DOWN            : 0x1100    
KBD$CUR_LEFT            : 0x1200    KBD$CUR_RIGHT           : 0x1300    KBD$PG_UP               : 0x1400    
KBD$PG_DOWN             : 0x1500    KBD$HOME                : 0x1600    KBD$END                 : 0x1700    
KBD$INS                 : 0x1800    KBD$DEL                 : 0x1900    KBD$CTRL_A              : 0x0001    
KBD$CTRL_B              : 0x0002    KBD$CTRL_C              : 0x0003    KBD$CTRL_D              : 0x0004    
KBD$CTRL_E              : 0x0005    KBD$CTRL_F              : 0x0006    KBD$CTRL_G              : 0x0007    
KBD$CTRL_H              : 0x0008    KBD$CTRL_I              : 0x0009    KBD$CTRL_J              : 0x000A    
KBD$CTRL_K              : 0x000B    KBD$CTRL_L              : 0x000C    KBD$CTRL_M              : 0x000D    
KBD$CTRL_N              : 0x000E    KBD$CTRL_O              : 0x000F    KBD$CTRL_P              : 0x0010    
KBD$CTRL_Q              : 0x0011    KBD$CTRL_R              : 0x0012    KBD$CTRL_S              : 0x0013    
KBD$CTRL_T              : 0x0014    KBD$CTRL_U              : 0x0015    KBD$CTRL_V              : 0x0016    
KBD$CTRL_W              : 0x0017    KBD$CTRL_X              : 0x0018    KBD$CTRL_Y              : 0x0019    
KBD$CTRL_Z              : 0x001A    CHR$BELL                : 0x0007    CHR$TAB                 : 0x0009    
CHR$SPACE               : 0x0020    CHR$CR                  : 0x000D    CHR$LF                  : 0x000A    
reset                   : 0x0000    getc                    : 0x0002    putc                    : 0x0004    
gets                    : 0x0006    puts                    : 0x0008    crlf                    : 0x000A    
til                     : 0x000C    muls                    : 0x000E    memset                  : 0x0010    
memcpy                  : 0x0012    wait                    : 0x0014    exit                    : 0x0016    
chr2upper               : 0x0018    str2upper               : 0x001A    strlen                  : 0x001C    
chomp                   : 0x001E    strcmp                  : 0x0020    strchr                  : 0x0022    
gethex                  : 0x0024    puthex                  : 0x0026    mulu                    : 0x0028    
vga_cls                 : 0x002A    divu                    : 0x002C    divs                    : 0x002E    
chr2lower               : 0x0030    mulu32                  : 0x0032    divu32                  : 0x0034    
split                   : 0x0036    h2dstr                  : 0x0038    sd_reset                : 0x003A    
sd_r_block              : 0x003C    sd_w_block              : 0x003E    sd_r_byte               : 0x0040    
sd_w_byte               : 0x0042    f32_mnt_sd              : 0x0044    f32_mnt                 : 0x0046    
f32_od                  : 0x0048    f32_ld                  : 0x004A    f32_cd                  : 0x004C    
f32_pd                  : 0x004E    f32_fopen               : 0x0050    f32_fread               : 0x0052    
f32_fseek               : 0x0054    gets_s                  : 0x0056    gets_slf                : 0x0058    
vga_init                : 0x005A    in_range_u              : 0x005C    enter                   : 0x005E    
leave                   : 0x0060    strcpy                  : 0x0062    strstr                  : 0x0064    
f32_fwrite              : 0x0066    f32_fflush              : 0x0068    f32_fclose              : 0x006A    
strrplchr               : 0x006C    M2M$CSR                 : 0xFFE0    M2M$CSR_RESET           : 0x0001    
M2M$CSR_UN_RESET        : 0xFFFE    M2M$CSR_PAUSE           : 0x0002    M2M$CSR_UN_PAUSE        : 0xFFFD    
M2M$CSR_OSM             : 0x0004    M2M$CSR_UN_OSM          : 0xFFFB    M2M$CSR_KBD             : 0x0008    
M2M$CSR_UN_KBD          : 0xFFF7    M2M$CSR_JOY1            : 0x0010    M2M$CSR_UN_JOY1         : 0xFFEF    
M2M$CSR_JOY2            : 0x0020    M2M$CSR_UN_JOY2         : 0xFFDF    M2M$CSR_SD_MODE         : 0x0040    
M2M$CSR_UN_SD_MODE      : 0xFFBF    M2M$CSR_SD_FORCE        : 0x0080    M2M$CSR_UN_SD_FORCE     : 0xFF7F    
M2M$CSR_SD_ACTIVE       : 0x0100    M2M$CSR_UN_SD_ACTIVE    : 0xFEFF    M2M$CSR_SD_DET_INT      : 0x0200    
M2M$CSR_UN_SD_DET_INT   : 0xFDFF    M2M$CSR_SD_DET_EXT      : 0x0400    M2M$CSR_UN_SD_DET_EXT   : 0xFBFF    
M2M$CSR_ASCAL_AUTO      : 0x0800    M2M$CSR_UN_ASCAL_AUTO   : 0xF7FF    M2M$CSR_KBD_JOY         : 0x0038    
M2M$CSR_UN_KBD_JOY      : 0xFFC7    M2M$OSM_XY              : 0xFFE1    M2M$OSM_DXDY            : 0xFFE2    
M2M$SA_INVERSE          : 0x0080    M2M$SA_DARK             : 0x0040    M2M$SA_BG_RED           : 0x0020    
M2M$SA_BG_GREEN         : 0x0010    M2M$SA_BG_BLUE          : 0x0008    M2M$SA_FG_RED           : 0x0004    
M2M$SA_FG_GREEN         : 0x0002    M2M$SA_FG_BLUE          : 0x0001    M2M$SA_COL_STD          : 0x000B    
M2M$SA_COL_STD_INV      : 0x008B    M2M$SA_COL_TTLE         : 0x000E    M2M$SA_COL_TTLE_INV     : 0x008E    
M2M$SA_COL_SEL          : 0x000F    M2M$FC_TL               : 0x00C9    M2M$FC_SH               : 0x00CD    
M2M$FC_TR               : 0x00BB    M2M$FC_SV               : 0x00BA    M2M$FC_BL               : 0x00C8    
M2M$FC_BR               : 0x00BC    M2M$FC_HE_LEFT          : 0x00B9    M2M$FC_HE_RIGHT         : 0x00CC    
M2M$NC_SH               : 0x00C4    M2M$NC_VE_LEFT          : 0x00C7    M2M$NC_VE_RIGHT         : 0x00B6    
M2M$DIR_L               : 0x0011    M2M$DIR_R               : 0x0010    M2M$OPT_SEL_MULTI       : 0x0007    
M2M$OPT_SEL_SINGLE      : 0x003D    M2M$LD_PROGRESS         : 0x00FE    M2M$LD_SPACE            : 0x0020    
M2M$ASCAL_MODE          : 0xFFE3    M2M$ASCAL_NEAREST       : 0x0000    M2M$ASCAL_BILINEAR      : 0x0001    
M2M$ASCAL_SBILINEAR     : 0x0002    M2M$ASCAL_BICUBIC       : 0x0003    M2M$ASCAL_POLYPHASE     : 0x0004    
M2M$ASCAL_PP_HORIZ      : 0x0000    M2M$ASCAL_PP_VERT       : 0x0100    M2M$ASCAL_TRIPLEBUF     : 0x0008    
M2M$ASCAL_RESERVED      : 0x0010    M2M$SPECIAL             : 0xFFE4    M2M$GENERAL             : 0xFFE5    
M2M$KEYBOARD            : 0xFFE8    M2M$TYPEMATIC_DLY       : 0x8000    M2M$TYPEMATIC_SPD       : 0x1000    
M2M$KEY_UP              : 0x0001    M2M$KEY_DOWN            : 0x0002    M2M$KEY_LEFT            : 0x0004    
M2M$KEY_RIGHT           : 0x0008    M2M$KEY_RETURN          : 0x0010    M2M$KEY_SPACE           : 0x0020    
M2M$KEY_RUNSTOP         : 0x0040    M2M$KEY_HELP            : 0x0080    M2M$KEY_F1              : 0x0100    
M2M$KEY_F3              : 0x0200    M2M$CFD_ADDR            : 0xFFF0    M2M$CFD_DATA            : 0xFFF1    
M2M$CFM_ADDR            : 0xFFF2    M2M$CFM_DATA            : 0xFFF3    M2M$RAMROM_DEV          : 0xFFF4    
M2M$VRAM_DATA           : 0x0000    M2M$VRAM_ATTR           : 0x0001    M2M$CONFIG              : 0x0002    
M2M$ASCAL_PPHASE        : 0x0003    M2M$HYPERRAM            : 0x0004    M2M$SDRAM               : 0x0005    
M2M$SYS_INFO            : 0x00FF    M2M$RAMROM_4KWIN        : 0xFFF5    M2M$RAMROM_DATA         : 0x7000    
M2M$SYS_VDRIVES         : 0x0000    M2M$SYS_VGA             : 0x0010    M2M$SYS_HDMI            : 0x0011    
M2M$SYS_CRTSANDROMS     : 0x0020    M2M$SYS_CORE            : 0x0030    M2M$SYS_DXDY            : 0x7000    
M2M$SHELL_M_XY          : 0x7001    M2M$SHELL_M_DXDY        : 0x7002    M2M$SYS_CORE_X          : 0x7000    
M2M$SYS_CORE_Y          : 0x7001    M2M$SYS_CORE_H_PXLS     : 0x7002    M2M$SYS_CORE_V_PXLS     : 0x7003    
M2M$SYS_CORE_H_PLSE     : 0x7004    M2M$SYS_CORE_H_BP       : 0x7005    M2M$SYS_CORE_H_FP       : 0x7006    
M2M$SYS_CORE_V_PLSE     : 0x7007    M2M$SYS_CORE_V_BP       : 0x7008    M2M$SYS_CORE_V_FP       : 0x7009    
M2M$SYS_CORE_H_FREQ     : 0x700A    M2M$CFG_WHS             : 0x1000    M2M$CFG_DIR_START       : 0x0100    
M2M$CFG_CFG_FILE        : 0x0101    M2M$CFG_GENERAL         : 0x0110    M2M$CFG_CORENAME        : 0x0200    
M2M$CFG_OPTM_ITEMS      : 0x0300    M2M$CFG_OPTM_GROUPS     : 0x0301    M2M$CFG_OPTM_STDSEL     : 0x0302    
M2M$CFG_OPTM_LINES      : 0x0303    M2M$CFG_OPTM_START      : 0x0304    M2M$CFG_OPTM_ICOUNT     : 0x0305    
M2M$CFG_OPTM_MOUNT      : 0x0306    M2M$CFG_OPTM_SINGLE     : 0x0307    M2M$CFG_OPTM_MSTR       : 0x0308    
M2M$CFG_OPTM_DIM        : 0x0309    M2M$CFG_OPTM_SSTR       : 0x030A    M2M$CFG_OPTM_HELP       : 0x0310    
M2M$CFG_OPTM_CRTROM     : 0x0311    M2M$CFG_OPTM_CRSTR      : 0x0312    M2M$WHS_PAGES           : 0x7FFF    
M2M$WHS_WELCOME         : 0x0000    M2M$WHS_HELP_INDEX      : 0x0001    M2M$WHS_HELP_NEXT       : 0x0100    
M2M$WHS_PAGE_NEXT       : 0x0001    M2M$SHELL_O_DX          : 0x7000    M2M$SHELL_O_DY          : 0x7001    
M2M$CFG_RP_COUNTER      : 0x7001    M2M$CFG_RP_PAUSE        : 0x7002    M2M$CFG_RP_WELCOME      : 0x7003    
M2M$CFG_RP_WLCM_RST     : 0x7004    M2M$CFG_RP_KB_RST       : 0x7005    M2M$CFG_RP_J1_RST       : 0x7006    
M2M$CFG_RP_J2_RST       : 0x7007    M2M$CFG_RP_KB_OSD       : 0x7008    M2M$CFG_RP_J1_OSD       : 0x7009    
M2M$CFG_RP_J2_OSD       : 0x700A    M2M$CFG_ASCAL_USAGE     : 0x700B    M2M$CFG_ASCAL_MODE      : 0x700C    
M2M$CFG_VD_AT_DELAY     : 0x700D    M2M$CFG_VD_ITERSIZE     : 0x700E    M2M$CFG_SAVEOSDCFG      : 0x700F    
M2M$CFG_AUSE_CFG        : 0x0000    M2M$CFG_AUSE_CUSTOM     : 0x0001    M2M$CFG_AUSE_AUTO       : 0x0002    
VD_NUM                  : 0x7000    VD_DEVICE               : 0x7001    VD_RAM_BUFFERS          : 0x7100    
VD_BUF_SDDIRECT         : 0xAAAA    VD_WIN_CAD              : 0x0000    VD_WIN_DRV              : 0x0001    
VD_IMG_MOUNT            : 0x7000    VD_RO                   : 0x7001    VD_SIZE_L               : 0x7002    
VD_SIZE_H               : 0x7003    VD_TYPE                 : 0x7004    VD_B_ADDR               : 0x7005    
VD_B_DOUT               : 0x7006    VD_B_WREN               : 0x7007    VD_VDNUM                : 0x7008    
VD_BLKSZ                : 0x7009    VD_DRV_MOUNT            : 0x700A    VD_LBA_L                : 0x7000    
VD_LBA_H                : 0x7001    VD_BLKCNT               : 0x7002    VD_BYTES_L              : 0x7003    
VD_BYTES_H              : 0x7004    VD_SIZEB                : 0x7005    VD_4K_WIN               : 0x7006    
VD_4K_OFFS              : 0x7007    VD_RD                   : 0x7008    VD_WR                   : 0x7009    
VD_ACK                  : 0x700A    VD_B_DIN                : 0x700B    VD_CACHE_DIRTY          : 0x700C    
VD_CACHE_FLUSHING       : 0x700D    VD_CACHE_FLUSH_ST       : 0x700E    VD_CACHE_FLUSH_DE       : 0x700F    
CRTROM_MAN_NUM_A        : 0x7000    CRTROM_AUT_NUM_A        : 0x7001    CRTROM_MAN_BUFFERS      : 0x7100    
CRTROM_AUT_BUFFERS      : 0x7200    CRTROM_AUT_FILES        : 0x7300    CRTROM_TYPE_DEVICE      : 0x0000    
CRTROM_TYPE_HYPRAM      : 0x0001    CRTROM_TYPE_SDRAM       : 0x0002    CRTROM_TYPE_MNDTRY      : 0x0003    
CTRROM_TYPE_OPTNL       : 0x0004    CRTROM_CSR_4KWIN        : 0xFFFF    CRTROM_CSR_STATUS       : 0x7000    
CRTROM_CSR_FS_LO        : 0x7001    CRTROM_CSR_FS_HI        : 0x7002    CRTROM_CSR_PARSEST      : 0x7010    
CRTROM_CSR_PARSEE1      : 0x7011    CRTROM_CSR_ADDR_LO      : 0x7012    CRTROM_CSR_ADDR_HI      : 0x7013    
CRTROM_CSR_ERR_STRT     : 0x7100    CRTROM_CSR_ST_IDLE      : 0x0000    CRTROM_CSR_ST_LDNG      : 0x0001    
CRTROM_CSR_ST_ERR       : 0x0002    CRTROM_CSR_ST_OK        : 0x0003    CRTROM_CSR_PT_IDLE      : 0x0000    
CRTROM_CSR_PT_PRSNG     : 0x0001    CRTROM_CSR_PT_OK        : 0x0002    CRTROM_CSR_PT_ERR       : 0x0003    
CTX_MASK_CTX            : 0xFF00    CTX_MASK_PARAM          : 0x00FF    CTX_MOUNT_DISKIMG       : 0x0100    
CTX_LOAD_ROM            : 0x0200    CMSG_BROWSENOTHING      : 0x0001    SDB_MAX_EXT             : 0x0008    
SDB_M_NEXT              : 0x0000    SDB_M_FDH               : 0x0001    SDB_M_TBLK_LO           : 0x0002    
SDB_M_TBLK_HI           : 0x0003    SDB_M_BAIL              : 0x0004    SDB_M_EXT               : 0x0005    
SDB_E_NBLK_LO           : 0x0000    SDB_E_NBLK_HI           : 0x0001    SDB_E_LBA_LO            : 0x0002    
SDB_E_LBA_HI            : 0x0003    SDB_E_SIZE              : 0x0004    SDB_M_SIZE              : 0x0028    
SDB_VD_MAX_N            : 0x0003    SDB_B_OK                : 0x0000    SDB_B_NOMAP             : 0x0001    
SDB_B_NODEV             : 0x0002    SDB_B_NOSPC             : 0x0003    SDB_B_EMPTY             : 0x0004    
SDB_B_BADSTART          : 0x0005    SDB_B_FRAG              : 0x0006    SDB_B_FATERR            : 0x0007    
SDB_B_BADCLUS           : 0x0008    SDB_B_SHORT             : 0x0009    SDB_B_LBA               : 0x000A    
SDB_B_GUARD             : 0x000B    SDB_B_SEEK              : 0x000C    SDB_R_OK                : 0x0000    
SDB_R_SIZE              : 0x0001    SDB_R_ALIGN             : 0x0002    SDB_R_MAP               : 0x0003    
SDB_R_RANGE             : 0x0004    SDB_R_GUARD             : 0x0005    SDB_R_SDERR             : 0x0006    
SDB_EOC_HI              : 0x0FFF    SDB_EOC_LO              : 0xFFF0    

Label-list:
--------------------------------------------------------------------------------------------------------
_W1                     : 0x8013    _V0                     : 0x803C    _V1                     : 0x805B    
_V1L                    : 0x806A    _V2                     : 0x807B    _V2L                    : 0x808E    
_V3                     : 0x809D    _V3L                    : 0x80AC    _V4                     : 0x80B5    
_V4L                    : 0x80B7    _V5                     : 0x80CE    _V5L                    : 0x80D0    
_V6                     : 0x80E2    _V6L                    : 0x80E8    _V6B                    : 0x80F4    
_VERR                   : 0x8110    _VSETUP                 : 0x8111    _VPOS                   : 0x811E    
_DONE                   : 0x8125    SDB_INVAL_ALL           : 0x8126    _SDBIA_L                : 0x812B    
_SDBIA_L2               : 0x8143    SDB_VDMAP               : 0x814B    _SDBVM_OK               : 0x8156    
_SDBVM_L                : 0x8158    _SDBVM_D                : 0x8162    SDB_CHECK               : 0x8164    
_SDBC_NO                : 0x8173    _SDBC_R                 : 0x8175    SDB_SDRD                : 0x8177    
SDB_SDWR                : 0x817A    SDB_SDERR               : 0x817D    SDB_GUARD_IN            : 0x8184    
_SDBGI_HAVE             : 0x8198    _SDBGI_CLEAN            : 0x81A8    _SDBGI_OK               : 0x81AC    
_SDBGI_NO               : 0x81B0    _SDBGI_RET              : 0x81B2    _SDB_OWNER              : 0x81B5    
_SDB_OWN_NO             : 0x81C9    _SDB_OWN_R              : 0x81CB    SDB_GUARD_OUT           : 0x81CD    
_SDBGO_RET              : 0x81D9    SDB_GUARD_CLR           : 0x81DC    SDB_ORPHAN              : 0x81E3    
_SDB_ORPH1              : 0x81F4    _SDB_ORPH_R             : 0x8200    SDB_B2BLK               : 0x8203    
SDB_BLK2B               : 0x8216    SDB_CLULBA              : 0x8227    _SDBCL_C1               : 0x8234    
_SDBCL_C2               : 0x823E    _SDBCL_NO               : 0x8276    _SDBCL_RET              : 0x827A    
SDB_LBA                 : 0x827C    _SDBL_C1                : 0x8293    _SDBL_LOOP              : 0x8296    
_SDBL_HIT               : 0x82A5    _SDBL_NEXT              : 0x82B2    _SDBL_NO                : 0x82BA    
_SDBL_RET               : 0x82BC    _SDB_GE32               : 0x82BE    _SDB_G32N               : 0x82CF    
_SDB_G32Y               : 0x82D3    _SDB_G32R               : 0x82D5    SDB_MAP_BUILD           : 0x82D7    
_SDBMB_C0               : 0x8325    _SDBMB_C1               : 0x833B    _SDBMB_EXT              : 0x834F    
_SDBMB_RUN              : 0x8366    _SDBMB_N1               : 0x838F    _SDBMB_N2               : 0x839D    
_SDBMB_BRK              : 0x83B5    _SDBMB_LAST             : 0x83D1    _SDBMB_OUT              : 0x83E5    
_SDBMB_RET              : 0x83E7    _SDB_BAIL               : 0x83EA    _SDB_EMIT               : 0x83F1    
_SDB_EMIT_R             : 0x8408    SDB_FAT_NEXT            : 0x8409    _SDB_FN_RD              : 0x843B    
_SDB_FN_BUF             : 0x8451    _SDB_FN_SDE             : 0x8477    _SDB_FN_ERR             : 0x8479    
_SDB_FN_RET             : 0x847C    SDB_SD2VD               : 0x847E    _SDB_S2V_L              : 0x8493    
SDB_VD2SD               : 0x84A2    _SDB_V2S_L              : 0x84B6    SDB_SD2DEV              : 0x84C4    
_SDB_S2D_L              : 0x84D6    _SDB_S2D_1              : 0x84E2    SDB_VD_RDBLK            : 0x84E8    
_SDB_VRD_SDE            : 0x8505    _SDB_VRD_GRD            : 0x850F    _SDB_VRD_NO             : 0x8513    
_SDB_VRD_R              : 0x8516    SDB_VD_RDDONE           : 0x851C    SDB_VD_WRBLK            : 0x851F    
_SDB_VWR_SDE            : 0x8541    _SDB_VWR_GRD            : 0x854B    _SDB_VWR_NO             : 0x854F    
_SDB_VWR_R              : 0x8552    _SDB_PREP               : 0x8558    _SDB_PREP_NO            : 0x8587    
SDB_FREAD_FAST          : 0x858A    _SDBFF_LOOP             : 0x85C7    _SDBFF_SDE              : 0x85E9    
_SDBFF_DONE             : 0x85EB    _SDBFF_SEEK             : 0x85F6    _SDBFF_REW              : 0x861F    
_SDBFF_RW1              : 0x862C    _SDBFF_NO               : 0x862E    _SDBFF_RET              : 0x8630    
CAD_WRITE               : 0x8632    DRV_READ                : 0x863F    HANDLE_FILE             : 0x864C    
STR_FILE                : 0x8658    HANDLE_DEV              : 0x8665    CONFIG_DEVH             : 0x8677    
VDRIVES_DEVICE          : 0x8689    SDB_VD_MAPS             : 0x868A    SDB_RM_MAP              : 0x8702    
SDB_NULL_MAP            : 0x872A    SDB_DUMMY_FDH           : 0x872B    SDB_G_VAL               : 0x8737    
SDB_FF_STAT             : 0x8738    SDB_FF_BLKS             : 0x8739    SDB_RD_STAT             : 0x873A    
SDB_RD_LBA              : 0x873B    SDB_DBG_N               : 0x873D    SDB_DBG_CNT             : 0x873E    
SDB_DBG_ACT             : 0x873F    SDB_DBG_DRV             : 0x8740    SDB_DBG_SZ              : 0x8741    
SDB_DBG_PL              : 0x8742    SDB_DBG_PH              : 0x8743    SDB_DBG_T0              : 0x8744    
SDB_DBG_TE              : 0x8746    SDB_SD_T0               : 0x8748    SDB_SD_LAST             : 0x874A    
SDB_SD_CYC              : 0x874C    SDB_SD_N                : 0x874E    SDB_S_BLEFT             : 0x874F    
SDB_S_RBLK              : 0x8751    SDB_S_CLU               : 0x8753    SDB_S_RSTART            : 0x8755    
SDB_S_NEXT              : 0x8757    SDB_S_FCLBA             : 0x8759    SDB_S_FCVAL             : 0x875B    
SIM_RAMROM_DEV          : 0x875C    SIM_RAMROM_4KWIN        : 0x875D    SIM_VDRIVES_DEV         : 0x875E    
SIM_B_ADDR              : 0x875F    SIM_B_DOUT              : 0x8760    SIM_B_WREN              : 0x8761    
SIM_B_DIN               : 0x8762    SIM_B_PUSH              : 0x8763    NBYTES                  : 0xA000    
VARIANT                 : 0xA001    
