000001                    ; CRT/ROM auto load cost: the byte loop of M2M/rom/crts-and-roms.asm
000002                    ; (_CRMA_3) against the block path of M2M/rom/sdblock.asm, for one 16 KB
000003                    ; ROM file. MODE at 0xA000:
000004                    ; 0 = mount and open only (baseline, subtracted by run.sh)
000005                    ; 1 = the original byte loop: f32_fread plus a device/window select per byte
000006                    ; 2 = SDB_FREAD_FAST plus the byte-wise tail
000007                    ; ****************************************************************************
000008                    ; MiSTer2MEGA65 (M2M) QNICE ROM
000009                    ;
000010                    ; sdblock_cfg.asm: the single build switch for the direct SD block access in
000011                    ; sdblock.asm and for its serial logging.
000012                    ;
000013                    ; ----------------------------------------------------------------------------
000014                    ; SDB_DEBUG: log what the fast path does on the serial console at boot
000015                    ; ----------------------------------------------------------------------------
000016                    ; Remove the ";" in front of the #define to switch the log on, put it back to
000017                    ; switch it off, then rebuild with CORE/m2m-rom/make_rom.sh. No keyboard is
000018                    ; involved: the ROM auto loader runs by itself and the virtual drive lines
000019                    ; appear as soon as an image is mounted.
000020                    ;
000021                    ; This lives in its own file and NOT in sdblock.asm because the C
000022                    ; preprocessor runs once, top to bottom, over the whole concatenated source.
000023                    ; sdblock.asm is included at the *end* of shell.asm, so a #define in it is
000024                    ; not yet known while shell.asm's own body, crts-and-roms.asm and everything
000025                    ; else above it are being processed - their #ifdef SDB_DEBUG blocks would be
000026                    ; silently dropped. Include this file first and the flag is visible
000027                    ; everywhere.
000028                    ;
000029                    ; That is not hypothetical: it is exactly how the first instrumented build
000030                    ; ended up with a working map-build log (inside sdblock.asm, after the
000031                    ; define) and no virtual drive log at all (in shell.asm, before it).
000032                    ; ****************************************************************************
000033                    
000034                    ;#define SDB_DEBUG
000035                    
000036                    ; tools/vdrive-latency-bench/run.sh passes -DSDB_NODEBUG for its timing runs,
000037                    ; so that the cycle counts it reports are those of the shipping build no
000038                    ; matter how the switch above is set.
000039                    ;;
000040                    ;; sysdef.asm: This file contains definitions to simplify assembler programming
000041                    ;; and for accessing the various hardware registers via MMIO
000042                    ;;
000043                    ;
000044                    ;***************************************************************************************
000045                    ;* Assembler macros which make life much easier:
000046                    ;***************************************************************************************
000047                    ;
000048                    
000049                    
000050                    
000051                    
000052                    
000053                    ;
000054                    ; Some register short names:
000055                    ;
000056                    
000057                    
000058                    
000059                    
000060                    ;
000061                    ;***************************************************************************************
000062                    ;* IO-page addresses: Default: 8 registers per block
000063                    ;***************************************************************************************
000064                    ;
000065                    IO$AREA_START               .EQU 0xFF00
000066                    ;
000067                    ;---------------------------------------------------------------------------------------
000068                    ; Block FF00: FUNDAMENTAL IO
000069                    ;---------------------------------------------------------------------------------------
000070                    ;
000071                    ; Switch-register:
000072                    ;
000073                    IO$SWITCH_REG               .EQU 0xFF00                      ; 16 binary keys
000074                    ;
000075                    ; Registers for TIL-display:
000076                    ;
000077                    IO$TIL_DISPLAY              .EQU 0xFF01                      ; Address of TIL-display
000078                    IO$TIL_MASK                 .EQU 0xFF02                      ; Mask register of TIL display
000079                    ;
000080                    ; USB-keyboard-registers:
000081                    ;
000082                    IO$KBD_STATE                .EQU 0xFF04                      ; Status register of USB keyboard
000083                    ; Bit 0 (read only): New ASCII character avaiable for reading
000084                    ; (bits 7 downto 0 of Read register)
000085                    ; Bit 1 (read only): New special key available for reading
000086                    ; (bits 15 downto 8 of Read register)
000087                    ; Bits 2..4 (read/write): Locales: 000 = US English keyboard layout,
000088                    ; 001 = German layout, others: reserved for more locales
000089                    ; Bits 5..7 (read only): Modifiers: 5 = shift, 6 = alt, 7 = ctrl
000090                    ; Only valid, when bits 0 and/or 1 are '1'
000091                    ;
000092                    IO$KBD_DATA                 .EQU 0xFF05                      ; Data register of USB keyboard
000093                    ; Contains the ASCII character in bits 7 downto 0 or the special key code
000094                    ; in 15 downto 8. The "or" is meant exclusive, i.e. it cannot happen that
000095                    ; one transmission contains an ASCII character PLUS a special character.
000096                    ;
000097                    ;---------------------------------------------------------------------------------------
000098                    ; Block FF08: SYSTEM COUNTERS
000099                    ;---------------------------------------------------------------------------------------
000100                    ;
000101                    ; CYCLE-COUNT-registers
000102                    ;
000103                    IO$CYC_LO                   .EQU 0xFF08                      ; low word of 48-bit counter
000104                    IO$CYC_MID                  .EQU 0xFF09                      ; middle word of 48-bit counter
000105                    IO$CYC_HI                   .EQU 0xFF0A                      ; high word of 48-bit counter
000106                    IO$CYC_STATE                .EQU 0xFF0B                      ; status register
000107                    ; Bit 0 (write only): Reset counter to zero and start counting, i.e.
000108                    ; bit 1 is automatically set to 1 when resetting
000109                    ; Bit 1 (read/write): Start/stop counter
000110                    ;
000111                    ; INSTRUCTION-COUNT-registers
000112                    ;
000113                    IO$INS_LO                   .EQU 0xFF0C                      ; low word of 48-bit counter
000114                    IO$INS_MID                  .EQU 0xFF0D                      ; middle word of 48-bit counter
000115                    IO$INS_HI                   .EQU 0xFF0E                      ; high word of 48-bit counter
000116                    IO$INS_STATE                .EQU 0xFF0F                      ; status register
000117                    ; Bit 0 (write only): Reset counter to zero and start counting, i.e.
000118                    ; bit 1 is automatically set to 1 when resetting
000119                    ; Bit 1 (read/write): Start/stop counter
000120                    ;
000121                    ;---------------------------------------------------------------------------------------
000122                    ; Block FF10: UART
000123                    ;---------------------------------------------------------------------------------------
000124                    ;
000125                    ; QNICE-FPGA supports: IO$UART_SRA, IO$UART_RHRA and IO$UART_THRA
000126                    ; The other registers are mentioned for completeness to map real hardware (16550)
000127                    ;
000128                    IO$UART_BASE_ADDRESS        .EQU 0xFF10
000129                    IO$UART_MR1A                .EQU 0xFF10                      ; n/a
000130                    IO$UART_MR1B                .EQU 0xFF10                      ; n/a
000131                    IO$UART_SRA                 .EQU 0xFF11                      ; Status register (relative to base address)
000132                    IO$UART_RHRA                .EQU 0xFF12                      ; Receiving register (relative to base address)
000133                    IO$UART_THRA                .EQU 0xFF13                      ; Transmitting register (relative to base address)
000134                    ;
000135                    ;---------------------------------------------------------------------------------------
000136                    ; Block FF18: EAE
000137                    ;---------------------------------------------------------------------------------------
000138                    ;
000139                    ; EAE (Extended Arithmetic Element) registers:
000140                    ;
000141                    IO$EAE_OPERAND_0            .EQU 0xFF18
000142                    IO$EAE_OPERAND_1            .EQU 0xFF19
000143                    IO$EAE_RESULT_LO            .EQU 0xFF1A
000144                    IO$EAE_RESULT_HI            .EQU 0xFF1B
000145                    IO$EAE_CSR                  .EQU 0xFF1C                      ; Command and Status Register
000146                    ;
000147                    ; EAE-Opcodes (CSR): 0x0000 MULU 32-bit result in LO HI
000148                    ; 0x0001 MULS 32-bit result in LO HI
000149                    ; 0x0002 DIVU result in LO, modulo in HI
000150                    ; 0x0003 DIVS result in LO, modulo in HI
000151                    ; Bit 15 of CSR is the busy bit. If it is set, the EAE is still busy crunching numbers.
000152                    ;
000153                    ;---------------------------------------------------------------------------------------
000154                    ; Block FF20: SD CARD
000155                    ;---------------------------------------------------------------------------------------
000156                    ;
000157                    ; SD CARD INTERFACE registers
000158                    ;
000159                    IO$SD_BASE_ADDRESS          .EQU 0xFF20
000160                    IO$SD_ADDR_LO               .EQU 0xFF20                      ; low word of 32bit linear SD card block address
000161                    IO$SD_ADDR_HI               .EQU 0xFF21                      ; high word of 32bit linear SD card block address
000162                    IO$SD_DATA_POS              .EQU 0xFF22 ; "Cursor" to navigate the 512-byte data buffer
000163                    IO$SD_DATA                  .EQU 0xFF23                      ; read/write 1 byte from/to the 512-byte data buffer
000164                    IO$SD_ERROR                 .EQU 0xFF24                      ; error code of last operation (read only)
000165                    IO$SD_CSR                   .EQU 0xFF25                      ; Command and Status Register (write to execute command)
000166                    ;
000167                    ; SD-Opcodes (CSR): 0x0000 Reset SD card
000168                    ; 0x0001 Read 512 bytes from the linear block address
000169                    ; 0x0002 Write 512 bytes to the linear block address
000170                    ; Bits 0 .. 2 are write-only (reading always returns 0)
000171                    ; Bits 13 .. 12 return the card type: 00 = no card / unknown card
000172                    ; 01 = SD V1
000173                    ; 10 = SD V2
000174                    ; 11 = SDHC
000175                    ; Bit 14 of the CSR is the error bit: 1, if the last operation failed. In such
000176                    ; a case, the error code is in IO$SD_ERROR and
000177                    ; you need to reset the controller to go on
000178                    ; Bit 15 of the CSR is the busy bit: 1, if current operation is still running
000179                    ;
000180                    ;---------------------------------------------------------------------------------------
000181                    ; Block FF28: TIMER 0 and 1
000182                    ;---------------------------------------------------------------------------------------
000183                    ;
000184                    ; Interrupt timer: There are two timers capable of generating interrupts.
000185                    ; Each timer is controlled by three 16 bit registers:
000186                    ;
000187                    ; IO$TIMER_x_PRE: The 100 kHz timer clock is divided by the value stored in
000188                    ; this device register. 100 (which corresponds to 0x0064 in
000189                    ; the prescaler register) yields a 1 millisecond pulse which
000190                    ; in turn is fed to the actual counter.
000191                    ; IO$TIMER_x_CNT: When the number of output pulses from the prescaler circuit
000192                    ; equals the number stored in this register, an interrupt will
000193                    ; be generated (if the interrupt address is 0x0000, the
000194                    ; interrupt will be suppressed).
000195                    ; IO$TIMER_x_INT: This register contains the address of the desired interrupt
000196                    ; service routine.
000197                    ;
000198                    IO$TIMER_BASE_ADDRESS       .EQU 0xFF28
000199                    IO$TIMER_0_PRE              .EQU 0xFF28
000200                    IO$TIMER_0_CNT              .EQU 0xFF29
000201                    IO$TIMER_0_INT              .EQU 0xFF2A
000202                    IO$TIMER_1_PRE              .EQU 0xFF2B
000203                    IO$TIMER_1_CNT              .EQU 0xFF2C
000204                    IO$TIMER_1_INT              .EQU 0xFF2D
000205                    ;
000206                    ;---------------------------------------------------------------------------------------
000207                    ; Block FF30: VGA (double block, 16 registers)
000208                    ;---------------------------------------------------------------------------------------
000209                    ;
000210                    VGA$STATE                   .EQU 0xFF30                      ; VGA status register
000211                                                ; Bits 11-10: Hardware scrolling / offset enable: Bit #10 enables the use
000212                                                ; of the offset register #4 (display offset) and bit #11
000213                                                ; enables the use of register #5 (read/write offset).
000214                                                ; Bit 9: Busy: VGA is currently busy, e.g. clearing the screen,
000215                                                ; printing, etc. While busy, commands will be ignored, but
000216                                                ; they can still be written into the registers, though
000217                                                ; Bit 8: Set bit to clear screen. Read bit to find out, if clear
000218                                                ; screen is still active
000219                                                ; Bit 7: VGA enable (1 = on; 0: no VGA signal is generated)
000220                                                ; Bit 6: Hardware cursor enable
000221                                                ; Bit 5: Hardware cursor blink enable
000222                                                ; Bit 4: Hardware cursor mode: 1 - small
000223                                                ; 0 - large
000224                                                ; Bits 2-0: Output color for the whole screen, bits (2, 1, 0) = RGB
000225                    VGA$CR_X                    .EQU 0xFF31                      ; VGA cursor X position
000226                    VGA$CR_Y                    .EQU 0xFF32                      ; VGA cursor Y position
000227                    VGA$CHAR                    .EQU 0xFF33                      ; write: VGA character to be displayed
000228                                                ; read: character "under" the cursor
000229                    VGA$OFFS_DISPLAY            .EQU 0xFF34                      ; Offset in bytes that is used when displaying
000230                                                ; the video RAM. Scrolling forward one line
000231                                                ; means adding 0x50 to this register.
000232                                                ; Only works, if bit #10 in VGA$STATE is set.
000233                    VGA$OFFS_RW                 .EQU 0xFF35                      ; Offset in bytes that is used, when you read
000234                                                ; or write to the video RAM using VGA$CHAR.
000235                                                ; Works independently from VGA$OFFS_DISPLAY.
000236                                                ; Active, when bit #11 in VGA$STATE is set.
000237                    VGA$HDMI_H_MIN              .EQU 0xFF36                      ; HDMI Data Enable: X: minimum valid column
000238                    VGA$HDMI_H_MAX              .EQU 0xFF37                      ; HDMI Data Enable: X: maximum valid column
000239                    VGA$HDMI_V_MAX              .EQU 0xFF38                      ; HDMI Data Enable: Y: maximum row (line)
000240                    ;
000241                    ;---------------------------------------------------------------------------------------
000242                    ; Block FFF0: MEGA65 (double block, 16 registers)
000243                    ;---------------------------------------------------------------------------------------
000244                    ;
000245                    ; HyperRAM
000246                    ;
000247                    IO$M65HRAM_LO               .EQU 0xFFF0                      ; Low word of address (15 downto 0)
000248                    IO$M65HRAM_HI               .EQU 0xFFF1                      ; High word of address (26 downto 16)
000249                    IO$M65HRAM_DATA8            .EQU 0xFFF2                      ; HyperRAM native 8-bit data in/out
000250                    IO$M65HRAM_DATA16           .EQU 0xFFF3                      ; HyperRAM 16-bit data in/out
000251                    
000252                    ;
000253                    ;***************************************************************************************
000254                    ;* Constant definitions
000255                    ;***************************************************************************************
000256                    ;
000257                    
000258                    ; ========== VGA ==========
000259                    
000260                    VGA$MAX_X                   .EQU 79                          ; Max. X-coordinate in decimal!
000261                    VGA$MAX_Y                   .EQU 39                          ; Max. Y-coordinate in decimal!
000262                    VGA$MAX_CHARS               .EQU 3200                        ; 80 * 40 chars
000263                    VGA$CHARS_PER_LINE          .EQU 80
000264                    
000265                    VGA$EN_HW_CURSOR            .EQU 0x0040                      ; Show hardware cursor
000266                    VGA$EN_HW_SCRL              .EQU 0x0C00                      ; Hardware scrolling enable
000267                    VGA$CLR_SCRN                .EQU 0x0100                      ; Clear screen
000268                    VGA$BUSY                    .EQU 0x0200                      ; VGA is currently performing a task
000269                    
000270                    VGA$COLOR_RED               .EQU 0x0004
000271                    VGA$COLOR_GREEN             .EQU 0x0002
000272                    VGA$COLOR_BLUE              .EQU 0x0001
000273                    VGA$COLOR_WHITE             .EQU 0x0007
000274                    
000275                    ; ========== CYCLE COUNTER ==========
000276                    
000277                    CYC$RESET                   .EQU 0x0001                      ; Reset cycle counter
000278                    CYC$RUN                     .EQU 0x0002                      ; Start/stop counter
000279                    
000280                    ; ========== CYCLE COUNTER ==========
000281                    
000282                    INS$RESET                   .EQU 0x0001                      ; Reset instruction counter
000283                    INS$RUN                     .EQU 0x0002                      ; Start/stop counter
000284                    
000285                    ; ========== EAE ==========
000286                    
000287                    EAE$MULU                    .EQU 0x0000                      ; Unsigned 16 bit multiplication
000288                    EAE$MULS                    .EQU 0x0001                      ; Signed 16 bit multiplication
000289                    EAE$DIVU                    .EQU 0x0002                      ; Unsigned 16 bit division with remainder
000290                    EAE$DIVS                    .EQU 0x0003                      ; Signed 16 bit division with remainder
000291                    EAE$BUSY                    .EQU 0x8000                      ; Busy flag (1 = operation still running)
000292                    
000293                    ; ========== SD CARD ==========
000294                    
000295                    SD$CMD_RESET                .EQU 0x0000                      ; Reset SD card
000296                    SD$CMD_READ                 .EQU 0x0001                      ; Read 512 bytes from SD to internal buffer
000297                    SD$CMD_WRITE                .EQU 0x0002                      ; Write 512 bytes from int. buf. to SD
000298                    SD$BIT_ERROR                .EQU 0x4000                      ; Error flag: 1, if last operation failed
000299                    SD$BIT_BUSY                 .EQU 0x8000                      ; Busy flag: 1, if current op. is still running
000300                    SD$TIMEOUT_MID              .EQU 0x0479                      ; equals ~75.000.000 cycles, i.e. 1.5sec @ 50 MHz
000301                    
000302                    SD$ERR_MASK                 .EQU 0x00FF                      ; AND mask for errors: HI byte = state machine info, so mask it for error checks
000303                    SD$ERR_R1_ERROR             .EQU 0x0001                      ; SD Card R1 error (R1 bit 6-0)
000304                    SD$ERR_CRC_OR_TIMEOUT       .EQU 0x0002                      ; Read CRC error or Write Timeout error
000305                    SD$ERR_RESPONSE_TOKEN       .EQU 0x0003                      ; Data Response Token error (Token bit 3)
000306                    SD$ERR_ERROR_TOKEN          .EQU 0x0004                      ; Data Error Token error (Token bit 3-0)
000307                    SD$ERR_WRITE_PROTECT        .EQU 0x0005                      ; SD Card Write Protect switch
000308                    SD$ERR_CARD_UNUSABLE        .EQU 0x0006                      ; Unusable SD card
000309                    SD$ERR_NO_CARD              .EQU 0x0007                      ; No SD card (no response from CMD0)
000310                    SD$ERR_READ_TIMEOUT         .EQU 0x0008 ; Timeout while trying to receive the read start token "FE"
000311                    SD$ERR_READWRITEJAM         .EQU 0xEE21                      ; Trying to write while pending read or trying to read while pending write
000312                    SD$ERR_TIMEOUT              .EQU 0xEEFF                      ; General timeout
000313                    
000314                    SD$CT_SD_V1                 .EQU 0x0001                      ; Card type: SD Version 1
000315                    SD$CT_SD_V2                 .EQU 0x0002                      ; Card type: SD Version 2
000316                    SD$CT_SDHC                  .EQU 0x0003                      ; Card type: SDHC (or SDXC)
000317                    
000318                    ; ========== FAT32 =============
000319                    
000320                    ; FAT32 ERROR CODES
000321                    
000322                    FAT32$ERR_MBR               .EQU 0xEE10                      ; no or illegal Master Boot Record (MBR) found
000323                    FAT32$ERR_PARTITION_NO      .EQU 0xEE11                      ; the partition number needs to be in the range 1 .. 4
000324                    FAT32$ERR_PARTTBL           .EQU 0xEE12                      ; no or illegal partition table entry found (e.g. no FAT32 partition)
000325                    FAT32$ERR_NOTIMPL           .EQU 0xEE13                      ; functionality is not implemented
000326                    FAT32$ERR_SIZE              .EQU 0xEE14                      ; partition size or volume size too large (see doc/constraints.txt)
000327                    FAT32$ERR_NOFAT32           .EQU 0xEE15                      ; illegal volume id (either not 512 bytes per sector, or not 2 FATs or wrong magic)
000328                    FAT32$ERR_ILLEGAL_SIC       .EQU 0xEE16                      ; trying to read/write a sector within a cluster that is out of range
000329                    FAT32$ERR_ILLEGAL_CLUS      .EQU 0xEE17                      ; trying to access an illegal cluster number
000330                    FAT32$ERR_CORRUPT_DH        .EQU 0xEE18                      ; corrupt directory handle (e.g. because current to-be-read offs > sector size)
000331                    FAT32$ERR_DIRNOTFOUND       .EQU 0xEE19                      ; directory not found (illegal path name passed to change directory command)
000332                    FAT32$ERR_FILENOTFOUND      .EQU 0xEE20                      ; file not found
000333                    FAT23$ERR_SEEKTOOLARGE      .EQU 0xEE21                      ; seek position > file size
000334                    
000335                    ; FAT32 STATUS CODES
000336                    
000337                    FAT32$EOF                   .EQU 0xEEEE                      ; end of file reached
000338                    
000339                    ; LAYOUT OF THE MOUNT DATA STRUCTURE (DEVICE HANDLE)
000340                    
000341                    FAT32$DEV_RESET             .EQU 0x0000                      ; pointer to device reset function
000342                    FAT32$DEV_BLOCK_READ        .EQU 0x0001                      ; pointer to 512-byte block read function
000343                    FAT32$DEV_BLOCK_WRITE       .EQU 0x0002                      ; pointer to 512-byte block write function
000344                    FAT32$DEV_BYTE_READ         .EQU 0x0003                      ; pointer to 1-byte read function (within block buffer)
000345                    FAT32$DEV_BYTE_WRITE        .EQU 0x0004                      ; pointer to 1-byte write function (within block buffer)
000346                    FAT32$DEV_PARTITION         .EQU 0x0005                      ; number of partition to be mounted
000347                    FAT32$DEV_FS_LO             .EQU 0x0006                      ; file system start address (LBA): low word
000348                    FAT32$DEV_FS_HI             .EQU 0x0007                      ; file system start address (LBA): high word
000349                    FAT32$DEV_FAT_LO            .EQU 0x0008                      ; fat start address (LBA): low word
000350                    FAT32$DEV_FAT_HI            .EQU 0x0009                      ; fat start address (LBA): high word
000351                    FAT32$DEV_CLUSTER_LO        .EQU 0x000A                      ; cluster start address (LBA): low word
000352                    FAT32$DEV_CLUSTER_HI        .EQU 0x000B                      ; cluster start address (LBA): high word
000353                    FAT32$DEV_SECT_PER_CLUS     .EQU 0x000C                      ; sectors per cluster
000354                    FAT32$DEV_RD_1STCLUS_LO     .EQU 0x000D                      ; root directory first cluster: low word
000355                    FAT32$DEV_RD_1STCLUS_HI     .EQU 0x000E                      ; root directory first cluster: high word
000356                    FAT32$DEV_AD_1STCLUS_LO     .EQU 0x000F                      ; currently active directory first cluster: low word
000357                    FAT32$DEV_AD_1STCLUS_HI     .EQU 0x0010                      ; currently active directory first cluster: high word
000358                    FAT32$DEV_BUFFERED_FDH      .EQU 0x0011                      ; FDH which is responsible for the current 512 byte hardware buffer filling
000359                    
000360                    FAT32$DEV_STRUCT_SIZE       .EQU 0x0012                      ; size (words) of the mount data structure (device handle)
000361                    
000362                    ; LAYOUT OF THE FILE HANDLE AND DIRECTORY HANDLE (FDH)
000363                    
000364                    FAT32$FDH_DEVICE            .EQU 0x0000                      ; pointer to the device handle
000365                    FAT32$FDH_CLUSTER_LO        .EQU 0x0001                      ; current cluster (low word)
000366                    FAT32$FDH_CLUSTER_HI        .EQU 0x0002                      ; current cluster (high word)
000367                    FAT32$FDH_SECTOR            .EQU 0x0003                      ; current sector
000368                    FAT32$FDH_INDEX             .EQU 0x0004                      ; current byte index within current sector
000369                    FAT32$FDH_SIZE_LO           .EQU 0x0005                      ; only if FDH is a file: low word of file size, otherwise undefined
000370                    FAT32$FDH_SIZE_HI           .EQU 0x0006                      ; only if FDH is a file: high word of file size, otherwise undefined
000371                    FAT32$FDH_ACCESS_LO         .EQU 0x0007                      ; only if FDH is a file: low word of already read/written amount of bytes
000372                    FAT32$FDH_ACCESS_HI         .EQU 0x0008                      ; only if FDH is a file: high word of already read/written amount of bytes
000373                    FAT32$FDH_START_CLUS_LO     .EQU 0x0009                      ; only if FDH is a file: start of file: cluster (low word)
000374                    FAT32$FDH_START_CLUS_HI     .EQU 0x000A                      ; only if FDH is a file: start of file: cluster (high word)
000375                    FAT32$FDH_FLAGS             .EQU 0x000B                      ; status flags
000376                    
000377                    FAT32$FDH_STRUCT_SIZE       .EQU 0x000C                      ; size of the directory handle structure
000378                    
000379                    ; Flags used by FAT32$FDH_FLAGS
000380                    
000381                    FAT32$FDHF_DIRTY            .EQU 0x0001                      ; bit 0: sector buffer is dirty due to a write access
000382                    
000383                    ; FILE ATTRIBUTES
000384                    
000385                    FAT32$FA_READ_ONLY          .EQU 0x0001                      ; read only file
000386                    FAT32$FA_HIDDEN             .EQU 0x0002                      ; hidden file
000387                    FAT32$FA_SYSTEM             .EQU 0x0004                      ; system file
000388                    FAT32$FA_VOLUME_ID          .EQU 0x0008                      ; volume id (name of the volume)
000389                    FAT32$FA_DIR                .EQU 0x0010                      ; directory
000390                    FAT32$FA_ARCHIVE            .EQU 0x0020                      ; archive flag
000391                    
000392                    FAT32$FA_DEFAULT            .EQU 0x0035                      ; browse for non hidden files and directories but not for the volume id
000393                    FAT32$FA_ALL                .EQU 0x0037                      ; browse for all files, but not for the volume id
000394                    
000395                    ; LAYOUT OF THE DIRECTORY ENTRY STRUCTURE
000396                    
000397                    FAT32$DE_NAME               .EQU 0x0000                      ; volume, file or directory name, zero terminated (max 256 characters)
000398                    FAT32$DE_ATTRIB             .EQU 0x0101                      ; file attributes (read-only, hidden, system, volume id, directory, archive)
000399                    FAT32$DE_SIZE_LO            .EQU 0x0102                      ; file size: low word
000400                    FAT32$DE_SIZE_HI            .EQU 0x0103                      ; file size: high word
000401                    FAT32$DE_YEAR               .EQU 0x0104                      ; last file write: year (valid range 1980 .. 2107)
000402                    FAT32$DE_MONTH              .EQU 0x0105                      ; last file write: month
000403                    FAT32$DE_DAY                .EQU 0x0106                      ; last file write: day
000404                    FAT32$DE_HOUR               .EQU 0x0107                      ; last file write: hour
000405                    FAT32$DE_MINUTE             .EQU 0x0108                      ; last file write: minute
000406                    FAT32$DE_SECOND             .EQU 0x0109                      ; last file write: second (in 2 second steps, valid range 0 .. 58)
000407                    FAT32$DE_CLUS_LO            .EQU 0x010A                      ; start cluster: low word
000408                    FAT32$DE_CLUS_HI            .EQU 0x010B                      ; start cluster: high word
000409                    
000410                    FAT32$DE_STRUCT_SIZE        .EQU 0x010C                      ; size (words) of the directory entry data structure of the
000411                    
000412                    ; DISPLAY FLAGS FOR FILE ENTRY PRETTY PRINTER
000413                    
000414                    FAT32$PRINT_SHOW_DIR        .EQU 0x0001 ; show "<DIR>" indicator
000415                    FAT32$PRINT_SHOW_ATTRIB     .EQU 0x0002 ; show attributes as "HRSA"
000416                    FAT32$PRINT_SHOW_SIZE       .EQU 0x0004                      ; show file size
000417                    FAT32$PRINT_SHOW_DATE       .EQU 0x0008                      ; show file date as YYYY-MM-DD
000418                    FAT32$PRINT_SHOW_TIME       .EQU 0x0010                      ; show file time as HH:MM
000419                    
000420                    FAT32$PRINT_DEFAULT         .EQU 0x001D                      ; print <DIR> indicator, size, date and time (no attributes)
000421                    FAT32$PRINT_ALL             .EQU 0x001F                      ; print all details
000422                    
000423                    ; ========== KEYBOARD ==========
000424                    
000425                    ; STATUS REGISTER
000426                    
000427                    KBD$NEW_ASCII               .EQU 0x0001                      ; new ascii character available
000428                    KBD$NEW_SPECIAL             .EQU 0x0002                      ; new special key available
000429                    KBD$NEW_ANY                 .EQU 0x0003                      ; any new key available
000430                    
000431                    KBD$ASCII                   .EQU 0x00FF                      ; mask the special keys
000432                    KBD$SPECIAL                 .EQU 0xFF00                      ; mask the ascii keys
000433                    
000434                    KBD$LOCALE                  .EQU 0x001C                      ; bit mask for checking locales
000435                    KBD$LOCALE_US               .EQU 0x0000                      ; default: US keyboard layout
000436                    KBD$LOCALE_DE               .EQU 0x0004                      ; DE: German keyboard layout
000437                    
000438                    KBD$MODIFIERS               .EQU 0x00E0                      ; bit mask for checking modifiers
000439                    KBD$SHIFT                   .EQU 0x0020 ; modifier "SHIFT" pressed
000440                    KBD$ALT                     .EQU 0x0040 ; modifier "ALT" pressed
000441                    KBD$CTRL                    .EQU 0x0080 ; modifier "CTRL" pressed
000442                    
000443                    ; READ REGISTER: COMMON ASCII CODES
000444                    
000445                    KBD$SPACE                   .EQU 0x0020
000446                    KBD$ENTER                   .EQU 0x000D
000447                    KBD$ESC                     .EQU 0x001B
000448                    KBD$TAB                     .EQU 0x0009
000449                    KBD$BACKSPACE               .EQU 0x0008
000450                    
000451                    ; READ REGISTER: SPECIAL KEYS
000452                    
000453                    KBD$F1                      .EQU 0x0100
000454                    KBD$F2                      .EQU 0x0200
000455                    KBD$F3                      .EQU 0x0300
000456                    KBD$F4                      .EQU 0x0400
000457                    KBD$F5                      .EQU 0x0500
000458                    KBD$F6                      .EQU 0x0600
000459                    KBD$F7                      .EQU 0x0700
000460                    KBD$F8                      .EQU 0x0800
000461                    KBD$F9                      .EQU 0x0900
000462                    KBD$F10                     .EQU 0x0A00
000463                    KBD$F11                     .EQU 0x0B00
000464                    KBD$F12                     .EQU 0x0C00
000465                    
000466                    KBD$CUR_UP                  .EQU 0x1000
000467                    KBD$CUR_DOWN                .EQU 0x1100
000468                    KBD$CUR_LEFT                .EQU 0x1200
000469                    KBD$CUR_RIGHT               .EQU 0x1300
000470                    KBD$PG_UP                   .EQU 0x1400
000471                    KBD$PG_DOWN                 .EQU 0x1500
000472                    KBD$HOME                    .EQU 0x1600
000473                    KBD$END                     .EQU 0x1700
000474                    KBD$INS                     .EQU 0x1800
000475                    KBD$DEL                     .EQU 0x1900
000476                    
000477                    ; READ REGISTER: CTRL + character is also mapped to an ASCII code
000478                    
000479                    KBD$CTRL_A                  .EQU 0x0001
000480                    KBD$CTRL_B                  .EQU 0x0002
000481                    KBD$CTRL_C                  .EQU 0x0003
000482                    KBD$CTRL_D                  .EQU 0x0004
000483                    KBD$CTRL_E                  .EQU 0x0005
000484                    KBD$CTRL_F                  .EQU 0x0006
000485                    KBD$CTRL_G                  .EQU 0x0007
000486                    KBD$CTRL_H                  .EQU 0x0008
000487                    KBD$CTRL_I                  .EQU 0x0009
000488                    KBD$CTRL_J                  .EQU 0x000A
000489                    KBD$CTRL_K                  .EQU 0x000B
000490                    KBD$CTRL_L                  .EQU 0x000C
000491                    KBD$CTRL_M                  .EQU 0x000D
000492                    KBD$CTRL_N                  .EQU 0x000E
000493                    KBD$CTRL_O                  .EQU 0x000F
000494                    KBD$CTRL_P                  .EQU 0x0010
000495                    KBD$CTRL_Q                  .EQU 0x0011
000496                    KBD$CTRL_R                  .EQU 0x0012
000497                    KBD$CTRL_S                  .EQU 0x0013
000498                    KBD$CTRL_T                  .EQU 0x0014
000499                    KBD$CTRL_U                  .EQU 0x0015
000500                    KBD$CTRL_V                  .EQU 0x0016
000501                    KBD$CTRL_W                  .EQU 0x0017
000502                    KBD$CTRL_X                  .EQU 0x0018
000503                    KBD$CTRL_Y                  .EQU 0x0019
000504                    KBD$CTRL_Z                  .EQU 0x001A
000505                    
000506                    ;
000507                    ; Useful ASCII constants:
000508                    ;
000509                    CHR$BELL                    .EQU 0x0007                      ; ASCII-BELL character
000510                    CHR$TAB                     .EQU 0x0009                      ; ASCII-TAB character
000511                    CHR$SPACE                   .EQU 0x0020                      ; ASCII-Space
000512                    CHR$CR                      .EQU 0x000d                      ; Carriage return
000513                    CHR$LF                      .EQU 0x000a                      ; Line feed
000514                    ;;
000515                    ;; This is an automatically generated definition file!
000516                    ;; Do NOT change manually!
000517                    ;;
000518                    reset                       .EQU 0x0000
000519                    getc                        .EQU 0x0002
000520                    putc                        .EQU 0x0004
000521                    gets                        .EQU 0x0006
000522                    puts                        .EQU 0x0008
000523                    crlf                        .EQU 0x000A
000524                    til                         .EQU 0x000C
000525                    muls                        .EQU 0x000E
000526                    memset                      .EQU 0x0010
000527                    memcpy                      .EQU 0x0012
000528                    wait                        .EQU 0x0014
000529                    exit                        .EQU 0x0016
000530                    chr2upper                   .EQU 0x0018
000531                    str2upper                   .EQU 0x001A
000532                    strlen                      .EQU 0x001C
000533                    chomp                       .EQU 0x001E
000534                    strcmp                      .EQU 0x0020
000535                    strchr                      .EQU 0x0022
000536                    gethex                      .EQU 0x0024
000537                    puthex                      .EQU 0x0026
000538                    mulu                        .EQU 0x0028
000539                    vga_cls                     .EQU 0x002A
000540                    divu                        .EQU 0x002C
000541                    divs                        .EQU 0x002E
000542                    chr2lower                   .EQU 0x0030
000543                    mulu32                      .EQU 0x0032
000544                    divu32                      .EQU 0x0034
000545                    split                       .EQU 0x0036
000546                    h2dstr                      .EQU 0x0038
000547                    sd_reset                    .EQU 0x003A
000548                    sd_r_block                  .EQU 0x003C
000549                    sd_w_block                  .EQU 0x003E
000550                    sd_r_byte                   .EQU 0x0040
000551                    sd_w_byte                   .EQU 0x0042
000552                    f32_mnt_sd                  .EQU 0x0044
000553                    f32_mnt                     .EQU 0x0046
000554                    f32_od                      .EQU 0x0048
000555                    f32_ld                      .EQU 0x004A
000556                    f32_cd                      .EQU 0x004C
000557                    f32_pd                      .EQU 0x004E
000558                    f32_fopen                   .EQU 0x0050
000559                    f32_fread                   .EQU 0x0052
000560                    f32_fseek                   .EQU 0x0054
000561                    gets_s                      .EQU 0x0056
000562                    gets_slf                    .EQU 0x0058
000563                    vga_init                    .EQU 0x005A
000564                    in_range_u                  .EQU 0x005C
000565                    enter                       .EQU 0x005E
000566                    leave                       .EQU 0x0060
000567                    strcpy                      .EQU 0x0062
000568                    strstr                      .EQU 0x0064
000569                    f32_fwrite                  .EQU 0x0066
000570                    f32_fflush                  .EQU 0x0068
000571                    f32_fclose                  .EQU 0x006A
000572                    strrplchr                   .EQU 0x006C
000573                    ; ****************************************************************************
000574                    ; MiSTer2MEGA65 (M2M) QNICE ROM
000575                    ;
000576                    ; System definition file for registers and MMIO
000577                    ;
000578                    ; done by sy2002 in 2022 and licensed under GPL v3
000579                    ; ****************************************************************************
000580                    
000581                    ; ----------------------------------------------------------------------------
000582                    ; Control and status register
000583                    ; ----------------------------------------------------------------------------
000584                    
000585                    M2M$CSR                     .EQU 0xFFE0
000586                                                ; Bit 0: Reset the MiSTer core
000587                                                ; Bit 1: Pause the MiSTer core
000588                                                ; Bit 2: Show On-Screen-Menu (OSM) as an overlay over core output
000589                                                ; Bit 3: Keyboard connection between M65 keyb. and the core
000590                                                ; Bit 4: Joy. port 1 connection between M65 joy. port and core
000591                                                ; Bit 5: Joy. port 2 connection between M65 joy. port and core
000592                                                ; Bit 6: SD Card: Mode: 0=Auto: SD card automatically switches
000593                                                ; between the internal card (bottom tray) and the external
000594                                                ; card (back slot). The external card has higher precedence.
000595                                                ; Bit 7: SD Card: If Mode=1: 0=force internal / 1=force external
000596                                                ; Bit 8: SD Card: Currently active: 0=internal / 1=external
000597                                                ; Bit 9: SD Card: Internal SD card detected
000598                                                ; Bit 10: SD Card: External SD card detected
000599                                                ; Bit 11: Ascal autoset: If set to 1: M2M$ASCAL_MODE (which is
000600                                                ; controlling QNICE ouput port ascal_mode_o) is automatically
000601                                                ; kept in sync with ascal_mode_i
000602                                                ; Bits 12..15: RESERVED
000603                                                ;
000604                                                ; Bits 8, 9, 10 are read-only
000605                    
000606                    M2M$CSR_RESET               .EQU 0x0001
000607                    M2M$CSR_UN_RESET            .EQU 0xFFFE
000608                    M2M$CSR_PAUSE               .EQU 0x0002
000609                    M2M$CSR_UN_PAUSE            .EQU 0xFFFD
000610                    M2M$CSR_OSM                 .EQU 0x0004
000611                    M2M$CSR_UN_OSM              .EQU 0xFFFB
000612                    M2M$CSR_KBD                 .EQU 0x0008
000613                    M2M$CSR_UN_KBD              .EQU 0xFFF7
000614                    M2M$CSR_JOY1                .EQU 0x0010
000615                    M2M$CSR_UN_JOY1             .EQU 0xFFEF
000616                    M2M$CSR_JOY2                .EQU 0x0020
000617                    M2M$CSR_UN_JOY2             .EQU 0xFFDF
000618                    M2M$CSR_SD_MODE             .EQU 0x0040
000619                    M2M$CSR_UN_SD_MODE          .EQU 0xFFBF
000620                    M2M$CSR_SD_FORCE            .EQU 0x0080
000621                    M2M$CSR_UN_SD_FORCE         .EQU 0xFF7F
000622                    M2M$CSR_SD_ACTIVE           .EQU 0x0100
000623                    M2M$CSR_UN_SD_ACTIVE        .EQU 0xFEFF
000624                    M2M$CSR_SD_DET_INT          .EQU 0x0200
000625                    M2M$CSR_UN_SD_DET_INT       .EQU 0xFDFF
000626                    M2M$CSR_SD_DET_EXT          .EQU 0x0400
000627                    M2M$CSR_UN_SD_DET_EXT       .EQU 0xFBFF
000628                    M2M$CSR_ASCAL_AUTO          .EQU 0x0800
000629                    M2M$CSR_UN_ASCAL_AUTO       .EQU 0xF7FF
000630                    
000631                    M2M$CSR_KBD_JOY             .EQU 0x0038
000632                    M2M$CSR_UN_KBD_JOY          .EQU 0xFFC7
000633                    
000634                    ; ----------------------------------------------------------------------------
000635                    ; VGA and On-Screen-Menu (OSM)
000636                    ; ----------------------------------------------------------------------------
000637                    
000638                    ; All coordinates and sizes in the OSM context are specified in characters
000639                    ; The high-byte of the 16-bit value is always x or dx and the low-byte y or dy
000640                    
000641                    ; When bit 2 of the CSR = 1, then the OSM is shown at the coordinates
000642                    ; and in the size given by these two registers, i.e. these registers are used
000643                    ; by the display hardware
000644                    M2M$OSM_XY                  .EQU 0xFFE1                      ; x|y coordinates
000645                    M2M$OSM_DXDY                .EQU 0xFFE2                      ; dx|dy width and height
000646                    
000647                    ; Screen attributes: Single bits
000648                    M2M$SA_INVERSE              .EQU 0x80
000649                    M2M$SA_DARK                 .EQU 0x40
000650                    M2M$SA_BG_RED               .EQU 0x20
000651                    M2M$SA_BG_GREEN             .EQU 0x10
000652                    M2M$SA_BG_BLUE              .EQU 0x08
000653                    M2M$SA_FG_RED               .EQU 0x04
000654                    M2M$SA_FG_GREEN             .EQU 0x02
000655                    M2M$SA_FG_BLUE              .EQU 0x01
000656                    
000657                    ; Screen attributes: Common bit-combinations
000658                    M2M$SA_COL_STD              .EQU 0x0B                        ; cyan font on blue background
000659                    M2M$SA_COL_STD_INV          .EQU 0x8B                        ; inverse standard
000660                    M2M$SA_COL_TTLE             .EQU 0x0E                        ; Title: Yellow on blue background
000661                    M2M$SA_COL_TTLE_INV         .EQU 0x8E                        ; inverse Title
000662                    M2M$SA_COL_SEL              .EQU 0x0F                        ; selection: white font on blue background
000663                    
000664                    ; Special characters in font Anikki-16x16
000665                    M2M$FC_TL                   .EQU 201                         ; fat top/left corner
000666                    M2M$FC_SH                   .EQU 205                         ; fat straight horizontal
000667                    M2M$FC_TR                   .EQU 187                         ; fat top/right corner
000668                    M2M$FC_SV                   .EQU 186                         ; fat straight vertical
000669                    M2M$FC_BL                   .EQU 200                         ; fat bottom/left corner
000670                    M2M$FC_BR                   .EQU 188                         ; fat bottom/right corner
000671                    M2M$FC_HE_LEFT              .EQU 185                         ; fat straight horiz. line ends: left part
000672                    M2M$FC_HE_RIGHT             .EQU 204                         ; fat straight horiz. line ends: right part
000673                    M2M$NC_SH                   .EQU 196                         ; normal straight horizontal
000674                    M2M$NC_VE_LEFT              .EQU 199                         ; normal vertical line end: left part
000675                    M2M$NC_VE_RIGHT             .EQU 182                         ; normal vertical line end: right part
000676                    M2M$DIR_L                   .EQU 17                          ; left char for displaying a directory
000677                    M2M$DIR_R                   .EQU 16                          ; right char for displaying a directory
000678                    M2M$OPT_SEL_MULTI           .EQU 7                           ; selection char for options menu: multi-sel.
000679                    M2M$OPT_SEL_SINGLE          .EQU 61                          ; ditto for single select
000680                    M2M$LD_PROGRESS             .EQU 254                         ; character used for progress bar
000681                    M2M$LD_SPACE                .EQU 32                          ; space character
000682                    
000683                    ; ----------------------------------------------------------------------------
000684                    ; HDMI: Avalon Scaler (ascal.vhd)
000685                    ; ----------------------------------------------------------------------------
000686                    
000687                    M2M$ASCAL_MODE              .EQU 0xFFE3                      ; ascal mode register
000688                                                ; this reg. is read-only if CSR bit 11 = 1
000689                    
000690                    ; ascal mode: bits 2 downto 0
000691                    M2M$ASCAL_NEAREST           .EQU 0x0000                      ; Nearest neighbor
000692                    M2M$ASCAL_BILINEAR          .EQU 0x0001                      ; Bilinear
000693                    M2M$ASCAL_SBILINEAR         .EQU 0x0002                      ; Sharp Bilinear
000694                    M2M$ASCAL_BICUBIC           .EQU 0x0003                      ; Bicubic
000695                    M2M$ASCAL_POLYPHASE         .EQU 0x0004                      ; Polyphase filter (used for CRT emulation)
000696                    
000697                    ; ascal Polyphase addresses
000698                    M2M$ASCAL_PP_HORIZ          .EQU 0x0000
000699                    M2M$ASCAL_PP_VERT           .EQU 0x0100
000700                    
000701                    ; ascal mode: bits 3 and 4
000702                    M2M$ASCAL_TRIPLEBUF         .EQU 0x0008                      ; Activate triple-buffering
000703                    M2M$ASCAL_RESERVED          .EQU 0x0010                      ; reserved (see ascal.vhd)
000704                    
000705                    ; ----------------------------------------------------------------------------
000706                    ; Special-purpose and general-purpose 16-bit input flags
000707                    ; Read-only; direct pass through from SOC inputs, not buffered in a register.
000708                    ; (Currently reserved and not used, yet)
000709                    ; ----------------------------------------------------------------------------
000710                    
000711                    ; special-purpose register that gets its semantics via the Shell firmware
000712                    M2M$SPECIAL                 .EQU 0xFFE4
000713                    
000714                    ; general-purpose register, can be freely used and is not used by the Shell
000715                    M2M$GENERAL                 .EQU 0xFFE5
000716                    
000717                    ; ----------------------------------------------------------------------------
000718                    ; Keyboard for the framework (independent from the keyboard of the core)
000719                    ; ----------------------------------------------------------------------------
000720                    
000721                    ; Low active realtime snapshot of the currently pressed keys (read-only)
000722                    ; (MMIO "qnice_keys_o" register of m2m_keys.vhd)
000723                    M2M$KEYBOARD                .EQU 0xFFE8
000724                    
000725                    ; Typematic delay (DLY) and typematic repeat (SPD)
000726                    ; DLY: How long needs the key to be pressed, until the typematic repeat starts
000727                    ; SPD: How fast will the pressed key be repeated
000728                    ; IMPORTANT: These values are empiric and relative to QNICE V1.61
000729                    M2M$TYPEMATIC_DLY           .EQU 0x8000                      ; ~0.5sec in QNICE V1.61
000730                    M2M$TYPEMATIC_SPD           .EQU 0x1000                      ; ~12 per sec
000731                    
000732                    ; Definition of the bits in M2M$KEYBOARD
000733                    M2M$KEY_UP                  .EQU 0x0001
000734                    M2M$KEY_DOWN                .EQU 0x0002
000735                    M2M$KEY_LEFT                .EQU 0x0004
000736                    M2M$KEY_RIGHT               .EQU 0x0008
000737                    M2M$KEY_RETURN              .EQU 0x0010
000738                    M2M$KEY_SPACE               .EQU 0x0020
000739                    M2M$KEY_RUNSTOP             .EQU 0x0040
000740                    M2M$KEY_HELP                .EQU 0x0080
000741                    M2M$KEY_F1                  .EQU 0x0100
000742                    M2M$KEY_F3                  .EQU 0x0200
000743                    
000744                    ; ----------------------------------------------------------------------------
000745                    ; 256-bit General purpose control flags
000746                    ; ----------------------------------------------------------------------------
000747                    
000748                    ; 256-bit directly controled by the programmer (not used by the Shell)
000749                    ; Select a window between 0 and 15 in M2M$CFD_ADDR and access the control
000750                    ; flags sliced into 16-bit chunks via M2M$CFD_DATA
000751                    ; exposed by QNICE via control_d_o
000752                    M2M$CFD_ADDR                .EQU 0xFFF0
000753                    M2M$CFD_DATA                .EQU 0xFFF1
000754                    
000755                    ; 256-bit controled by the Shell via the options menu, i.e. the menu that
000756                    ; opens when the core is running and the user presses "Help" on the keyboard:
000757                    ; the bit order is: bit 0 = topmost menu entry, the mapping is 1-to-1 to
000758                    ; OPTM_ITEMS / OPTM_GROUPS in config.vhd
000759                    ; exposed by QNICE via control_m_o; M2M$CFM_ADDR runs from 0 to 15
000760                    M2M$CFM_ADDR                .EQU 0xFFF2
000761                    M2M$CFM_DATA                .EQU 0xFFF3
000762                    
000763                    ; ----------------------------------------------------------------------------
000764                    ; MMIO 4k-segmented access to RAMs, ROMs and similarily behaving devices
000765                    ; ----------------------------------------------------------------------------
000766                    
000767                    M2M$RAMROM_DEV              .EQU 0xFFF4
000768                                                ; Devices 0x0000 .. 0x00FF: RESERVED (see below)
000769                                                ; Devices 0x0100 .. 0xFFFF: Free to be used for any RAM, ROM or device
000770                                                ; that behaves like a RAM or ROM from the
000771                                                ; perspective of QNICE
000772                    
000773                    M2M$VRAM_DATA               .EQU 0x0000                      ; Device for VRAM: Data
000774                    M2M$VRAM_ATTR               .EQU 0x0001                      ; Device for VRAM: Attributes
000775                    M2M$CONFIG                  .EQU 0x0002                      ; Static Shell config data (config.vhd)
000776                    M2M$ASCAL_PPHASE            .EQU 0x0003                      ; ascal.vhd Polyphase filter RAM
000777                    M2M$HYPERRAM                .EQU 0x0004                      ; Device for the built-in 8MB of HyperRAM
000778                    M2M$SDRAM                   .EQU 0x0005                      ; @TODO/RESERVED for future R4 boards
000779                    
000780                    M2M$SYS_INFO                .EQU 0x00FF                      ; Device for System Info
000781                    
000782                    M2M$RAMROM_4KWIN            .EQU 0xFFF5                      ; 4k window selector
000783                    M2M$RAMROM_DATA             .EQU 0x7000                      ; 4k MMIO window to read/write
000784                    
000785                    ; ----------------------------------------------------------------------------
000786                    ; Sysinfo device: Selectors and addresses
000787                    ; ----------------------------------------------------------------------------
000788                    
000789                    ; Selectors (4k windows)
000790                    M2M$SYS_VDRIVES             .EQU 0x0000                      ; vdrives constants (globals.vhd)
000791                    M2M$SYS_VGA                 .EQU 0x0010                      ; gfx adaptor 0: VGA
000792                    M2M$SYS_HDMI                .EQU 0x0011                      ; gfx adaptor 1: HDMI
000793                    M2M$SYS_CRTSANDROMS         .EQU 0x0020                      ; sim. CRTs. & ROMs (globals.vhd)
000794                    M2M$SYS_CORE                .EQU 0x0030                      ; info about the MiSTer core
000795                    
000796                    ; The following read-only registers are meant to be used by the QNICE
000797                    ; firmware. They enable the ability to specify the hardware screen resolution
000798                    ; in characters as well as the start coordinates and size of the main screen.
000799                    ; The position and size of the option menu is deducted.
000800                    M2M$SYS_DXDY                .EQU 0x7000
000801                    M2M$SHELL_M_XY              .EQU 0x7001                      ; main screen: x|y start coordinates
000802                    M2M$SHELL_M_DXDY            .EQU 0x7002                      ; main screen: dx|dy width and height
000803                    
000804                    ; M2M$SYS_CORE registers: measurement from ASCAL
000805                    M2M$SYS_CORE_X              .EQU 0x7000                      ; visible dx measurement from ASCAL
000806                    M2M$SYS_CORE_Y              .EQU 0x7001                      ; visible dy measurement from ASCAL
000807                    
000808                    ; M2M$SYS_CORE registers: measurement from M2M component
000809                    M2M$SYS_CORE_H_PXLS         .EQU 0x7002                      ; visible dx
000810                    M2M$SYS_CORE_V_PXLS         .EQU 0x7003                      ; visible dy
000811                    M2M$SYS_CORE_H_PLSE         .EQU 0x7004                      ; horizontal pulse
000812                    M2M$SYS_CORE_H_BP           .EQU 0x7005                      ; horizontal back porch
000813                    M2M$SYS_CORE_H_FP           .EQU 0x7006                      ; horizontal front porch
000814                    M2M$SYS_CORE_V_PLSE         .EQU 0x7007                      ; vertical pulse
000815                    M2M$SYS_CORE_V_BP           .EQU 0x7008                      ; vertical back porch
000816                    M2M$SYS_CORE_V_FP           .EQU 0x7009                      ; vertical front porch
000817                    M2M$SYS_CORE_H_FREQ         .EQU 0x700A                      ; horizontal frequency in Hz
000818                    
000819                    ; ----------------------------------------------------------------------------
000820                    ; Static Shell configuration data (config.vhd): Selectors and addresses
000821                    ; ----------------------------------------------------------------------------
000822                    
000823                    ; Selectors (4k windows)
000824                    
000825                    M2M$CFG_WHS                 .EQU 0x1000                      ; Welcome & Help screens
000826                    M2M$CFG_DIR_START           .EQU 0x0100                      ; Start folder for file browser
000827                    M2M$CFG_CFG_FILE            .EQU 0x0101                      ; Config file for OSM persistence
000828                    M2M$CFG_GENERAL             .EQU 0x0110                      ; General configuration settings
000829                    M2M$CFG_CORENAME            .EQU 0x0200                      ; String: name and version of core
000830                    
000831                    M2M$CFG_OPTM_ITEMS          .EQU 0x0300 ; "Help" menu / Options menu items
000832                    M2M$CFG_OPTM_GROUPS         .EQU 0x0301                      ; Menu groups
000833                    M2M$CFG_OPTM_STDSEL         .EQU 0x0302                      ; Menu items that are selected by default
000834                    M2M$CFG_OPTM_LINES          .EQU 0x0303                      ; Separator lines
000835                    M2M$CFG_OPTM_START          .EQU 0x0304                      ; Position of very first cursor pos
000836                    M2M$CFG_OPTM_ICOUNT         .EQU 0x0305                      ; Amount of menu items
000837                    M2M$CFG_OPTM_MOUNT          .EQU 0x0306                      ; Menu item = mount a drive
000838                    M2M$CFG_OPTM_SINGLE         .EQU 0x0307                      ; Single-select menu item
000839                    M2M$CFG_OPTM_MSTR           .EQU 0x0308                      ; Mount string to display instead of %s
000840                    M2M$CFG_OPTM_DIM            .EQU 0x0309                      ; DX and DY of Options/Help menu
000841                    M2M$CFG_OPTM_SSTR           .EQU 0x030A                      ; Saving string to display instead of %s
000842                    M2M$CFG_OPTM_HELP           .EQU 0x0310                      ; Menu item = show a help menu
000843                    M2M$CFG_OPTM_CRTROM         .EQU 0x0311                      ; Menu item = manually load CRT/ROM
000844                    M2M$CFG_OPTM_CRSTR          .EQU 0x0312                      ; CRT/ROM load str. to show instead of %s
000845                    
000846                    ; M2M$CFG_WHS
000847                    
000848                    M2M$WHS_PAGES               .EQU 0x7FFF                      ; Amount of pages in current WHS element
000849                    M2M$WHS_WELCOME             .EQU 0x0000                      ; WHS array element: Welcome page
000850                    M2M$WHS_HELP_INDEX          .EQU 0x0001                      ; WHS array: Help pages start with index 1
000851                    M2M$WHS_HELP_NEXT           .EQU 0x0100                      ; WHS array element: Next help structure
000852                    M2M$WHS_PAGE_NEXT           .EQU 0x0001                      ; WHS array element: Next page / prev page
000853                    
000854                    ; M2M$CFG_OPTM_DIM: Addresses
000855                    
000856                    M2M$SHELL_O_DX              .EQU 0x7000                      ; Width of Help/Options menu
000857                    M2M$SHELL_O_DY              .EQU 0x7001                      ; Height of Help/Options menu
000858                    
000859                    ; M2M$CFG_GENERAL Addresses
000860                    
000861                    M2M$CFG_RP_COUNTER          .EQU 0x7001 ; keep reset for a "QNICE loop while"
000862                    M2M$CFG_RP_PAUSE            .EQU 0x7002                      ; pause core when any OSD opens
000863                    M2M$CFG_RP_WELCOME          .EQU 0x7003                      ; show the welcome screen in general
000864                    M2M$CFG_RP_WLCM_RST         .EQU 0x7004                      ; show welcome screen after reset
000865                    M2M$CFG_RP_KB_RST           .EQU 0x7005                      ; connect the keyboard at reset
000866                    M2M$CFG_RP_J1_RST           .EQU 0x7006                      ; connect the joystick 1 at reset
000867                    M2M$CFG_RP_J2_RST           .EQU 0x7007                      ; connect the joystick 2 at reset
000868                    M2M$CFG_RP_KB_OSD           .EQU 0x7008                      ; connect the keyboard at OSD
000869                    M2M$CFG_RP_J1_OSD           .EQU 0x7009                      ; connect the joystick 1 at OSD
000870                    M2M$CFG_RP_J2_OSD           .EQU 0x700A                      ; connect the joystick 2 at OSD
000871                    
000872                    M2M$CFG_ASCAL_USAGE         .EQU 0x700B                      ; firmware treatment of ascal mode
000873                    M2M$CFG_ASCAL_MODE          .EQU 0x700C                      ; hardcoded ascal mode, if applicable
000874                    
000875                    M2M$CFG_VD_AT_DELAY         .EQU 0x700D                      ; Anti-Thrashing delay (virtual drives)
000876                    M2M$CFG_VD_ITERSIZE         .EQU 0x700E                      ; Bytes that are saving per flushing-iter.
000877                    
000878                    M2M$CFG_SAVEOSDCFG          .EQU 0x700F                      ; Remember on-screen-menu settings
000879                    
000880                    ; M2M$CFG_ASCAL_USAGE modes
000881                    M2M$CFG_AUSE_CFG            .EQU 0x0000                      ; use ASCAL_MODE from config.vhd
000882                    M2M$CFG_AUSE_CUSTOM         .EQU 0x0001                      ; controlled via custom QNICE assembly
000883                    M2M$CFG_AUSE_AUTO           .EQU 0x0002                      ; auto-sync via M2M$CFG_ASCAL_USAGE
000884                    
000885                    ; ----------------------------------------------------------------------------
000886                    ; Virtual Drives Device for MiSTer "SD" interface (vdrives.vhd)
000887                    ; ----------------------------------------------------------------------------
000888                    
000889                    ; sysinfo addresses (data is configured by the user in globals.vhd)
000890                    VD_NUM                      .EQU 0x7000                      ; amount of virtual drives
000891                    VD_DEVICE                   .EQU 0x7001                      ; address of the vdrives.vhd device
000892                    VD_RAM_BUFFERS              .EQU 0x7100                      ; array of RAM buffers to store dsk images
000893                    VD_BUF_SDDIRECT             .EQU 0xAAAA ; "buffer" value: no RAM buffer, the image
000894                                                ; stays on the SD card and blocks are
000895                                                ; transferred on request (see shell.asm)
000896                    
000897                    ; window selectors for vdrives.vhd
000898                    VD_WIN_CAD                  .EQU 0x0000                      ; control and data registers
000899                    VD_WIN_DRV                  .EQU 0x0001                      ; drive 0, next window = drive 1, ...
000900                    
000901                    ; VD_WIN_CAD: control and data registers
000902                    VD_IMG_MOUNT                .EQU 0x7000                      ; image mounted, lowest bit = drive 0
000903                    VD_RO                       .EQU 0x7001                      ; read-only for currently mounted drive
000904                    VD_SIZE_L                   .EQU 0x7002                      ; image file size, low word
000905                    VD_SIZE_H                   .EQU 0x7003                      ; image file size, high word
000906                    VD_TYPE                     .EQU 0x7004                      ; image file type (2-bit value)
000907                    VD_B_ADDR                   .EQU 0x7005                      ; drive buffer: address
000908                    VD_B_DOUT                   .EQU 0x7006                      ; drive buffer: data out (to drive)
000909                    VD_B_WREN                   .EQU 0x7007                      ; drive buffer: write enable (also needs ack)
000910                    VD_VDNUM                    .EQU 0x7008                      ; number of virtual drives
000911                    VD_BLKSZ                    .EQU 0x7009                      ; block size for LBA in bytes
000912                    VD_DRV_MOUNT                .EQU 0x700A                      ; drive mounted, lowest bit = drive 0
000913                    
000914                    ; VD_WIN_DRV (and onwards): virtual drive specific registers
000915                    VD_LBA_L                    .EQU 0x7000                      ; SD LBA low word
000916                    VD_LBA_H                    .EQU 0x7001                      ; SD LBA high word
000917                    VD_BLKCNT                   .EQU 0x7002                      ; SD block count
000918                    VD_BYTES_L                  .EQU 0x7003                      ; SD block address in bytes: low word
000919                    VD_BYTES_H                  .EQU 0x7004                      ; SD block address in bytes: high word
000920                    VD_SIZEB                    .EQU 0x7005                      ; SD block data amount in bytes
000921                    VD_4K_WIN                   .EQU 0x7006                      ; SD block address in 4k win logic: window
000922                    VD_4K_OFFS                  .EQU 0x7007                      ; SD block address in 4k win logic: offset
000923                    VD_RD                       .EQU 0x7008                      ; SD read request
000924                    VD_WR                       .EQU 0x7009                      ; SD write request
000925                    VD_ACK                      .EQU 0x700A                      ; SD acknowledge
000926                    VD_B_DIN                    .EQU 0x700B                      ; drive buffer: data in (from drive)
000927                    VD_CACHE_DIRTY              .EQU 0x700C                      ; cache dirty flag
000928                    VD_CACHE_FLUSHING           .EQU 0x700D                      ; cache flushing flag
000929                    VD_CACHE_FLUSH_ST           .EQU 0x700E                      ; cache flushing can start now
000930                    VD_CACHE_FLUSH_DE           .EQU 0x700F                      ; delay in ms between VD_WR and FLUSH_ST
000931                    
000932                    ; ----------------------------------------------------------------------------
000933                    ; Automatically and manually loadable cartridges and ROMs
000934                    ; ----------------------------------------------------------------------------
000935                    
000936                    ; sysinfo addresses (data is configured by the user in globals.vhd)
000937                    CRTROM_MAN_NUM_A            .EQU 0x7000                      ; amount of manually loadable CRTs/ROMs
000938                    CRTROM_AUT_NUM_A            .EQU 0x7001                      ; amount of automatically loadable ROMs
000939                    CRTROM_MAN_BUFFERS          .EQU 0x7100                      ; array of records: manually loadable
000940                    CRTROM_AUT_BUFFERS          .EQU 0x7200                      ; array of records: automatically loadable
000941                    CRTROM_AUT_FILES            .EQU 0x7300                      ; auto-load filesnames
000942                    
000943                    ; Type of byte streaming device for receiving the CRT/ROM data
000944                    CRTROM_TYPE_DEVICE          .EQU 0x0000                      ; any QNICE compatible device
000945                    CRTROM_TYPE_HYPRAM          .EQU 0x0001                      ; HyperRAM
000946                    CRTROM_TYPE_SDRAM           .EQU 0x0002                      ; @TODO/RESERVED for future R4 boards
000947                    CRTROM_TYPE_MNDTRY          .EQU 0x0003                      ; mandatory ROM
000948                    CTRROM_TYPE_OPTNL           .EQU 0x0004                      ; optional ROM
000949                    
000950                    ; Control and status registers of a CRT/ROM device
000951                    CRTROM_CSR_4KWIN            .EQU 0xFFFF                      ; 4K window in the device addr. space
000952                    
000953                    CRTROM_CSR_STATUS           .EQU 0x7000                      ; QNICE to device: load status (see below)
000954                    CRTROM_CSR_FS_LO            .EQU 0x7001                      ; filesize of CRT/ROM: low word
000955                    CRTROM_CSR_FS_HI            .EQU 0x7002                      ; filesize of CRT/ROM: high word
000956                    CRTROM_CSR_PARSEST          .EQU 0x7010                      ; device to QNICE: parse status
000957                    CRTROM_CSR_PARSEE1          .EQU 0x7011                      ; device to QNICE: error code
000958                    CRTROM_CSR_ADDR_LO          .EQU 0x7012                      ; device to QNICE: load address low word
000959                    CRTROM_CSR_ADDR_HI          .EQU 0x7013                      ; device to QNICE: load address high word
000960                    CRTROM_CSR_ERR_STRT         .EQU 0x7100                      ; device to QNICE: status string
000961                    
000962                    ; QNICE to device: CRT/ROM load status
000963                    CRTROM_CSR_ST_IDLE          .EQU 0x0000                      ; device is initialized, no loading
000964                    CRTROM_CSR_ST_LDNG          .EQU 0x0001                      ; loading takes place
000965                    CRTROM_CSR_ST_ERR           .EQU 0x0002                      ; loading failed
000966                    CRTROM_CSR_ST_OK            .EQU 0x0003                      ; loading successful
000967                    
000968                    ; Device to QNICE: Parsing status
000969                    CRTROM_CSR_PT_IDLE          .EQU 0x0000                      ; parser is idle
000970                    CRTROM_CSR_PT_PRSNG         .EQU 0x0001                      ; parser is parsing
000971                    CRTROM_CSR_PT_OK            .EQU 0x0002                      ; parsing successful
000972                    CRTROM_CSR_PT_ERR           .EQU 0x0003                      ; parsing error
000973                    
000974                    ; ----------------------------------------------------------------------------
000975                    ; Situation and context identifiers for custom messages
000976                    ; ----------------------------------------------------------------------------
000977                    
000978                    CTX_MASK_CTX                .EQU 0xFF00                      ; used to mask out the lower byte
000979                    CTX_MASK_PARAM              .EQU 0x00FF                      ; used to mask out the higher byte
000980                    
000981                    ; Trying to mount a disk or a rom image. The lower byte contains the
000982                    ; core-specific disk or rom image type and core specific code can use this
000983                    ; to filter for the right types and to output context-sensitive messages
000984                    CTX_MOUNT_DISKIMG           .EQU 0x0100                      ; trying to mount a disk image
000985                    CTX_LOAD_ROM                .EQU 0x0200                      ; trying to mount a rom image
000986                    
000987                    ; The filter function returned an empty linked list. This happens when there
000988                    ; is no file that fits the criteria in the root folder and additionally the
000989                    ; root folder has no sub-directory
000990                    CMSG_BROWSENOTHING          .EQU 0x0001
000991                                                .ORG 0x8000
000992  8000  0FB4  FEE0                              MOVE 0xFEE0, R13
000993  8002  0FA0  8576                              MOVE HANDLE_DEV, R8
000994  8004  0FA4  0001                              MOVE 1, R9
000995  8006  FF90  0044                              ASUB f32_mnt_sd, 1
000996  8008  0FA0  8576                              MOVE HANDLE_DEV, R8
000997  800A  0FA4  855D                              MOVE HANDLE_FILE, R9
000998  800C  0FA8  8569                              MOVE STR_FILE, R10
000999  800E  BB2C                                    XOR R11, R11
001000  800F  FF90  0050                              ASUB f32_fopen, 1
001001                    
001002  8011  0F88  00AB                              MOVE 0x00AB, R2                  ; R2: target device
001003  8013  B30C                                    XOR R3, R3                       ; R3: target 4k window
001004  8014  0F90  7000                              MOVE M2M$RAMROM_DATA, R4         ; R4: next 4k win indicator
001005  8016  1F90  1000                              ADD 0x1000, R4
001006  8018  0F94  7000                              MOVE M2M$RAMROM_DATA, R5         ; R5: target address
001007                    
001008  801A  0F84  A000                              MOVE MODE, R1
001009  801C  0144                                    MOVE @R1, R1
001010  801D  CF84  0000                              CMP 0, R1
001011  801F  FFA3  002F                              RBRA _DONE, Z
001012  8021  CF84  0001                              CMP 1, R1
001013  8023  FFA3  0013                              RBRA _OLD, Z
001014                    
001015                                                ; ---- the new path
001016  8025  0FA0  855D                              MOVE HANDLE_FILE, R8
001017  8027  0FA4  8613                              MOVE SDB_RM_MAP, R9
001018  8029  FFB0  01D7                              RSUB SDB_MAP_BUILD, 1
001019  802B  0FA0  855D                              MOVE HANDLE_FILE, R8
001020  802D  0FA4  8613                              MOVE SDB_RM_MAP, R9
001021  802F  0228                                    MOVE R2, R10
001022  8030  032C                                    MOVE R3, R11
001023  8031  0530                                    MOVE R5, R12
001024  8032  FFB0  0481                              RSUB SDB_FREAD_FAST, 1
001025  8034  FFAA  0002                              RBRA _OLD, !C
001026  8036  0B0C                                    MOVE R11, R3
001027  8037  0C14                                    MOVE R12, R5
001028                    
001029                                                ; ---- the byte loop, verbatim from crts-and-roms.asm
001030  8038  0FA0  855D  _OLD                        MOVE HANDLE_FILE, R8
001031  803A  FF90  0052                              ASUB f32_fread, 1
001032  803C  CFA8  EEEE                              CMP FAT32$EOF, R10
001033  803E  FFA3  0010                              RBRA _DONE, Z
001034  8040  0FA0  FFF4                              MOVE M2M$RAMROM_DEV, R8
001035  8042  0221                                    MOVE R2, @R8
001036  8043  0FA0  FFF5                              MOVE M2M$RAMROM_4KWIN, R8
001037  8045  0321                                    MOVE R3, @R8
001038  8046  0916                                    MOVE R9, @R5++
001039  8047  C414                                    CMP R4, R5
001040  8048  FFAB  FFEE                              RBRA _OLD, !Z
001041  804A  0F94  7000                              MOVE M2M$RAMROM_DATA, R5
001042  804C  1F8C  0001                              ADD 1, R3
001043  804E  FFA0  FFE8                              RBRA _OLD, 1
001044                    
001045  8050  E000        _DONE                       HALT
001046                    
001047                    ; ****************************************************************************
001048                    ; MiSTer2MEGA65 (M2M) QNICE ROM
001049                    ;
001050                    ; sdblock.asm: direct 512-byte block access to files on the SD card
001051                    ;
001052                    ; The FAT32 library of the QNICE Monitor only offers a byte-wise API
001053                    ; (f32_fread / f32_fwrite). Every single byte revalidates the cluster and the
001054                    ; sector of the file handle, which costs about 107 instructions per byte, and
001055                    ; f32_fseek walks the cluster chain from the start of the file, which makes a
001056                    ; random access at the far end of a 42 MB image cost seconds.
001057                    ;
001058                    ; This module resolves the on-disk layout of a file *once* into a compact
001059                    ; extent table and can then map "block N of the file" to an absolute SD card
001060                    ; LBA. A block is then one SD$READ_BLOCK plus a tight copy loop out of the
001061                    ; 512-byte buffer of the SD controller.
001062                    ;
001063                    ; ----------------------------------------------------------------------------
001064                    ; THE TWO RULES
001065                    ; ----------------------------------------------------------------------------
001066                    ;
001067                    ; (1) The FAT32 library must never be able to tell that we were here.
001068                    ;
001069                    ; The 512-byte "sector buffer" of the FAT32 library IS the 512-byte
001070                    ; hardware buffer of the SD controller; the device handle only remembers
001071                    ; *which* file handle filled it (FAT32$DEV_BUFFERED_FDH). Every direct
001072                    ; access destroys the library's buffer while the library still believes
001073                    ; it holds a particular sector.
001074                    ;
001075                    ; Earlier versions of this file solved that by pointing
001076                    ; FAT32$DEV_BUFFERED_FDH at a dummy handle, i.e. by reaching into the
001077                    ; library's bookkeeping. That is not done any more. Instead:
001078                    ;
001079                    ; * SDB_GUARD_IN works out, *before* anything is touched, which sector
001080                    ; the library believes is in the buffer and whether that sector can
001081                    ; be read back. If it cannot, the fast path is refused and nothing
001082                    ; is touched at all.
001083                    ; * a dirty buffer is written back through the library first.
001084                    ; * SDB_GUARD_OUT reads that very sector back, so the buffer holds
001085                    ; exactly what it held before.
001086                    ; * SDB_FREAD_FAST, which moves the file position anyway, restores the
001087                    ; library state the library's own way: with an f32_fseek, which
001088                    ; unconditionally re-reads the sector and re-claims ownership.
001089                    ;
001090                    ; The one remaining poke, SDB_ORPHAN, exists only for the case where the
001091                    ; restoring read itself fails, i.e. where the card is already broken. It
001092                    ; is strictly better than leaving the library with a buffer that holds
001093                    ; something else than it thinks.
001094                    ;
001095                    ; (2) Any error anywhere leaves the caller with "nothing happened".
001096                    ;
001097                    ; Every entry point returns Carry=0 on any problem, and the byte-wise
001098                    ; FAT32 path then does all of the work exactly as it did before this
001099                    ; file existed. In particular:
001100                    ;
001101                    ; * an SD card error latches the controller into its error state (see
001102                    ; the IO$SD_CSR description in sysdef.asm: "you need to reset the
001103                    ; controller to go on"), which would make every *subsequent* library
001104                    ; access fail too. SDB_SDERR therefore issues SD$RESET after any
001105                    ; failed SD operation before we hand back control.
001106                    ; * SDB_FREAD_FAST never seeks to the end of the file. It always leaves
001107                    ; at least one whole block to the byte loop, so the file position it
001108                    ; hands over is strictly inside the file and the caller reaches EOF
001109                    ; through the library, the way it always did.
001110                    ; * every seek is verified against FAT32$FDH_ACCESS afterwards.
001111                    ;
001112                    ; ----------------------------------------------------------------------------
001113                    ; Serial logging
001114                    ; ----------------------------------------------------------------------------
001115                    ; The switch is SDB_DEBUG in M2M/rom/sdblock_cfg.asm, which shell.asm includes
001116                    ; as its very first line. It must NOT be defined here: this file is included
001117                    ; at the end of shell.asm, and the C preprocessor runs once from top to
001118                    ; bottom, so a #define here would be invisible to every #ifdef above it.
001119                    ;
001120                    ; This file needs the environment of shell.asm.
001121                    ;
001122                    ; done for the PCXT-EGA-MEGA65 port and licensed under GPL v3
001123                    ; ****************************************************************************
001124                    
001125                    ; ----------------------------------------------------------------------------
001126                    ; Layout of a block map (see SDB_VD_MAPS / SDB_RM_MAP in shell_vars.asm)
001127                    ; ----------------------------------------------------------------------------
001128                    
001129                    ; Maximum amount of extents (runs of physically consecutive clusters) that we
001130                    ; are willing to remember for one file. A freshly copied image file normally
001131                    ; is one single extent. Files that would need more extents than this fall
001132                    ; back to the FAT32 library path.
001133                    SDB_MAX_EXT                 .EQU 8
001134                    
001135                    SDB_M_NEXT                  .EQU 0                           ; amount of valid extents; 0 = no map
001136                    SDB_M_FDH                   .EQU 1                           ; FDH this map was built for
001137                    SDB_M_TBLK_LO               .EQU 2                           ; amount of *whole* 512-byte blocks..
001138                    SDB_M_TBLK_HI               .EQU 3                           ; ..in the file (filesize / 512)
001139                    SDB_M_BAIL                  .EQU 4                           ; why there is no map (SDB_B_*)
001140                    SDB_M_EXT                   .EQU 5                           ; start of the extent array
001141                    
001142                    ; one extent: amount of blocks (lo/hi) and the absolute SD card LBA (lo/hi)
001143                    ; of the first of them
001144                    SDB_E_NBLK_LO               .EQU 0
001145                    SDB_E_NBLK_HI               .EQU 1
001146                    SDB_E_LBA_LO                .EQU 2
001147                    SDB_E_LBA_HI                .EQU 3
001148                    SDB_E_SIZE                  .EQU 4
001149                    
001150                    ; size of one map in words: SDB_M_EXT + SDB_E_SIZE * SDB_MAX_EXT = 5 + 4*8
001151                    ; = 37, rounded up to 40 to leave room
001152                    SDB_M_SIZE                  .EQU 40
001153                    
001154                    ; Amount of virtual drives that SDB_VD_MAPS in shell_vars.asm has room for.
001155                    ; The QNICE assembler cannot evaluate expressions in .BLOCK, so the size of
001156                    ; SDB_VD_MAPS is the literal SDB_M_SIZE * SDB_VD_MAX_N and both have to be
001157                    ; kept in sync by hand. Virtual drives beyond SDB_VD_MAX_N are not broken,
001158                    ; they just always use the (slow) FAT32 library path.
001159                    SDB_VD_MAX_N                .EQU 3
001160                    
001161                    ; Why a map could not be built. Logged, and also readable from SDB_M_BAIL.
001162                    SDB_B_OK                    .EQU 0
001163                    SDB_B_NOMAP                 .EQU 1                           ; no map slot for this drive
001164                    SDB_B_NODEV                 .EQU 2                           ; file handle has no device handle
001165                    SDB_B_NOSPC                 .EQU 3                           ; sectors per cluster is zero
001166                    SDB_B_EMPTY                 .EQU 4                           ; file is shorter than one block
001167                    SDB_B_BADSTART              .EQU 5                           ; start cluster < 2
001168                    SDB_B_FRAG                  .EQU 6                           ; more extents than SDB_MAX_EXT
001169                    SDB_B_FATERR                .EQU 7                           ; could not read a FAT sector
001170                    SDB_B_BADCLUS               .EQU 8                           ; illegal cluster in the chain
001171                    SDB_B_SHORT                 .EQU 9                           ; chain ends before the file does
001172                    SDB_B_LBA                   .EQU 10                          ; LBA arithmetic out of range
001173                    SDB_B_GUARD                 .EQU 11                          ; buffer could not be made restorable
001174                    SDB_B_SEEK                  .EQU 12                          ; restoring seek failed
001175                    
001176                    ; Why one virtual drive block request did or did not take the fast path.
001177                    ; Left in SDB_RD_STAT by SDB_VD_RDBLK / SDB_VD_WRBLK after every request, so
001178                    ; it can be read out even in a build without the serial log.
001179                    SDB_R_OK                    .EQU 0                           ; fast path taken
001180                    SDB_R_SIZE                  .EQU 1                           ; VD_SIZEB is not exactly 512
001181                    SDB_R_ALIGN                 .EQU 2                           ; byte position is not block aligned
001182                    SDB_R_MAP                   .EQU 3                           ; no usable map for this drive/handle
001183                    SDB_R_RANGE                 .EQU 4                           ; block is outside the mapped file
001184                    SDB_R_GUARD                 .EQU 5                           ; buffer could not be made restorable
001185                    SDB_R_SDERR                 .EQU 6                           ; the SD card operation failed
001186                    
001187                    ; end-of-chain marker: everything >= 0x0FFFFFF8 terminates a FAT32 chain,
001188                    ; and everything >= 0x0FFFFFF0 is reserved, so refuse all of it
001189                    SDB_EOC_HI                  .EQU 0x0FFF
001190                    SDB_EOC_LO                  .EQU 0xFFF0
001191                    
001192                    ; ----------------------------------------------------------------------------
001193                    ; Housekeeping
001194                    ; ----------------------------------------------------------------------------
001195                    
001196                    ; SDB_INVAL_ALL
001197                    ; Invalidates all block maps, i.e. everything falls back to the FAT32 library
001198                    ; until the maps are rebuilt. Called from VD_INIT and whenever the SD card
001199                    ; changes. Also clears the two zero-filled helper structures, because the
001200                    ; variables live in uninitialized RAM.
001201                    ;
001202                    ; Input: none
001203                    ; Output: none, all registers unchanged
001204  8051  E0C0        SDB_INVAL_ALL               INCRB
001205  8052  0F80  859B                              MOVE SDB_VD_MAPS, R0
001206  8054  0F84  0003                              MOVE SDB_VD_MAX_N, R1
001207  8056  0F81  0000  _SDBIA_L                    MOVE 0, @R0
001208  8058  1F80  0028                              ADD SDB_M_SIZE, R0
001209  805A  3F84  0001                              SUB 1, R1
001210  805C  FFAB  FFF8                              RBRA _SDBIA_L, !Z
001211  805E  0F80  8613                              MOVE SDB_RM_MAP, R0
001212  8060  0F81  0000                              MOVE 0, @R0
001213  8062  0F80  863B                              MOVE SDB_NULL_MAP, R0
001214  8064  0F81  0000                              MOVE 0, @R0
001215  8066  0F80  8648                              MOVE SDB_G_VAL, R0
001216  8068  0F81  0000                              MOVE 0, @R0
001217                    
001218                                                ; SDB_DUMMY_FDH must read as an all-zero, and therefore never
001219                                                ; dirty, file handle: SDB_ORPHAN hands it to FAT32$FLUSH
001220  806A  0F80  863C                              MOVE SDB_DUMMY_FDH, R0
001221  806C  0F84  000C                              MOVE FAT32$FDH_STRUCT_SIZE, R1
001222  806E  0F82  0000  _SDBIA_L2                   MOVE 0, @R0++
001223  8070  3F84  0001                              SUB 1, R1
001224  8072  FFAB  FFFA                              RBRA _SDBIA_L2, !Z
001225  8074  E100                                    DECRB
001226  8075  0DBC                                    MOVE @R13++, R15
001227                    
001228                    ; SDB_VDMAP
001229                    ; Returns the block map that belongs to a virtual drive. Drives that have no
001230                    ; map (see SDB_VD_MAX_N) get the permanently empty SDB_NULL_MAP, which makes
001231                    ; SDB_CHECK fail and therefore forces the FAT32 library path.
001232                    ;
001233                    ; Input: R8: virtual drive number
001234                    ; Output: R8: pointer to the block map
001235  8076  E0C0        SDB_VDMAP                   INCRB
001236  8077  0800                                    MOVE R8, R0
001237  8078  0F84  0003                              MOVE SDB_VD_MAX_N, R1
001238  807A  C100                                    CMP R1, R0                       ; drive number < maximum?
001239  807B  FFA4  0004                              RBRA _SDBVM_OK, N                ; yes
001240  807D  0FA0  863B                              MOVE SDB_NULL_MAP, R8            ; no: never mapped
001241  807F  FFA0  000C                              RBRA _SDBVM_D, 1
001242  8081  0FA0  859B  _SDBVM_OK                   MOVE SDB_VD_MAPS, R8
001243  8083  CF80  0000  _SDBVM_L                    CMP 0, R0
001244  8085  FFA3  0006                              RBRA _SDBVM_D, Z
001245  8087  1FA0  0028                              ADD SDB_M_SIZE, R8
001246  8089  3F80  0001                              SUB 1, R0
001247  808B  FFA0  FFF6                              RBRA _SDBVM_L, 1
001248  808D  E100        _SDBVM_D                    DECRB
001249  808E  0DBC                                    MOVE @R13++, R15
001250                    
001251                    ; SDB_CHECK
001252                    ; Is the given map valid and does it belong to the given file handle?
001253                    ;
001254                    ; Input: R8: pointer to the block map
001255                    ; R9: file handle (FDH)
001256                    ; Output: Carry=1 if the map can be used, all registers unchanged
001257  808F  E0C0        SDB_CHECK                   INCRB
001258  8090  CFA1  0000                              CMP 0, @R8                       ; any extents?
001259  8092  FFA3  000A                              RBRA _SDBC_NO, Z                 ; no: unusable
001260  8094  0800                                    MOVE R8, R0
001261  8095  1F80  0001                              ADD SDB_M_FDH, R0
001262  8097  C064                                    CMP @R0, R9                      ; built for this file handle?
001263  8098  FFAB  0004                              RBRA _SDBC_NO, !Z                ; no: unusable
001264  809A  AFB8  0004                              OR 0x0004, R14                   ; set Carry
001265  809C  FFA0  0002                              RBRA _SDBC_R, 1
001266  809E  9FB8  FFFB  _SDBC_NO                    AND 0xFFFB, R14                  ; clear Carry
001267  80A0  E100        _SDBC_R                     DECRB
001268  80A1  0DBC                                    MOVE @R13++, R15
001269                    
001270                    ; ----------------------------------------------------------------------------
001271                    ; Every SD card access of the fast path goes through these two wrappers, so
001272                    ; that the time the card itself needs can be measured separately from
001273                    ; everything else, and so that the number of card accesses per virtual drive
001274                    ; request is countable. Without SDB_DEBUG they are a plain call.
001275                    ; ----------------------------------------------------------------------------
001276                    
001277                    ; SDB_SDRD: read one 512-byte block into the SD controller's buffer
001278                    ; Input: R8/R9 = LBA lo/hi
001279                    ; Output: R8 = 0, or the error code
001280  80A2              SDB_SDRD                    
001281                    
001282                    
001283                    
001284  80A2  FF90  003C                              ASUB sd_r_block, 1
001285                    
001286                    
001287                    
001288  80A4  0DBC                                    MOVE @R13++, R15
001289                    
001290                    ; SDB_SDWR: write the SD controller's buffer to one 512-byte block
001291                    ; Input: R8/R9 = LBA lo/hi
001292                    ; Output: R8 = 0, or the error code
001293  80A5              SDB_SDWR                    
001294                    
001295                    
001296                    
001297  80A5  FF90  003E                              ASUB sd_w_block, 1
001298                    
001299                    
001300                    
001301  80A7  0DBC                                    MOVE @R13++, R15
001302                    ; SDB_SDERR
001303                    ; Called after a failed SD card operation. The controller latches its error
001304                    ; state and refuses everything until it is reset, which would turn our
001305                    ; problem into a fatal error in the *next* FAT32 library call. Reset it, so
001306                    ; that the fallback path starts from a clean controller.
001307                    ;
001308                    ; Input: R8: the error code (only used for logging)
001309                    ; Output: none, R8 unchanged
001310  80A8  E0C0        SDB_SDERR                   INCRB
001311  80A9  0800                                    MOVE R8, R0
001312                    
001313                    
001314                    
001315                    
001316                    
001317                    
001318                    
001319  80AA  FF90  003A                              ASUB sd_reset, 1
001320  80AC  0020                                    MOVE R0, R8
001321  80AD  E100                                    DECRB
001322  80AE  0DBC                                    MOVE @R13++, R15
001323                    
001324                    ; ----------------------------------------------------------------------------
001325                    ; Guarding the FAT32 library's sector buffer
001326                    ; ----------------------------------------------------------------------------
001327                    
001328                    ; SDB_GUARD_IN
001329                    ; Prepares for direct SD card access. Writes the FAT32 library's sector
001330                    ; buffer back first if it is dirty, and notes whether a real file handle
001331                    ; currently claims the buffer, so that SDB_GUARD_OUT can tell that handle
001332                    ; afterwards that the contents are no longer what it thinks. Refuses
001333                    ; (Carry=0) without touching anything if the write-back fails.
001334                    ;
001335                    ; This used to remember the sector's LBA and read it back in
001336                    ; SDB_GUARD_OUT. That was a second SD card access per virtual drive request,
001337                    ; about 1.5 ms of hardware time out of 3.4 ms, for something that the
001338                    ; library's own re-read mechanism does for free. It also could only ever
001339                    ; satisfy one of the two device handles that share the one hardware buffer,
001340                    ; whereas marking tells both.
001341                    ;
001342                    ; Input: none
001343                    ; Output: Carry=1: direct access is allowed
001344                    ; Carry=0: do not touch the SD card, nothing has been touched
001345                    ; all registers unchanged
001346  80AF  FF90  005E  SDB_GUARD_IN                ASUB enter, 1
001347                    
001348  80B1  0FA0  8648                              MOVE SDB_G_VAL, R8               ; nobody to tell yet
001349  80B3  0FA1  0000                              MOVE 0, @R8
001350                    
001351  80B5  0FA0  8576                              MOVE HANDLE_DEV, R8              ; who claims the buffer?
001352  80B7  FFB0  0027                              RSUB _SDB_OWNER, 1
001353  80B9  FFA2  0008                              RBRA _SDBGI_HAVE, C
001354  80BB  0FA0  8588                              MOVE CONFIG_DEVH, R8
001355  80BD  FFB0  0021                              RSUB _SDB_OWNER, 1
001356  80BF  FFA2  0002                              RBRA _SDBGI_HAVE, C
001357  80C1  FFA0  0014                              RBRA _SDBGI_OK, 1                ; nobody: nothing to do
001358                    
001359                                                ; R8: device handle, R9: owning FDH
001360  80C3  0904        _SDBGI_HAVE                 MOVE R9, R1
001361                    
001362  80C4  0120                                    MOVE R1, R8                      ; dirty? then write it back
001363  80C5  1FA0  000B                              ADD FAT32$FDH_FLAGS, R8
001364  80C7  0860                                    MOVE @R8, R8
001365  80C8  9FA0  0001                              AND FAT32$FDHF_DIRTY, R8
001366  80CA  FFA3  0007                              RBRA _SDBGI_CLEAN, Z
001367  80CC  0120                                    MOVE R1, R8
001368  80CD  FF90  0068                              ASUB f32_fflush, 1
001369  80CF  CFA4  0000                              CMP 0, R9
001370  80D1  FFAB  0008                              RBRA _SDBGI_NO, !Z               ; cannot write back: refuse
001371                    
001372  80D3  0FA0  8648  _SDBGI_CLEAN                MOVE SDB_G_VAL, R8               ; a real handle owns it, so
001373  80D5  0FA1  0001                              MOVE 1, @R8                      ; ..it has to be told later
001374                    
001375  80D7  AFB8  0004  _SDBGI_OK                   OR 0x0004, R14                   ; set Carry
001376  80D9  FFA0  0002                              RBRA _SDBGI_RET, 1
001377  80DB  9FB8  FFFB  _SDBGI_NO                   AND 0xFFFB, R14                  ; clear Carry
001378  80DD  FF90  0060  _SDBGI_RET                  ASUB leave, 1
001379  80DF  0DBC                                    MOVE @R13++, R15
001380                    
001381                    ; Input: R8: device handle
001382                    ; Output: Carry=1 and R9 = the FDH that claims the buffer, R8 unchanged
001383                    ;
001384                    ; SDB_DUMMY_FDH is our own "the contents are unknown" marker and must not be
001385                    ; reported as an owner: otherwise the request after an orphaned one would try
001386                    ; to write back and mark a handle that is not a real file, and - since the
001387                    ; dummy has cluster 0 - would have been refused outright by the old
001388                    ; restore-based guard.
001389  80E0  E0C0        _SDB_OWNER                  INCRB
001390  80E1  CFA1  0000                              CMP 0, @R8                       ; device handle initialized?
001391  80E3  FFA3  000F                              RBRA _SDB_OWN_NO, Z
001392  80E5  0800                                    MOVE R8, R0
001393  80E6  1F80  0011                              ADD FAT32$DEV_BUFFERED_FDH, R0
001394  80E8  0064                                    MOVE @R0, R9
001395  80E9  FFA3  0009                              RBRA _SDB_OWN_NO, Z              ; nobody claims it
001396  80EB  0F80  863C                              MOVE SDB_DUMMY_FDH, R0
001397  80ED  C024                                    CMP R0, R9                       ; already marked as unknown?
001398  80EE  FFA3  0004                              RBRA _SDB_OWN_NO, Z              ; then there is no owner
001399  80F0  AFB8  0004                              OR 0x0004, R14
001400  80F2  FFA0  0002                              RBRA _SDB_OWN_R, 1
001401  80F4  9FB8  FFFB  _SDB_OWN_NO                 AND 0xFFFB, R14
001402  80F6  E100        _SDB_OWN_R                  DECRB
001403  80F7  0DBC                                    MOVE @R13++, R15
001404                    
001405                    ; SDB_GUARD_OUT
001406                    ; The direct access is done and the hardware buffer now holds our block. Tell
001407                    ; whoever claimed it that its contents are unknown, so that the FAT32 library
001408                    ; re-reads instead of trusting it.
001409                    ;
001410                    ; Input: none
001411                    ; Output: none, all registers unchanged
001412  80F8  FF90  005E  SDB_GUARD_OUT               ASUB enter, 1
001413  80FA  0FA0  8648                              MOVE SDB_G_VAL, R8
001414  80FC  CFA1  0000                              CMP 0, @R8
001415  80FE  FFA3  0004                              RBRA _SDBGO_RET, Z               ; nobody had claimed it
001416  8100  0FA1  0000                              MOVE 0, @R8
001417  8102  FFB0  000A                              RSUB SDB_ORPHAN, 1
001418  8104  FF90  0060  _SDBGO_RET                  ASUB leave, 1
001419  8106  0DBC                                    MOVE @R13++, R15
001420                    
001421                    ; SDB_GUARD_CLR
001422                    ; The library has been put back by other means - SDB_FREAD_FAST finishes with
001423                    ; an f32_fseek, which re-reads the sector and re-claims ownership itself - so
001424                    ; there is nothing left to mark.
001425                    ;
001426                    ; Input: none
001427                    ; Output: none, all registers unchanged
001428  8107  E0C0        SDB_GUARD_CLR               INCRB
001429  8108  0F80  8648                              MOVE SDB_G_VAL, R0
001430  810A  0F81  0000                              MOVE 0, @R0
001431  810C  E100                                    DECRB
001432  810D  0DBC                                    MOVE @R13++, R15
001433                    
001434                    ; SDB_ORPHAN
001435                    ; Tells both device handles that the contents of the 512-byte hardware buffer
001436                    ; are unknown, so that the library re-reads rather than serving something we
001437                    ; overwrote. This is the same mechanism the library uses on itself: READ_FDH
001438                    ; compares FAT32$DEV_BUFFERED_FDH with the handle it was called for and
001439                    ; re-reads through FAT32$RW_SIC whenever they differ.
001440                    ;
001441                    ; "Unknown" is expressed by handing the buffer to SDB_DUMMY_FDH, an all-zero
001442                    ; and therefore never dirty file handle, and not by the obvious 0: FAT32$FLUSH
001443                    ; returns immediately when called with R8 = 0 and then leaves R9 - its error
001444                    ; code - untouched, and FAT32$FILE_SEEK checks that stale R9 right after
001445                    ; calling it, so a seek would silently do nothing.
001446                    ;
001447                    ; Note what this does NOT do: it issues no SD card access of its own, so it
001448                    ; cannot produce an LBA, and therefore cannot reproduce anything of the shape
001449                    ; that made hardware run 1 fatal (a wild LBA latching the controller's error
001450                    ; state). All of the guards against that - stopping one block short of the
001451                    ; end of a file, verifying FAT32$FDH_ACCESS after every seek, validating every
001452                    ; LBA in SDB_CLULBA, and resetting the controller after a failed access - are
001453                    ; untouched.
001454                    ;
001455                    ; Input: none
001456                    ; Output: none, all registers unchanged
001457  810E  FF90  005E  SDB_ORPHAN                  ASUB enter, 1
001458                    
001459                    
001460                    
001461                    
001462                    
001463  8110  0FA0  8576                              MOVE HANDLE_DEV, R8
001464  8112  FFB0  000B                              RSUB _SDB_ORPH1, 1
001465  8114  0FA0  8588                              MOVE CONFIG_DEVH, R8
001466  8116  FFB0  0007                              RSUB _SDB_ORPH1, 1
001467  8118  0FA0  8648                              MOVE SDB_G_VAL, R8               ; everybody has been told
001468  811A  0FA1  0000                              MOVE 0, @R8
001469  811C  FF90  0060                              ASUB leave, 1
001470  811E  0DBC                                    MOVE @R13++, R15
001471                    
001472  811F  E0C0        _SDB_ORPH1                  INCRB
001473  8120  0804                                    MOVE R8, R1
001474  8121  CFA1  0000                              CMP 0, @R8
001475  8123  FFA3  0006                              RBRA _SDB_ORPH_R, Z
001476  8125  0800                                    MOVE R8, R0
001477  8126  1F80  0011                              ADD FAT32$DEV_BUFFERED_FDH, R0
001478  8128  0F88  863C                              MOVE SDB_DUMMY_FDH, R2
001479  812A  0201                                    MOVE R2, @R0
001480  812B  0120        _SDB_ORPH_R                 MOVE R1, R8
001481  812C  E100                                    DECRB
001482  812D  0DBC                                    MOVE @R13++, R15
001483                    
001484                    ; ----------------------------------------------------------------------------
001485                    ; 32-bit helpers
001486                    ; ----------------------------------------------------------------------------
001487                    
001488                    ; SDB_B2BLK
001489                    ; Converts a byte position into a 512-byte block index (unsigned 32 bit).
001490                    ;
001491                    ; Input: R9/R10: byte position lo/hi
001492                    ; Output: R9/R10: block index lo/hi
001493  812E  E0C0        SDB_B2BLK                   INCRB
001494  812F  0A00                                    MOVE R10, R0
001495  8130  9F80  01FF                              AND 0x01FF, R0                   ; bits that move down into..
001496  8132  9FB8  FFFD                              AND 0xFFFD, R14                  ; ..the low word; clear X so..
001497  8134  5F80  0007                              SHL 7, R0                        ; ..SHL shifts in zeros
001498  8136  9FB8  FFFB                              AND 0xFFFB, R14                  ; clear C so SHR shifts in 0
001499  8138  6FA4  0009                              SHR 9, R9
001500  813A  1024                                    ADD R0, R9
001501  813B  9FB8  FFFB                              AND 0xFFFB, R14
001502  813D  6FA8  0009                              SHR 9, R10
001503  813F  E100                                    DECRB
001504  8140  0DBC                                    MOVE @R13++, R15
001505                    
001506                    ; SDB_BLK2B
001507                    ; Converts a 512-byte block index into a byte position (unsigned 32 bit).
001508                    ;
001509                    ; Input: R9/R10: block index lo/hi
001510                    ; Output: R9/R10: byte position lo/hi
001511  8141  E0C0        SDB_BLK2B                   INCRB
001512  8142  0900                                    MOVE R9, R0
001513  8143  9FB8  FFFB                              AND 0xFFFB, R14                  ; clear C so SHR shifts in 0
001514  8145  6F80  0007                              SHR 7, R0                        ; bits that move up into..
001515  8147  9FB8  FFFD                              AND 0xFFFD, R14                  ; ..the high word; clear X
001516  8149  5FA8  0009                              SHL 9, R10
001517  814B  1028                                    ADD R0, R10
001518  814C  9FB8  FFFD                              AND 0xFFFD, R14
001519  814E  5FA4  0009                              SHL 9, R9
001520  8150  E100                                    DECRB
001521  8151  0DBC                                    MOVE @R13++, R15
001522                    
001523                    ; SDB_CLULBA
001524                    ; The absolute SD card LBA of one sector within one cluster, i.e. exactly
001525                    ; what FAT32$RW_SIC computes, with every range check spelled out.
001526                    ;
001527                    ; Input: R8: device handle
001528                    ; R9/R10: cluster lo/hi
001529                    ; R11: sector within the cluster
001530                    ; Output: Carry=1: R9/R10 = LBA lo/hi
001531                    ; Carry=0: the cluster or the sector is out of range
001532                    ; R8, R11 unchanged
001533  8152  E0C0        SDB_CLULBA                  INCRB
001534  8153  0800                                    MOVE R8, R0                      ; R0: device handle
001535  8154  0B04                                    MOVE R11, R1                     ; R1: sector
001536                    
001537  8155  CFA8  0000                              CMP 0, R10                       ; cluster >= 2?
001538  8157  FFAB  0006                              RBRA _SDBCL_C1, !Z
001539  8159  CFA4  0001                              CMP 1, R9
001540  815B  FFA4  0044                              RBRA _SDBCL_NO, N                ; cluster = 0
001541  815D  FFA3  0042                              RBRA _SDBCL_NO, Z                ; cluster = 1
001542  815F  CFA8  0FFF  _SDBCL_C1                   CMP SDB_EOC_HI, R10              ; cluster < 0x0FFFFFF0?
001543  8161  FFAB  0006                              RBRA _SDBCL_C2, !Z
001544  8163  C93E  FFF0                              CMP R9, SDB_EOC_LO
001545  8165  FFA4  003A                              RBRA _SDBCL_NO, N
001546  8167  FFA3  0038                              RBRA _SDBCL_NO, Z
001547  8169  CA3E  0FFF  _SDBCL_C2                   CMP R10, 0x0FFF                  ; and inside 28 bits at all?
001548  816B  FFA4  0034                              RBRA _SDBCL_NO, N
001549                    
001550  816D  0008                                    MOVE R0, R2                      ; R2: sectors per cluster
001551  816E  1F88  000C                              ADD FAT32$DEV_SECT_PER_CLUS, R2
001552  8170  0248                                    MOVE @R2, R2
001553  8171  FFA3  002E                              RBRA _SDBCL_NO, Z
001554  8173  020C                                    MOVE R2, R3
001555  8174  3F8C  0001                              SUB 1, R3
001556  8176  C10C                                    CMP R1, R3                       ; sector inside the cluster?
001557  8177  FFA4  0028                              RBRA _SDBCL_NO, N
001558                    
001559  8179  0920                                    MOVE R9, R8                      ; (cluster - 2) * spc
001560  817A  0A24                                    MOVE R10, R9
001561  817B  3FA0  0002                              SUB 2, R8
001562  817D  4FA4  0000                              SUBC 0, R9
001563  817F  0228                                    MOVE R2, R10
001564  8180  BB2C                                    XOR R11, R11
001565  8181  FF90  0032                              ASUB mulu32, 1                   ; R11|R10|R9|R8 = 64 bit
001566  8183  CFA8  0000                              CMP 0, R10                       ; more than 32 bits?
001567  8185  FFAB  001A                              RBRA _SDBCL_NO, !Z
001568  8187  CFAC  0000                              CMP 0, R11
001569  8189  FFAB  0016                              RBRA _SDBCL_NO, !Z
001570                    
001571  818B  002C                                    MOVE R0, R11                     ; plus cluster_begin_lba
001572  818C  1FAC  000A                              ADD FAT32$DEV_CLUSTER_LO, R11
001573  818E  0BA8                                    MOVE @R11++, R10
001574  818F  0B6C                                    MOVE @R11, R11
001575  8190  1A20                                    ADD R10, R8
001576  8191  2B24                                    ADDC R11, R9
001577  8192  FFA2  000D                              RBRA _SDBCL_NO, C                ; 32-bit overflow
001578  8194  1120                                    ADD R1, R8                       ; plus the sector
001579  8195  2FA4  0000                              ADDC 0, R9
001580  8197  FFA2  0008                              RBRA _SDBCL_NO, C
001581                    
001582  8199  0928                                    MOVE R9, R10                     ; return the LBA in R9/R10
001583  819A  0824                                    MOVE R8, R9
001584  819B  0020                                    MOVE R0, R8
001585  819C  012C                                    MOVE R1, R11
001586  819D  AFB8  0004                              OR 0x0004, R14                   ; set Carry
001587  819F  FFA0  0004                              RBRA _SDBCL_RET, 1
001588  81A1  0020        _SDBCL_NO                   MOVE R0, R8
001589  81A2  012C                                    MOVE R1, R11
001590  81A3  9FB8  FFFB                              AND 0xFFFB, R14                  ; clear Carry
001591  81A5  E100        _SDBCL_RET                  DECRB
001592  81A6  0DBC                                    MOVE @R13++, R15
001593                    
001594                    ; SDB_LBA
001595                    ; Maps a block index within the file to an absolute SD card LBA.
001596                    ;
001597                    ; Input: R8: pointer to the block map
001598                    ; R9/R10: block index lo/hi
001599                    ; Output: Carry=1: R9/R10 = LBA lo/hi
001600                    ; Carry=0: the block cannot be mapped (use the FAT32 library)
001601                    ; R8 unchanged
001602  81A7  E0C0        SDB_LBA                     INCRB
001603  81A8  0800                                    MOVE R8, R0                      ; R0: map
001604  81A9  0904                                    MOVE R9, R1                      ; R1/R2: remaining block idx
001605  81AA  0A08                                    MOVE R10, R2
001606  81AB  004C                                    MOVE @R0, R3                     ; R3: amount of extents
001607  81AC  FFA3  0037                              RBRA _SDBL_NO, Z
001608                    
001609                                                ; reject anything that is not completely inside the file
001610  81AE  0010                                    MOVE R0, R4
001611  81AF  1F90  0003                              ADD SDB_M_TBLK_HI, R4
001612  81B1  C211                                    CMP R2, @R4
001613  81B2  FFA4  0031                              RBRA _SDBL_NO, N                 ; idx_hi > total_hi
001614  81B4  FFAB  0008                              RBRA _SDBL_C1, !Z                ; idx_hi < total_hi: inside
001615  81B6  0010                                    MOVE R0, R4
001616  81B7  1F90  0002                              ADD SDB_M_TBLK_LO, R4
001617  81B9  C111                                    CMP R1, @R4
001618  81BA  FFA4  0029                              RBRA _SDBL_NO, N                 ; idx_lo > total_lo
001619  81BC  FFA3  0027                              RBRA _SDBL_NO, Z                 ; idx_lo = total_lo: outside
001620                    
001621  81BE  0010        _SDBL_C1                    MOVE R0, R4
001622  81BF  1F90  0005                              ADD SDB_M_EXT, R4                ; R4: current extent
001623  81C1  0454        _SDBL_LOOP                  MOVE @R4, R5                     ; R5/R6: blocks in extent
001624  81C2  0418                                    MOVE R4, R6
001625  81C3  1F98  0001                              ADD SDB_E_NBLK_HI, R6
001626  81C5  0658                                    MOVE @R6, R6
001627  81C6  C218                                    CMP R2, R6                       ; remainder < extent size?
001628  81C7  FFA4  0014                              RBRA _SDBL_NEXT, N               ; rem_hi > ext_hi: no
001629  81C9  FFAB  0005                              RBRA _SDBL_HIT, !Z               ; rem_hi < ext_hi: yes
001630  81CB  C114                                    CMP R1, R5
001631  81CC  FFA4  000F                              RBRA _SDBL_NEXT, N               ; rem_lo > ext_lo: no
001632  81CE  FFA3  000D                              RBRA _SDBL_NEXT, Z               ; rem_lo = ext_lo: no
001633                    
001634  81D0  0418        _SDBL_HIT                   MOVE R4, R6
001635  81D1  1F98  0002                              ADD SDB_E_LBA_LO, R6
001636  81D3  06A4                                    MOVE @R6++, R9                   ; R9/R10: LBA of the extent
001637  81D4  0668                                    MOVE @R6, R10
001638  81D5  1124                                    ADD R1, R9                       ; plus the remainder
001639  81D6  2228                                    ADDC R2, R10
001640  81D7  FFA2  000C                              RBRA _SDBL_NO, C                 ; 32-bit overflow
001641  81D9  AFB8  0004                              OR 0x0004, R14                   ; set Carry
001642  81DB  FFA0  000A                              RBRA _SDBL_RET, 1
001643                    
001644  81DD  3504        _SDBL_NEXT                  SUB R5, R1                       ; remainder -= extent size
001645  81DE  4608                                    SUBC R6, R2
001646  81DF  1F90  0004                              ADD SDB_E_SIZE, R4               ; next extent
001647  81E1  3F8C  0001                              SUB 1, R3
001648  81E3  FFAB  FFDC                              RBRA _SDBL_LOOP, !Z
001649  81E5  9FB8  FFFB  _SDBL_NO                    AND 0xFFFB, R14                  ; clear Carry
001650  81E7  E100        _SDBL_RET                   DECRB
001651  81E8  0DBC                                    MOVE @R13++, R15
001652                    
001653                    ; Unsigned 32-bit "A >= B" for two little-endian word pairs in memory.
001654                    ; The answer is returned in the Carry flag and not in N/Z, because MOVE @R13++, R15 is
001655                    ; a MOVE (see sysdef.asm) and a MOVE overwrites N and Z but not the Carry.
001656                    ; Input: R8: pointer to A (lo, hi), R9: pointer to B (lo, hi)
001657                    ; Output: Carry=1 if A >= B, R8 and R9 unchanged
001658  81E9  E0C0        _SDB_GE32                   INCRB
001659  81EA  0800                                    MOVE R8, R0
001660  81EB  0904                                    MOVE R9, R1
001661  81EC  1F80  0001                              ADD 1, R0
001662  81EE  1F84  0001                              ADD 1, R1
001663  81F0  C045                                    CMP @R0, @R1                     ; high words
001664  81F1  FFA4  000B                              RBRA _SDB_G32Y, N                ; A_hi > B_hi
001665  81F3  FFAB  0005                              RBRA _SDB_G32N, !Z               ; A_hi < B_hi
001666  81F5  C865                                    CMP @R8, @R9                     ; low words
001667  81F6  FFA4  0006                              RBRA _SDB_G32Y, N
001668  81F8  FFA3  0004                              RBRA _SDB_G32Y, Z
001669  81FA  9FB8  FFFB  _SDB_G32N                   AND 0xFFFB, R14                  ; clear Carry
001670  81FC  FFA0  0002                              RBRA _SDB_G32R, 1
001671  81FE  AFB8  0004  _SDB_G32Y                   OR 0x0004, R14                   ; set Carry
001672  8200  E100        _SDB_G32R                   DECRB
001673  8201  0DBC                                    MOVE @R13++, R15
001674                    
001675                    ; ----------------------------------------------------------------------------
001676                    ; Building the map
001677                    ; ----------------------------------------------------------------------------
001678                    
001679                    ; SDB_MAP_BUILD
001680                    ; Walks the FAT cluster chain of an open file once and stores the result as
001681                    ; an extent table, so that SDB_LBA can map blocks to LBAs afterwards. Costs
001682                    ; one SD card block read per 128 clusters of the file.
001683                    ;
001684                    ; Reads FAT sectors directly and therefore destroys the FAT32 library's
001685                    ; sector buffer, so it guards and restores it (see THE TWO RULES above). It
001686                    ; never modifies the file handle: the file position is the same afterwards.
001687                    ;
001688                    ; Input: R8: file handle (FDH)
001689                    ; R9: pointer to the block map to be filled
001690                    ; Output: none. The map is left invalid (extent count = 0, reason in
001691                    ; SDB_M_BAIL) when the file cannot be described, which makes all
001692                    ; callers fall back silently.
001693  8202  FF90  005E  SDB_MAP_BUILD               ASUB enter, 1
001694                    
001695  8204  0800                                    MOVE R8, R0                      ; R0: FDH
001696  8205  0904                                    MOVE R9, R1                      ; R1: map
001697                    
001698  8206  0F85  0000                              MOVE 0, @R1                      ; invalid until proven good
001699  8208  0108                                    MOVE R1, R2
001700  8209  1F88  0004                              ADD SDB_M_BAIL, R2
001701  820B  0F89  0001                              MOVE SDB_B_NOMAP, @R2
001702  820D  0F88  863B                              MOVE SDB_NULL_MAP, R2            ; no real map for this drive?
001703  820F  C204                                    CMP R2, R1
001704  8210  FFA3  0100                              RBRA _SDBMB_RET, Z               ; then there is nothing to do
001705                    
001706  8212  0108                                    MOVE R1, R2
001707  8213  1F88  0001                              ADD SDB_M_FDH, R2
001708  8215  0009                                    MOVE R0, @R2                     ; remember the file handle
001709                    
001710  8216  0FA0  0002                              MOVE SDB_B_NODEV, R8
001711  8218  FFB0  00FB                              RSUB _SDB_BAIL, 1
001712  821A  0008                                    MOVE R0, R2
001713  821B  1F88  0000                              ADD FAT32$FDH_DEVICE, R2
001714  821D  0248                                    MOVE @R2, R2                     ; R2: device handle
001715  821E  FFA3  00F2                              RBRA _SDBMB_RET, Z
001716                    
001717  8220  0FA0  0003                              MOVE SDB_B_NOSPC, R8
001718  8222  FFB0  00F1                              RSUB _SDB_BAIL, 1
001719  8224  020C                                    MOVE R2, R3
001720  8225  1F8C  000C                              ADD FAT32$DEV_SECT_PER_CLUS, R3
001721  8227  034C                                    MOVE @R3, R3                     ; R3: sectors per cluster
001722  8228  FFA3  00E8                              RBRA _SDBMB_RET, Z
001723                    
001724                                                ; total amount of whole 512-byte blocks = filesize / 512
001725  822A  0020                                    MOVE R0, R8
001726  822B  1FA0  0005                              ADD FAT32$FDH_SIZE_LO, R8
001727  822D  0864                                    MOVE @R8, R9
001728  822E  0020                                    MOVE R0, R8
001729  822F  1FA0  0006                              ADD FAT32$FDH_SIZE_HI, R8
001730  8231  0868                                    MOVE @R8, R10
001731  8232  FFB0  FEFA                              RSUB SDB_B2BLK, 1
001732  8234  0120                                    MOVE R1, R8
001733  8235  1FA0  0002                              ADD SDB_M_TBLK_LO, R8
001734  8237  0921                                    MOVE R9, @R8
001735  8238  0120                                    MOVE R1, R8
001736  8239  1FA0  0003                              ADD SDB_M_TBLK_HI, R8
001737  823B  0A21                                    MOVE R10, @R8
001738  823C  0FA0  8660                              MOVE SDB_S_BLEFT, R8             ; blocks still to be mapped
001739  823E  0922                                    MOVE R9, @R8++
001740  823F  0A21                                    MOVE R10, @R8
001741                    
001742                    
001743                    
001744                    
001745                    
001746                    
001747                    
001748  8240  0FA0  0004                              MOVE SDB_B_EMPTY, R8
001749  8242  FFB0  00D1                              RSUB _SDB_BAIL, 1
001750  8244  0FA0  8660                              MOVE SDB_S_BLEFT, R8
001751  8246  CFA1  0000                              CMP 0, @R8
001752  8248  FFAB  0006                              RBRA _SDBMB_C0, !Z
001753  824A  1FA0  0001                              ADD 1, R8
001754  824C  CFA1  0000                              CMP 0, @R8
001755  824E  FFA3  00C2                              RBRA _SDBMB_RET, Z               ; less than one whole block
001756                    
001757                                                ; start cluster of the file
001758  8250  0FA0  0005  _SDBMB_C0                   MOVE SDB_B_BADSTART, R8
001759  8252  FFB0  00C1                              RSUB _SDB_BAIL, 1
001760  8254  0020                                    MOVE R0, R8
001761  8255  1FA0  0009                              ADD FAT32$FDH_START_CLUS_LO, R8
001762  8257  0864                                    MOVE @R8, R9
001763  8258  0020                                    MOVE R0, R8
001764  8259  1FA0  000A                              ADD FAT32$FDH_START_CLUS_HI, R8
001765  825B  0868                                    MOVE @R8, R10
001766  825C  CFA8  0000                              CMP 0, R10                       ; cluster >= 2?
001767  825E  FFAB  0006                              RBRA _SDBMB_C1, !Z
001768  8260  CFA4  0001                              CMP 1, R9
001769  8262  FFA4  00AE                              RBRA _SDBMB_RET, N               ; cluster = 0: unusable
001770  8264  FFA3  00AC                              RBRA _SDBMB_RET, Z               ; cluster = 1: unusable
001771  8266  0FA0  8664  _SDBMB_C1                   MOVE SDB_S_CLU, R8
001772  8268  0922                                    MOVE R9, @R8++
001773  8269  0A21                                    MOVE R10, @R8
001774                    
001775                                                ; from here on the SD controller buffer gets destroyed, so
001776                                                ; make sure we can put it back before touching anything
001777  826A  0FA0  000B                              MOVE SDB_B_GUARD, R8
001778  826C  FFB0  00A7                              RSUB _SDB_BAIL, 1
001779  826E  FFB0  FE3F                              RSUB SDB_GUARD_IN, 1
001780  8270  FFAA  00A0                              RBRA _SDBMB_RET, !C
001781                    
001782  8272  0FA0  866C                              MOVE SDB_S_FCVAL, R8             ; FAT sector cache is empty
001783  8274  0FA1  0000                              MOVE 0, @R8
001784                    
001785  8276  B410                                    XOR R4, R4                       ; R4: amount of extents
001786  8277  0114                                    MOVE R1, R5
001787  8278  1F94  0005                              ADD SDB_M_EXT, R5                ; R5: next extent to write
001788                    
001789                                                ; ---- outer loop: one iteration per extent
001790  827A  0FA0  0006  _SDBMB_EXT                  MOVE SDB_B_FRAG, R8
001791  827C  FFB0  0097                              RSUB _SDB_BAIL, 1
001792  827E  0FA0  0008                              MOVE SDB_MAX_EXT, R8
001793  8280  C420                                    CMP R4, R8                       ; still room for an extent?
001794  8281  FFA4  008D                              RBRA _SDBMB_OUT, N               ; cannot happen
001795  8283  FFA3  008B                              RBRA _SDBMB_OUT, Z               ; no: file is too fragmented
001796                    
001797  8285  0FA0  8664                              MOVE SDB_S_CLU, R8               ; remember the first cluster
001798  8287  0FA4  8666                              MOVE SDB_S_RSTART, R9            ; of this extent
001799  8289  08A6                                    MOVE @R8++, @R9++
001800  828A  0865                                    MOVE @R8, @R9
001801                    
001802  828B  0FA0  8662                              MOVE SDB_S_RBLK, R8              ; blocks in this extent = 0
001803  828D  0FA2  0000                              MOVE 0, @R8++
001804  828F  0FA1  0000                              MOVE 0, @R8
001805                    
001806                                                ; ---- inner loop: follow physically consecutive clusters
001807  8291  0FA0  8662  _SDBMB_RUN                  MOVE SDB_S_RBLK, R8              ; blocks += sectors/cluster
001808  8293  0324                                    MOVE R3, R9
001809  8294  1922                                    ADD R9, @R8++
001810  8295  2FA1  0000                              ADDC 0, @R8
001811                    
001812  8297  0FA0  8662                              MOVE SDB_S_RBLK, R8              ; blocks >= blocks left?
001813  8299  0FA4  8660                              MOVE SDB_S_BLEFT, R9
001814  829B  FFB0  FF4C                              RSUB _SDB_GE32, 1
001815  829D  FFA2  005D                              RBRA _SDBMB_LAST, C              ; yes: this is the last extent
001816                    
001817  829F  0FA0  0007                              MOVE SDB_B_FATERR, R8
001818  82A1  FFB0  0072                              RSUB _SDB_BAIL, 1
001819  82A3  0FA0  8664                              MOVE SDB_S_CLU, R8               ; next cluster from the FAT
001820  82A5  08A4                                    MOVE @R8++, R9
001821  82A6  0868                                    MOVE @R8, R10
001822  82A7  0220                                    MOVE R2, R8
001823  82A8  FFB0  008A                              RSUB SDB_FAT_NEXT, 1
001824  82AA  FFAA  0064                              RBRA _SDBMB_OUT, !C              ; read error: no map
001825                    
001826  82AC  0FA0  0008                              MOVE SDB_B_BADCLUS, R8
001827  82AE  FFB0  0065                              RSUB _SDB_BAIL, 1
001828  82B0  CFA8  0000                              CMP 0, R10                       ; free or reserved cluster?
001829  82B2  FFAB  0006                              RBRA _SDBMB_N1, !Z
001830  82B4  CFA4  0001                              CMP 1, R9
001831  82B6  FFA4  0058                              RBRA _SDBMB_OUT, N               ; cluster = 0: unusable
001832  82B8  FFA3  0056                              RBRA _SDBMB_OUT, Z               ; cluster = 1: unusable
001833  82BA  0FA0  0009  _SDBMB_N1                   MOVE SDB_B_SHORT, R8
001834  82BC  FFB0  0057                              RSUB _SDB_BAIL, 1
001835  82BE  CFA8  0FFF                              CMP SDB_EOC_HI, R10              ; end of chain?
001836  82C0  FFAB  0006                              RBRA _SDBMB_N2, !Z
001837  82C2  C93E  FFF0                              CMP R9, SDB_EOC_LO
001838  82C4  FFA4  004A                              RBRA _SDBMB_OUT, N               ; chain shorter than the file
001839  82C6  FFA3  0048                              RBRA _SDBMB_OUT, Z
001840  82C8  0FA0  8668  _SDBMB_N2                   MOVE SDB_S_NEXT, R8
001841  82CA  0922                                    MOVE R9, @R8++
001842  82CB  0A21                                    MOVE R10, @R8
001843                    
001844                                                ; physically consecutive? then extend the current run
001845  82CC  0FA0  8664                              MOVE SDB_S_CLU, R8
001846  82CE  08AC                                    MOVE @R8++, R11
001847  82CF  0870                                    MOVE @R8, R12
001848  82D0  1FAC  0001                              ADD 1, R11
001849  82D2  2FB0  0000                              ADDC 0, R12
001850  82D4  CB24                                    CMP R11, R9
001851  82D5  FFAB  0009                              RBRA _SDBMB_BRK, !Z
001852  82D7  CC28                                    CMP R12, R10
001853  82D8  FFAB  0006                              RBRA _SDBMB_BRK, !Z
001854  82DA  0FA0  8664                              MOVE SDB_S_CLU, R8               ; yes: advance and continue
001855  82DC  0922                                    MOVE R9, @R8++
001856  82DD  0A21                                    MOVE R10, @R8
001857  82DE  FFA0  FFB1                              RBRA _SDBMB_RUN, 1
001858                    
001859                                                ; ---- the run ends here, but the file continues
001860  82E0  0FA0  8662  _SDBMB_BRK                  MOVE SDB_S_RBLK, R8              ; extent size = run size
001861  82E2  0898                                    MOVE @R8++, R6
001862  82E3  085C                                    MOVE @R8, R7
001863  82E4  0FA0  000A                              MOVE SDB_B_LBA, R8
001864  82E6  FFB0  002D                              RSUB _SDB_BAIL, 1
001865  82E8  FFB0  0032                              RSUB _SDB_EMIT, 1
001866  82EA  FFAA  0024                              RBRA _SDBMB_OUT, !C
001867  82EC  0FA0  8660                              MOVE SDB_S_BLEFT, R8             ; blocks left -= extent size
001868  82EE  3622                                    SUB R6, @R8++
001869  82EF  4721                                    SUBC R7, @R8
001870  82F0  0FA0  8668                              MOVE SDB_S_NEXT, R8              ; continue with the cluster..
001871  82F2  0FA4  8664                              MOVE SDB_S_CLU, R9               ; ..that broke the run
001872  82F4  08A6                                    MOVE @R8++, @R9++
001873  82F5  0865                                    MOVE @R8, @R9
001874  82F6  1F90  0001                              ADD 1, R4
001875  82F8  1F94  0004                              ADD SDB_E_SIZE, R5
001876  82FA  FFA0  FF7E                              RBRA _SDBMB_EXT, 1
001877                    
001878                                                ; ---- the current run covers the rest of the file
001879  82FC  0FA0  8660  _SDBMB_LAST                 MOVE SDB_S_BLEFT, R8             ; extent size = blocks left
001880  82FE  0898                                    MOVE @R8++, R6
001881  82FF  085C                                    MOVE @R8, R7
001882  8300  0FA0  000A                              MOVE SDB_B_LBA, R8
001883  8302  FFB0  0011                              RSUB _SDB_BAIL, 1
001884  8304  FFB0  0016                              RSUB _SDB_EMIT, 1
001885  8306  FFAA  0008                              RBRA _SDBMB_OUT, !C
001886  8308  1F90  0001                              ADD 1, R4
001887  830A  0405                                    MOVE R4, @R1                     ; map is complete and valid
001888  830B  0120                                    MOVE R1, R8
001889  830C  1FA0  0004                              ADD SDB_M_BAIL, R8
001890  830E  0FA1  0000                              MOVE SDB_B_OK, @R8
001891                    
001892                                                ; ---- put the library's sector buffer back
001893  8310  FFB0  FDE6  _SDBMB_OUT                  RSUB SDB_GUARD_OUT, 1
001894  8312              _SDBMB_RET                  
001895                    
001896                    
001897                    
001898                    
001899  8312  FF90  0060                              ASUB leave, 1
001900  8314  0DBC                                    MOVE @R13++, R15
001901                    
001902                    ; Stores a bail-out reason in the map, so that the reason survives even
001903                    ; without the serial log. Runs in SDB_MAP_BUILD's own register bank (R1 is
001904                    ; the map there) and must not disturb any register, hence the stack.
001905                    ; Input: R1 = map, R8 = reason. Output: everything unchanged.
001906  8315  0937        _SDB_BAIL                   MOVE R9, @--R13
001907  8316  0124                                    MOVE R1, R9
001908  8317  1FA4  0004                              ADD SDB_M_BAIL, R9
001909  8319  0825                                    MOVE R8, @R9
001910  831A  0DA4                                    MOVE @R13++, R9
001911  831B  0DBC                                    MOVE @R13++, R15
001912                    
001913                    ; Writes one extent: R6/R7 = amount of blocks, SDB_S_RSTART = first cluster,
001914                    ; R5 = destination, R2 = device handle.
001915                    ; Output: Carry=1 if the extent is usable. Clobbers R8..R12, leaves R0..R7.
001916  831C  0FA0  8666  _SDB_EMIT                   MOVE SDB_S_RSTART, R8
001917  831E  08A4                                    MOVE @R8++, R9
001918  831F  0868                                    MOVE @R8, R10
001919  8320  BB2C                                    XOR R11, R11                     ; sector 0 within the cluster
001920  8321  0220                                    MOVE R2, R8
001921  8322  FFB0  FE2E                              RSUB SDB_CLULBA, 1
001922  8324  FFAA  000D                              RBRA _SDB_EMIT_R, !C             ; Carry is already clear
001923                    
001924  8326  0520                                    MOVE R5, R8
001925  8327  0621                                    MOVE R6, @R8
001926  8328  0520                                    MOVE R5, R8
001927  8329  1FA0  0001                              ADD SDB_E_NBLK_HI, R8
001928  832B  0721                                    MOVE R7, @R8
001929  832C  0520                                    MOVE R5, R8
001930  832D  1FA0  0002                              ADD SDB_E_LBA_LO, R8
001931  832F  0922                                    MOVE R9, @R8++
001932  8330  0A21                                    MOVE R10, @R8
001933  8331  AFB8  0004                              OR 0x0004, R14                   ; set Carry
001934  8333  0DBC        _SDB_EMIT_R                 MOVE @R13++, R15
001935                    
001936                    ; SDB_FAT_NEXT
001937                    ; Reads the FAT32 chain successor of a cluster. Uses a one entry cache for
001938                    ; the FAT sector, so a run of consecutive clusters costs one SD card block
001939                    ; read per 128 clusters. Expects SDB_GUARD_IN to have been called.
001940                    ;
001941                    ; Input: R8: device handle
001942                    ; R9/R10: cluster lo/hi
001943                    ; Output: Carry=1: R9/R10 = successor cluster lo/hi (28 bit)
001944                    ; Carry=0: the FAT sector could not be read
001945                    ; R8 unchanged
001946  8334  E0C0        SDB_FAT_NEXT                INCRB
001947  8335  0800                                    MOVE R8, R0                      ; R0: device handle
001948  8336  0904                                    MOVE R9, R1                      ; R1: byte offset in sector
001949  8337  9F84  007F                              AND 0x007F, R1                   ; 128 FAT entries per sector
001950  8339  9FB8  FFFD                              AND 0xFFFD, R14                  ; clear X
001951  833B  5F84  0002                              SHL 2, R1                        ; 4 bytes per entry
001952                    
001953                                                ; FAT sector number = cluster / 128
001954  833D  0A08                                    MOVE R10, R2
001955  833E  9F88  007F                              AND 0x007F, R2
001956  8340  9FB8  FFFD                              AND 0xFFFD, R14
001957  8342  5F88  0009                              SHL 9, R2
001958  8344  9FB8  FFFB                              AND 0xFFFB, R14                  ; clear C
001959  8346  6FA4  0007                              SHR 7, R9
001960  8348  1224                                    ADD R2, R9
001961  8349  9FB8  FFFB                              AND 0xFFFB, R14
001962  834B  6FA8  0007                              SHR 7, R10
001963                    
001964  834D  0008                                    MOVE R0, R2                      ; plus the FAT start LBA
001965  834E  1F88  0008                              ADD FAT32$DEV_FAT_LO, R2
001966  8350  028C                                    MOVE @R2++, R3
001967  8351  0248                                    MOVE @R2, R2
001968  8352  1324                                    ADD R3, R9
001969  8353  2228                                    ADDC R2, R10
001970  8354  FFA2  004E                              RBRA _SDB_FN_ERR, C              ; 32-bit overflow
001971                    
001972                                                ; is this sector already in the hardware buffer?
001973  8356  0F88  866C                              MOVE SDB_S_FCVAL, R2
001974  8358  CF89  0000                              CMP 0, @R2
001975  835A  FFA3  000A                              RBRA _SDB_FN_RD, Z
001976  835C  0F88  866A                              MOVE SDB_S_FCLBA, R2
001977  835E  C264                                    CMP @R2, R9
001978  835F  FFAB  0005                              RBRA _SDB_FN_RD, !Z
001979  8361  1F88  0001                              ADD 1, R2
001980  8363  C268                                    CMP @R2, R10
001981  8364  FFA3  0016                              RBRA _SDB_FN_BUF, Z
001982                    
001983  8366  0F88  866C  _SDB_FN_RD                  MOVE SDB_S_FCVAL, R2             ; cache is stale in any case
001984  8368  0F89  0000                              MOVE 0, @R2
001985  836A  0908                                    MOVE R9, R2                      ; R2/R3: remember the LBA
001986  836B  0A0C                                    MOVE R10, R3
001987  836C  0220                                    MOVE R2, R8
001988  836D  0324                                    MOVE R3, R9
001989  836E  FFB0  FD32                              RSUB SDB_SDRD, 1
001990  8370  CFA0  0000                              CMP 0, R8
001991  8372  FFAB  002E                              RBRA _SDB_FN_SDE, !Z
001992  8374  0FA0  866A                              MOVE SDB_S_FCLBA, R8
001993  8376  0222                                    MOVE R2, @R8++
001994  8377  0321                                    MOVE R3, @R8
001995  8378  0FA0  866C                              MOVE SDB_S_FCVAL, R8
001996  837A  0FA1  0001                              MOVE 1, @R8
001997                    
001998                                                ; read the 32-bit little-endian FAT entry. Keep one
001999                                                ; instruction between writing IO$SD_DATA_POS and reading
002000                                                ; IO$SD_DATA, exactly like SD$READ_BYTE does: the buffer is a
002001                                                ; block RAM whose output is registered (see byte_bram.vhd).
002002  837C  0F88  FF22  _SDB_FN_BUF                 MOVE IO$SD_DATA_POS, R2
002003  837E  0F8C  FF23                              MOVE IO$SD_DATA, R3
002004  8380  0110                                    MOVE R1, R4                      ; R4: walking byte offset
002005  8381  0409                                    MOVE R4, @R2
002006  8382  1F90  0001                              ADD 1, R4                        ; spacing, and the next offset
002007  8384  0364                                    MOVE @R3, R9                     ; byte 0
002008  8385  0409                                    MOVE R4, @R2
002009  8386  1F90  0001                              ADD 1, R4
002010  8388  0354                                    MOVE @R3, R5                     ; byte 1
002011  8389  9FB8  FFFD                              AND 0xFFFD, R14
002012  838B  5F94  0008                              SHL 8, R5
002013  838D  1524                                    ADD R5, R9
002014  838E  0409                                    MOVE R4, @R2
002015  838F  1F90  0001                              ADD 1, R4
002016  8391  0368                                    MOVE @R3, R10                    ; byte 2
002017  8392  0409                                    MOVE R4, @R2
002018  8393  1F90  0001                              ADD 1, R4
002019  8395  0354                                    MOVE @R3, R5                     ; byte 3
002020  8396  9FB8  FFFD                              AND 0xFFFD, R14
002021  8398  5F94  0008                              SHL 8, R5
002022  839A  1528                                    ADD R5, R10
002023  839B  9FA8  0FFF                              AND 0x0FFF, R10                  ; FAT32 entries are 28 bit
002024  839D  0020                                    MOVE R0, R8
002025  839E  AFB8  0004                              OR 0x0004, R14                   ; set Carry
002026  83A0  FFA0  0005                              RBRA _SDB_FN_RET, 1
002027                    
002028  83A2  FFB0  FD04  _SDB_FN_SDE                 RSUB SDB_SDERR, 1
002029  83A4  0020        _SDB_FN_ERR                 MOVE R0, R8
002030  83A5  9FB8  FFFB                              AND 0xFFFB, R14                  ; clear Carry
002031  83A7  E100        _SDB_FN_RET                 DECRB
002032  83A8  0DBC                                    MOVE @R13++, R15
002033                    
002034                    ; ----------------------------------------------------------------------------
002035                    ; Block transfers
002036                    ; ----------------------------------------------------------------------------
002037                    
002038                    ; SDB_SD2VD
002039                    ; Copies the 512 bytes in the buffer of the SD controller into the internal
002040                    ; block buffer of a virtual drive. Device and 4k window selection are hoisted
002041                    ; out of the loop, which is what makes this about twenty times faster than
002042                    ; the original per-byte VD_CAD_WRITE sequence.
002043                    ;
002044                    ; Input: R8: virtual drive number (only used for the vdrives device select)
002045                    ; Output: none, all registers unchanged
002046  83A9  E0C0        SDB_SD2VD                   INCRB
002047  83AA  0F80  FFF4                              MOVE M2M$RAMROM_DEV, R0
002048  83AC  0F84  859A                              MOVE VDRIVES_DEVICE, R1
002049  83AE  0141                                    MOVE @R1, @R0                    ; select the vdrives device
002050  83AF  0F80  FFF5                              MOVE M2M$RAMROM_4KWIN, R0
002051  83B1  0F81  0000                              MOVE VD_WIN_CAD, @R0             ; control and data registers
002052                    
002053  83B3  0F80  FF22                              MOVE IO$SD_DATA_POS, R0
002054  83B5  0F84  FF23                              MOVE IO$SD_DATA, R1
002055  83B7  0F88  7005                              MOVE VD_B_ADDR, R2
002056  83B9  0F8C  7006                              MOVE VD_B_DOUT, R3
002057  83BB  0F90  7007                              MOVE VD_B_WREN, R4
002058  83BD  B514                                    XOR R5, R5
002059  83BE  0501        _SDB_S2V_L                  MOVE R5, @R0                     ; position in the SD buffer
002060  83BF  0509                                    MOVE R5, @R2                     ; address in the drive buffer
002061  83C0  014D                                    MOVE @R1, @R3                    ; the byte itself
002062  83C1  0F91  0001                              MOVE 1, @R4                      ; strobe write enable
002063  83C3  0F91  0000                              MOVE 0, @R4
002064  83C5  1F94  0001                              ADD 1, R5
002065  83C7  CF94  0200                              CMP 0x0200, R5
002066  83C9  FFAB  FFF3                              RBRA _SDB_S2V_L, !Z
002067  83CB  E100                                    DECRB
002068  83CC  0DBC                                    MOVE @R13++, R15
002069                    
002070                    ; SDB_VD2SD
002071                    ; Copies the 512 bytes from the internal block buffer of a virtual drive into
002072                    ; the buffer of the SD controller. The drive buffer address register lives in
002073                    ; the control/data window while the data register lives in the drive window,
002074                    ; so the window selector has to be toggled per byte; the device selection is
002075                    ; still hoisted out of the loop.
002076                    ;
002077                    ; Input: R8: virtual drive number
002078                    ; Output: none, all registers unchanged
002079  83CD  E0C0        SDB_VD2SD                   INCRB
002080  83CE  0F80  FFF4                              MOVE M2M$RAMROM_DEV, R0
002081  83D0  0F84  859A                              MOVE VDRIVES_DEVICE, R1
002082  83D2  0141                                    MOVE @R1, @R0                    ; select the vdrives device
002083                    
002084  83D3  0F80  FFF5                              MOVE M2M$RAMROM_4KWIN, R0        ; R0: window selector
002085  83D5  0F84  0001                              MOVE VD_WIN_DRV, R1
002086  83D7  1804                                    ADD R8, R1                       ; R1: window of this drive
002087  83D8  0F88  FF22                              MOVE IO$SD_DATA_POS, R2
002088  83DA  0F8C  FF23                              MOVE IO$SD_DATA, R3
002089  83DC  0F90  7005                              MOVE VD_B_ADDR, R4
002090  83DE  0F94  700B                              MOVE VD_B_DIN, R5
002091  83E0  B618                                    XOR R6, R6
002092  83E1  0F81  0000  _SDB_V2S_L                  MOVE VD_WIN_CAD, @R0             ; control and data registers
002093  83E3  0611                                    MOVE R6, @R4                     ; address in the drive buffer
002094  83E4  0101                                    MOVE R1, @R0                     ; drive specific registers
002095  83E5  0609                                    MOVE R6, @R2                     ; position in the SD buffer
002096  83E6  054D                                    MOVE @R5, @R3                    ; the byte itself
002097  83E7  1F98  0001                              ADD 1, R6
002098  83E9  CF98  0200                              CMP 0x0200, R6
002099  83EB  FFAB  FFF4                              RBRA _SDB_V2S_L, !Z
002100  83ED  E100                                    DECRB
002101  83EE  0DBC                                    MOVE @R13++, R15
002102                    
002103                    ; SDB_SD2DEV
002104                    ; Copies the 512 bytes in the buffer of the SD controller into an M2M byte
002105                    ; streaming device (a CRT/ROM load target), handling the 4k window boundary.
002106                    ;
002107                    ; Input: R8: target device id
002108                    ; R9: target 4k window
002109                    ; R10: target address within the window (M2M$RAMROM_DATA based)
002110                    ; Output: R9/R10: window and address behind the last written byte
002111                    ; R8 unchanged
002112  83EF  E0C0        SDB_SD2DEV                  INCRB
002113  83F0  0F80  FFF4                              MOVE M2M$RAMROM_DEV, R0
002114  83F2  0801                                    MOVE R8, @R0
002115  83F3  0F80  FFF5                              MOVE M2M$RAMROM_4KWIN, R0        ; R0: window selector
002116  83F5  0901                                    MOVE R9, @R0
002117  83F6  0F84  FF22                              MOVE IO$SD_DATA_POS, R1
002118  83F8  0F88  FF23                              MOVE IO$SD_DATA, R2
002119  83FA  0F8C  7000                              MOVE M2M$RAMROM_DATA, R3
002120  83FC  1F8C  1000                              ADD 0x1000, R3                   ; R3: end of window marker
002121  83FE  B410                                    XOR R4, R4                       ; R4: position in the SD buf
002122  83FF  0F94  0200                              MOVE 0x0200, R5                  ; R5: bytes still to go
002123                                                ; One instruction has to sit between writing IO$SD_DATA_POS
002124                                                ; and reading IO$SD_DATA, exactly like SD$READ_BYTE does: the
002125                                                ; buffer is a block RAM with a registered output, see
002126                                                ; M2M/QNICE/vhdl/byte_bram.vhd. The ADD below is that
002127                                                ; instruction and does useful work at the same time.
002128  8401  0405        _SDB_S2D_L                  MOVE R4, @R1                     ; position in the SD buffer
002129  8402  1F90  0001                              ADD 1, R4
002130  8404  026A                                    MOVE @R2, @R10++                 ; the byte itself
002131  8405  C328                                    CMP R3, R10                      ; 4k window boundary?
002132  8406  FFAB  0005                              RBRA _SDB_S2D_1, !Z              ; no
002133  8408  0FA8  7000                              MOVE M2M$RAMROM_DATA, R10        ; yes: next window
002134  840A  1FA4  0001                              ADD 1, R9
002135  840C  0901                                    MOVE R9, @R0
002136  840D  3F94  0001  _SDB_S2D_1                  SUB 1, R5
002137  840F  FFAB  FFF0                              RBRA _SDB_S2D_L, !Z
002138  8411  E100                                    DECRB
002139  8412  0DBC                                    MOVE @R13++, R15
002140                    
002141                    ; ----------------------------------------------------------------------------
002142                    ; High level entry points
002143                    ; ----------------------------------------------------------------------------
002144                    
002145                    ; SDB_VD_RDBLK
002146                    ; Prepares one virtual drive block read: maps the byte position to an LBA and
002147                    ; reads that block into the buffer of the SD controller. On success the
002148                    ; caller acknowledges sd_rd_i and then calls SDB_SD2VD.
002149                    ;
002150                    ; Input: R8: virtual drive number
002151                    ; R9: file handle of the disk image
002152                    ; R10/R11: byte position within the image, lo/hi
002153                    ; R12: amount of bytes the core asked for
002154                    ; Output: Carry=1: the block is in the buffer of the SD controller
002155                    ; Carry=0: use the FAT32 library path instead
002156                    ; R8 .. R12 unchanged
002157  8413  E0C0        SDB_VD_RDBLK                INCRB
002158  8414  0800                                    MOVE R8, R0
002159  8415  0904                                    MOVE R9, R1
002160  8416  0A08                                    MOVE R10, R2
002161  8417  0B0C                                    MOVE R11, R3
002162  8418  0C10                                    MOVE R12, R4
002163  8419  FFB0  0068                              RSUB _SDB_PREP, 1                ; R9/R10: LBA
002164  841B  FFAA  0021                              RBRA _SDB_VRD_NO, !C
002165  841D  0914                                    MOVE R9, R5                      ; R5/R6: LBA
002166  841E  0A18                                    MOVE R10, R6
002167  841F  FFB0  FC8E                              RSUB SDB_GUARD_IN, 1             ; can we put the buffer back?
002168  8421  FFAA  0017                              RBRA _SDB_VRD_GRD, !C            ; no: nothing was touched
002169  8423  0520                                    MOVE R5, R8
002170  8424  0624                                    MOVE R6, R9
002171  8425  FFB0  FC7B                              RSUB SDB_SDRD, 1
002172  8427  CFA0  0000                              CMP 0, R8
002173  8429  FFAB  0005                              RBRA _SDB_VRD_SDE, !Z            ; SD error: try the slow path
002174  842B  0020                                    MOVE R0, R8
002175  842C  AFB8  0004                              OR 0x0004, R14                   ; set Carry
002176  842E  FFA0  0011                              RBRA _SDB_VRD_R, 1
002177  8430  FFB0  FC76  _SDB_VRD_SDE                RSUB SDB_SDERR, 1
002178  8432  FFB0  FCC4                              RSUB SDB_GUARD_OUT, 1
002179  8434  0FA0  864B                              MOVE SDB_RD_STAT, R8
002180  8436  0FA1  0006                              MOVE SDB_R_SDERR, @R8
002181  8438  FFA0  0004                              RBRA _SDB_VRD_NO, 1
002182  843A  0FA0  864B  _SDB_VRD_GRD                MOVE SDB_RD_STAT, R8
002183  843C  0FA1  0005                              MOVE SDB_R_GUARD, @R8
002184  843E  0020        _SDB_VRD_NO                 MOVE R0, R8
002185  843F  9FB8  FFFB                              AND 0xFFFB, R14                  ; clear Carry
002186  8441  0124        _SDB_VRD_R                  MOVE R1, R9
002187  8442  0228                                    MOVE R2, R10
002188  8443  032C                                    MOVE R3, R11
002189  8444  0430                                    MOVE R4, R12
002190  8445  E100                                    DECRB
002191  8446  0DBC                                    MOVE @R13++, R15
002192                    
002193                    ; SDB_VD_RDDONE
002194                    ; Called by HANDLE_DRV_RD after SDB_SD2VD has emptied the buffer: puts the
002195                    ; FAT32 library's sector back into it.
002196                    ;
002197                    ; Input: none
002198                    ; Output: none, all registers unchanged
002199  8447  FFB0  FCAF  SDB_VD_RDDONE               RSUB SDB_GUARD_OUT, 1
002200  8449  0DBC                                    MOVE @R13++, R15
002201                    
002202                    ; SDB_VD_WRBLK
002203                    ; Writes one virtual drive block: maps the byte position to an LBA, copies
002204                    ; the internal block buffer of the drive into the buffer of the SD controller
002205                    ; and writes it. The caller acknowledges sd_wr_i afterwards.
002206                    ;
002207                    ; Input: R8: virtual drive number
002208                    ; R9: file handle of the disk image
002209                    ; R10/R11: byte position within the image, lo/hi
002210                    ; R12: amount of bytes the core wants to write
002211                    ; Output: Carry=1: the block has been written to the SD card
002212                    ; Carry=0: nothing was written, use the FAT32 library path instead
002213                    ; R8 .. R12 unchanged
002214  844A  E0C0        SDB_VD_WRBLK                INCRB
002215  844B  0800                                    MOVE R8, R0
002216  844C  0904                                    MOVE R9, R1
002217  844D  0A08                                    MOVE R10, R2
002218  844E  0B0C                                    MOVE R11, R3
002219  844F  0C10                                    MOVE R12, R4
002220  8450  FFB0  0031                              RSUB _SDB_PREP, 1                ; R9/R10: LBA
002221  8452  FFAA  0026                              RBRA _SDB_VWR_NO, !C
002222  8454  0914                                    MOVE R9, R5                      ; R5/R6: LBA
002223  8455  0A18                                    MOVE R10, R6
002224  8456  FFB0  FC57                              RSUB SDB_GUARD_IN, 1             ; can we put the buffer back?
002225  8458  FFAA  001C                              RBRA _SDB_VWR_GRD, !C            ; no: nothing was touched
002226  845A  0020                                    MOVE R0, R8
002227  845B  FFB0  FF70                              RSUB SDB_VD2SD, 1
002228  845D  0520                                    MOVE R5, R8
002229  845E  0624                                    MOVE R6, R9
002230  845F  FFB0  FC44                              RSUB SDB_SDWR, 1
002231  8461  CFA0  0000                              CMP 0, R8
002232  8463  FFAB  0007                              RBRA _SDB_VWR_SDE, !Z
002233  8465  FFB0  FC91                              RSUB SDB_GUARD_OUT, 1            ; the write is done, restore
002234  8467  0020                                    MOVE R0, R8
002235  8468  AFB8  0004                              OR 0x0004, R14                   ; set Carry
002236  846A  FFA0  0011                              RBRA _SDB_VWR_R, 1
002237  846C  FFB0  FC3A  _SDB_VWR_SDE                RSUB SDB_SDERR, 1                ; SD error: try the slow path
002238  846E  FFB0  FC88                              RSUB SDB_GUARD_OUT, 1
002239  8470  0FA0  864B                              MOVE SDB_RD_STAT, R8
002240  8472  0FA1  0006                              MOVE SDB_R_SDERR, @R8
002241  8474  FFA0  0004                              RBRA _SDB_VWR_NO, 1
002242  8476  0FA0  864B  _SDB_VWR_GRD                MOVE SDB_RD_STAT, R8
002243  8478  0FA1  0005                              MOVE SDB_R_GUARD, @R8
002244  847A  0020        _SDB_VWR_NO                 MOVE R0, R8
002245  847B  9FB8  FFFB                              AND 0xFFFB, R14                  ; clear Carry
002246  847D  0124        _SDB_VWR_R                  MOVE R1, R9
002247  847E  0228                                    MOVE R2, R10
002248  847F  032C                                    MOVE R3, R11
002249  8480  0430                                    MOVE R4, R12
002250  8481  E100                                    DECRB
002251  8482  0DBC                                    MOVE @R13++, R15
002252                    
002253                    ; Common preparation for SDB_VD_RDBLK / SDB_VD_WRBLK. Expects the inputs in
002254                    ; the caller's R0 (drive), R1 (FDH), R2/R3 (byte position) and R4 (amount of
002255                    ; bytes) and returns Carry=1 plus the LBA in R9/R10. Runs in the caller's
002256                    ; register bank on purpose. Touches nothing outside our own variables.
002257  8483  0FAC  864B  _SDB_PREP                   MOVE SDB_RD_STAT, R11
002258  8485  0FAD  0001                              MOVE SDB_R_SIZE, @R11
002259  8487  0FA0  0200                              MOVE 0x0200, R8
002260  8489  C420                                    CMP R4, R8                       ; exactly one block?
002261  848A  FFAB  0026                              RBRA _SDB_PREP_NO, !Z            ; no: let the FAT32 path do
002262  848C  0FAD  0002                              MOVE SDB_R_ALIGN, @R11           ; ..partial/multi blocks
002263  848E  0220                                    MOVE R2, R8
002264  848F  9FA0  01FF                              AND 0x01FF, R8                   ; block aligned?
002265  8491  FFAB  001F                              RBRA _SDB_PREP_NO, !Z            ; no
002266  8493  0FAD  0003                              MOVE SDB_R_MAP, @R11
002267  8495  0020                                    MOVE R0, R8
002268  8496  FFB0  FBDE                              RSUB SDB_VDMAP, 1
002269  8498  0830                                    MOVE R8, R12                     ; R12: map (R11 stays the..
002270  8499  0124                                    MOVE R1, R9                      ; ..status pointer)
002271  849A  FFB0  FBF3                              RSUB SDB_CHECK, 1
002272  849C  FFAA  0014                              RBRA _SDB_PREP_NO, !C
002273  849E  0FAD  0004                              MOVE SDB_R_RANGE, @R11
002274  84A0  0224                                    MOVE R2, R9
002275  84A1  0328                                    MOVE R3, R10
002276  84A2  FFB0  FC8A                              RSUB SDB_B2BLK, 1
002277  84A4  0C20                                    MOVE R12, R8
002278  84A5  FFB0  FD00                              RSUB SDB_LBA, 1
002279  84A7  FFAA  0009                              RBRA _SDB_PREP_NO, !C
002280  84A9  0FA0  864C                              MOVE SDB_RD_LBA, R8              ; remember it for the log
002281  84AB  0922                                    MOVE R9, @R8++
002282  84AC  0A21                                    MOVE R10, @R8
002283  84AD  0FAD  0000                              MOVE SDB_R_OK, @R11
002284  84AF  AFB8  0004                              OR 0x0004, R14                   ; set Carry
002285  84B1  0DBC                                    MOVE @R13++, R15
002286  84B2  9FB8  FFFB  _SDB_PREP_NO                AND 0xFFFB, R14                  ; clear Carry
002287  84B4  0DBC                                    MOVE @R13++, R15
002288                    
002289                    ; SDB_FREAD_FAST
002290                    ; Streams whole 512-byte blocks of a mapped file directly from the SD card
002291                    ; into an M2M byte streaming device and then positions the file handle right
002292                    ; behind them, so that the caller's byte loop reads the rest as usual.
002293                    ;
002294                    ; It deliberately stops one whole block short of the end of the file, so that
002295                    ; the position it hands over is always strictly inside the file and the
002296                    ; caller reaches EOF through the FAT32 library, exactly as before.
002297                    ;
002298                    ; The final f32_fseek is what restores the library: a seek unconditionally
002299                    ; re-reads the sector into the hardware buffer and re-claims ownership, so
002300                    ; afterwards the library is in a state it produced itself. If anything at all
002301                    ; goes wrong the file position is put back where it was and Carry=0 is
002302                    ; returned, i.e. the caller sees "nothing happened".
002303                    ;
002304                    ; Input: R8: file handle (FDH)
002305                    ; R9: pointer to the block map
002306                    ; R10: target device id
002307                    ; R11: target 4k window
002308                    ; R12: target address within the window
002309                    ; Output: Carry=1: R11/R12 updated, the file position is behind the data
002310                    ; Carry=0: nothing was transferred, the file position is unchanged
002311                    ; and R11/R12 are unchanged
002312  84B5  E0C0        SDB_FREAD_FAST              INCRB
002313  84B6  0800                                    MOVE R8, R0                      ; R0: FDH
002314  84B7  0904                                    MOVE R9, R1                      ; R1: map
002315  84B8  0A08                                    MOVE R10, R2                     ; R2: target device
002316  84B9  0B0C                                    MOVE R11, R3                     ; R3: target 4k window
002317  84BA  0C10                                    MOVE R12, R4                     ; R4: target address
002318                    
002319  84BB  0FA0  8649                              MOVE SDB_FF_STAT, R8
002320  84BD  0FA1  0001                              MOVE SDB_B_NOMAP, @R8
002321  84BF  0FA0  864A                              MOVE SDB_FF_BLKS, R8
002322  84C1  0FA1  0000                              MOVE 0, @R8
002323                    
002324  84C3  0120                                    MOVE R1, R8
002325  84C4  0024                                    MOVE R0, R9
002326  84C5  FFB0  FBC8                              RSUB SDB_CHECK, 1
002327  84C7  FFAA  0090                              RBRA _SDBFF_NO, !C
002328                    
002329                                                ; only from the very beginning of the file
002330  84C9  0020                                    MOVE R0, R8
002331  84CA  1FA0  0007                              ADD FAT32$FDH_ACCESS_LO, R8
002332  84CC  CFA1  0000                              CMP 0, @R8
002333  84CE  FFAB  0089                              RBRA _SDBFF_NO, !Z
002334  84D0  0020                                    MOVE R0, R8
002335  84D1  1FA0  0008                              ADD FAT32$FDH_ACCESS_HI, R8
002336  84D3  CFA1  0000                              CMP 0, @R8
002337  84D5  FFAB  0082                              RBRA _SDBFF_NO, !Z
002338                    
002339                                                ; how many whole blocks do we take? Always one less than the
002340                                                ; file has, so that the handover position is strictly inside
002341                                                ; the file and the caller still reaches EOF through the
002342                                                ; library. A CRT/ROM file is never 32 MB or larger, so one
002343                                                ; word of block count is plenty and anything else is refused.
002344  84D7  0120                                    MOVE R1, R8
002345  84D8  1FA0  0003                              ADD SDB_M_TBLK_HI, R8
002346  84DA  CFA1  0000                              CMP 0, @R8
002347  84DC  FFAB  007B                              RBRA _SDBFF_NO, !Z
002348  84DE  0120                                    MOVE R1, R8
002349  84DF  1FA0  0002                              ADD SDB_M_TBLK_LO, R8
002350  84E1  085C                                    MOVE @R8, R7                     ; R7: blocks still to do
002351  84E2  3F9C  0001                              SUB 1, R7
002352  84E4  FFA3  0073                              RBRA _SDBFF_NO, Z                ; a one block file: byte loop
002353  84E6  FFA4  0071                              RBRA _SDBFF_NO, N                ; cannot happen: TBLK was 0
002354                    
002355  84E8  0FA0  8649                              MOVE SDB_FF_STAT, R8
002356  84EA  0FA1  000B                              MOVE SDB_B_GUARD, @R8
002357  84EC  FFB0  FBC1                              RSUB SDB_GUARD_IN, 1             ; nothing touched if it fails
002358  84EE  FFAA  0069                              RBRA _SDBFF_NO, !C
002359                    
002360  84F0  B514                                    XOR R5, R5                       ; R5/R6: block index
002361  84F1  B618                                    XOR R6, R6
002362                    
002363  84F2  CF9C  0000  _SDBFF_LOOP                 CMP 0, R7
002364  84F4  FFA3  0020                              RBRA _SDBFF_DONE, Z
002365  84F6  0120                                    MOVE R1, R8
002366  84F7  0524                                    MOVE R5, R9
002367  84F8  0628                                    MOVE R6, R10
002368  84F9  FFB0  FCAC                              RSUB SDB_LBA, 1
002369  84FB  FFAA  0019                              RBRA _SDBFF_DONE, !C
002370                    
002371                    
002372                    
002373                    
002374  84FD  0920                                    MOVE R9, R8
002375  84FE  0A24                                    MOVE R10, R9
002376  84FF  FFB0  FBA1                              RSUB SDB_SDRD, 1
002377  8501  CFA0  0000                              CMP 0, R8
002378  8503  FFAB  000F                              RBRA _SDBFF_SDE, !Z              ; SD error: stop here
002379  8505  0220                                    MOVE R2, R8
002380  8506  0324                                    MOVE R3, R9
002381  8507  0428                                    MOVE R4, R10
002382  8508  FFB0  FEE5                              RSUB SDB_SD2DEV, 1
002383  850A  090C                                    MOVE R9, R3
002384  850B  0A10                                    MOVE R10, R4
002385  850C  1F94  0001                              ADD 1, R5
002386  850E  2F98  0000                              ADDC 0, R6
002387  8510  3F9C  0001                              SUB 1, R7
002388  8512  FFA0  FFDE                              RBRA _SDBFF_LOOP, 1
002389                    
002390  8514  FFB0  FB92  _SDBFF_SDE                  RSUB SDB_SDERR, 1
002391                    
002392                                                ; the hardware buffer is ours now; whatever we do next, the
002393                                                ; library has to be put back. A seek does that properly.
002394  8516  0FA0  864A  _SDBFF_DONE                 MOVE SDB_FF_BLKS, R8
002395  8518  0521                                    MOVE R5, @R8
002396  8519  CF94  0000                              CMP 0, R5                        ; anything transferred?
002397  851B  FFAB  0004                              RBRA _SDBFF_SEEK, !Z
002398  851D  CF98  0000                              CMP 0, R6
002399  851F  FFA3  0029                              RBRA _SDBFF_REW, Z               ; no: just put it back
002400                    
002401  8521  0FA0  8649  _SDBFF_SEEK                 MOVE SDB_FF_STAT, R8
002402  8523  0FA1  000C                              MOVE SDB_B_SEEK, @R8
002403  8525  0524                                    MOVE R5, R9                      ; file position = blocks * 512
002404  8526  0628                                    MOVE R6, R10
002405  8527  FFB0  FC18                              RSUB SDB_BLK2B, 1
002406  8529  092C                                    MOVE R9, R11                     ; R11/R12: expected position
002407  852A  0A30                                    MOVE R10, R12
002408  852B  0020                                    MOVE R0, R8
002409  852C  FF90  0054                              ASUB f32_fseek, 1
002410  852E  CFA4  0000                              CMP 0, R9                        ; seek reported success?
002411  8530  FFAB  0018                              RBRA _SDBFF_REW, !Z
002412  8532  0020                                    MOVE R0, R8                      ; ..and actually got there?
002413  8533  1FA0  0007                              ADD FAT32$FDH_ACCESS_LO, R8
002414  8535  C86C                                    CMP @R8, R11
002415  8536  FFAB  0012                              RBRA _SDBFF_REW, !Z
002416  8538  0020                                    MOVE R0, R8
002417  8539  1FA0  0008                              ADD FAT32$FDH_ACCESS_HI, R8
002418  853B  C870                                    CMP @R8, R12
002419  853C  FFAB  000C                              RBRA _SDBFF_REW, !Z
002420                    
002421  853E  0FA0  8649                              MOVE SDB_FF_STAT, R8
002422  8540  0FA1  0000                              MOVE SDB_B_OK, @R8
002423  8542  FFB0  FBC3                              RSUB SDB_GUARD_CLR, 1            ; the seek put the library..
002424  8544  032C                                    MOVE R3, R11                     ; ..back, nobody to tell
002425  8545  0430                                    MOVE R4, R12
002426  8546  AFB8  0004                              OR 0x0004, R14                   ; set Carry
002427  8548  FFA0  0011                              RBRA _SDBFF_RET, 1
002428                    
002429                                                ; Put the file back to the start and report "nothing done".
002430                                                ; The caller has not seen the updated target pointers, so it
002431                                                ; simply overwrites whatever we already transferred. The seek
002432                                                ; also restores the library's sector buffer; if even that
002433                                                ; fails, the buffer is marked unknown.
002434  854A  0020        _SDBFF_REW                  MOVE R0, R8
002435  854B  B924                                    XOR R9, R9
002436  854C  BA28                                    XOR R10, R10
002437  854D  FF90  0054                              ASUB f32_fseek, 1
002438  854F  CFA4  0000                              CMP 0, R9
002439  8551  FFAB  0004                              RBRA _SDBFF_RW1, !Z
002440  8553  FFB0  FBB2                              RSUB SDB_GUARD_CLR, 1            ; the rewind put it back
002441  8555  FFA0  0002                              RBRA _SDBFF_NO, 1
002442  8557  FFB0  FBB5  _SDBFF_RW1                  RSUB SDB_ORPHAN, 1               ; not even that worked
002443                    
002444  8559  9FB8  FFFB  _SDBFF_NO                   AND 0xFFFB, R14                  ; clear Carry
002445  855B              _SDBFF_RET                  
002446  855B  E100                                    DECRB
002447  855C  0DBC                                    MOVE @R13++, R15
002448                    
002449                    ; ----------------------------------------------------------------------------
002450                    ; Serial logging (only assembled when SDB_DEBUG is defined at the top)
002451                    ; ----------------------------------------------------------------------------
002452                    
002453  855D  0000        HANDLE_FILE                 .BLOCK FAT32$FDH_STRUCT_SIZE
        855E  0000
        855F  0000
        8560  0000
        8561  0000
        8562  0000
        8563  0000
        8564  0000
        8565  0000
        8566  0000
        8567  0000
        8568  0000
002454  8569  002F        STR_FILE                    .ASCII_W "/testrom.bin"
        856A  0074
        856B  0065
        856C  0073
        856D  0074
        856E  0072
        856F  006F
        8570  006D
        8571  002E
        8572  0062
        8573  0069
        8574  006E
        8575  0000
002455                    ; The part of the shell.asm environment that M2M/rom/sdblock.asm refers to.
002456                    ; Same names, same sizes and same semantics as in M2M/rom/shell_vars.asm, so
002457                    ; that the bench runs the REAL firmware code and not a copy of it.
002458                    ;
002459                    ; Include this *after* the code, it only contains data.
002460                    
002461  8576  0000        HANDLE_DEV                  .BLOCK FAT32$DEV_STRUCT_SIZE
        8577  0000
        8578  0000
        8579  0000
        857A  0000
        857B  0000
        857C  0000
        857D  0000
        857E  0000
        857F  0000
        8580  0000
        8581  0000
        8582  0000
        8583  0000
        8584  0000
        8585  0000
        8586  0000
        8587  0000
002462  8588  0000        CONFIG_DEVH                 .BLOCK FAT32$DEV_STRUCT_SIZE     ; stays zero: no config file
        8589  0000
        858A  0000
        858B  0000
        858C  0000
        858D  0000
        858E  0000
        858F  0000
        8590  0000
        8591  0000
        8592  0000
        8593  0000
        8594  0000
        8595  0000
        8596  0000
        8597  0000
        8598  0000
        8599  0000
002463  859A  0102        VDRIVES_DEVICE              .DW 0x0102                       ; device id of vdrives.vhd
002464                    
002465  859B  0000        SDB_VD_MAPS                 .BLOCK 120                       ; SDB_M_SIZE * SDB_VD_MAX_N
        859C  0000
        859D  0000
        859E  0000
        859F  0000
        85A0  0000
        85A1  0000
        85A2  0000
        85A3  0000
        85A4  0000
        85A5  0000
        85A6  0000
        85A7  0000
        85A8  0000
        85A9  0000
        85AA  0000
        85AB  0000
        85AC  0000
        85AD  0000
        85AE  0000
        85AF  0000
        85B0  0000
        85B1  0000
        85B2  0000
        85B3  0000
        85B4  0000
        85B5  0000
        85B6  0000
        85B7  0000
        85B8  0000
        85B9  0000
        85BA  0000
        85BB  0000
        85BC  0000
        85BD  0000
        85BE  0000
        85BF  0000
        85C0  0000
        85C1  0000
        85C2  0000
        85C3  0000
        85C4  0000
        85C5  0000
        85C6  0000
        85C7  0000
        85C8  0000
        85C9  0000
        85CA  0000
        85CB  0000
        85CC  0000
        85CD  0000
        85CE  0000
        85CF  0000
        85D0  0000
        85D1  0000
        85D2  0000
        85D3  0000
        85D4  0000
        85D5  0000
        85D6  0000
        85D7  0000
        85D8  0000
        85D9  0000
        85DA  0000
        85DB  0000
        85DC  0000
        85DD  0000
        85DE  0000
        85DF  0000
        85E0  0000
        85E1  0000
        85E2  0000
        85E3  0000
        85E4  0000
        85E5  0000
        85E6  0000
        85E7  0000
        85E8  0000
        85E9  0000
        85EA  0000
        85EB  0000
        85EC  0000
        85ED  0000
        85EE  0000
        85EF  0000
        85F0  0000
        85F1  0000
        85F2  0000
        85F3  0000
        85F4  0000
        85F5  0000
        85F6  0000
        85F7  0000
        85F8  0000
        85F9  0000
        85FA  0000
        85FB  0000
        85FC  0000
        85FD  0000
        85FE  0000
        85FF  0000
        8600  0000
        8601  0000
        8602  0000
        8603  0000
        8604  0000
        8605  0000
        8606  0000
        8607  0000
        8608  0000
        8609  0000
        860A  0000
        860B  0000
        860C  0000
        860D  0000
        860E  0000
        860F  0000
        8610  0000
        8611  0000
        8612  0000
002466  8613  0000        SDB_RM_MAP                  .BLOCK 40                        ; SDB_M_SIZE
        8614  0000
        8615  0000
        8616  0000
        8617  0000
        8618  0000
        8619  0000
        861A  0000
        861B  0000
        861C  0000
        861D  0000
        861E  0000
        861F  0000
        8620  0000
        8621  0000
        8622  0000
        8623  0000
        8624  0000
        8625  0000
        8626  0000
        8627  0000
        8628  0000
        8629  0000
        862A  0000
        862B  0000
        862C  0000
        862D  0000
        862E  0000
        862F  0000
        8630  0000
        8631  0000
        8632  0000
        8633  0000
        8634  0000
        8635  0000
        8636  0000
        8637  0000
        8638  0000
        8639  0000
        863A  0000
002467  863B  0000        SDB_NULL_MAP                .BLOCK 1
002468  863C  0000        SDB_DUMMY_FDH               .BLOCK FAT32$FDH_STRUCT_SIZE     ; stays 0: never dirty
        863D  0000
        863E  0000
        863F  0000
        8640  0000
        8641  0000
        8642  0000
        8643  0000
        8644  0000
        8645  0000
        8646  0000
        8647  0000
002469  8648  0000        SDB_G_VAL                   .BLOCK 1
002470  8649  0000        SDB_FF_STAT                 .BLOCK 1
002471  864A  0000        SDB_FF_BLKS                 .BLOCK 1
002472  864B  0000        SDB_RD_STAT                 .BLOCK 1
002473  864C  0000  0000  SDB_RD_LBA                  .BLOCK 2
002474  864E  0000        SDB_DBG_N                   .BLOCK 1
002475  864F  0000        SDB_DBG_CNT                 .BLOCK 1
002476  8650  0000        SDB_DBG_ACT                 .BLOCK 1
002477  8651  0000        SDB_DBG_DRV                 .BLOCK 1
002478  8652  0000        SDB_DBG_SZ                  .BLOCK 1
002479  8653  0000        SDB_DBG_PL                  .BLOCK 1
002480  8654  0000        SDB_DBG_PH                  .BLOCK 1
002481  8655  0000  0000  SDB_DBG_T0                  .BLOCK 2
002482  8657  0000  0000  SDB_DBG_TE                  .BLOCK 2
002483  8659  0000  0000  SDB_SD_T0                   .BLOCK 2
002484  865B  0000  0000  SDB_SD_LAST                 .BLOCK 2
002485  865D  0000  0000  SDB_SD_CYC                  .BLOCK 2
002486  865F  0000        SDB_SD_N                    .BLOCK 1
002487  8660  0000  0000  SDB_S_BLEFT                 .BLOCK 2
002488  8662  0000  0000  SDB_S_RBLK                  .BLOCK 2
002489  8664  0000  0000  SDB_S_CLU                   .BLOCK 2
002490  8666  0000  0000  SDB_S_RSTART                .BLOCK 2
002491  8668  0000  0000  SDB_S_NEXT                  .BLOCK 2
002492  866A  0000  0000  SDB_S_FCLBA                 .BLOCK 2
002493  866C  0000        SDB_S_FCVAL                 .BLOCK 1
002494                                                .ORG 0xA000
002495  A000  0000        MODE                        .DW 0


EQU-list:
--------------------------------------------------------------------------------------------------------
IO$AREA_START           : 0xFF00    IO$SWITCH_REG           : 0xFF00    IO$TIL_DISPLAY          : 0xFF01    
IO$TIL_MASK             : 0xFF02    IO$KBD_STATE            : 0xFF04    IO$KBD_DATA             : 0xFF05    
IO$CYC_LO               : 0xFF08    IO$CYC_MID              : 0xFF09    IO$CYC_HI               : 0xFF0A    
IO$CYC_STATE            : 0xFF0B    IO$INS_LO               : 0xFF0C    IO$INS_MID              : 0xFF0D    
IO$INS_HI               : 0xFF0E    IO$INS_STATE            : 0xFF0F    IO$UART_BASE_ADDRESS    : 0xFF10    
IO$UART_MR1A            : 0xFF10    IO$UART_MR1B            : 0xFF10    IO$UART_SRA             : 0xFF11    
IO$UART_RHRA            : 0xFF12    IO$UART_THRA            : 0xFF13    IO$EAE_OPERAND_0        : 0xFF18    
IO$EAE_OPERAND_1        : 0xFF19    IO$EAE_RESULT_LO        : 0xFF1A    IO$EAE_RESULT_HI        : 0xFF1B    
IO$EAE_CSR              : 0xFF1C    IO$SD_BASE_ADDRESS      : 0xFF20    IO$SD_ADDR_LO           : 0xFF20    
IO$SD_ADDR_HI           : 0xFF21    IO$SD_DATA_POS          : 0xFF22    IO$SD_DATA              : 0xFF23    
IO$SD_ERROR             : 0xFF24    IO$SD_CSR               : 0xFF25    IO$TIMER_BASE_ADDRESS   : 0xFF28    
IO$TIMER_0_PRE          : 0xFF28    IO$TIMER_0_CNT          : 0xFF29    IO$TIMER_0_INT          : 0xFF2A    
IO$TIMER_1_PRE          : 0xFF2B    IO$TIMER_1_CNT          : 0xFF2C    IO$TIMER_1_INT          : 0xFF2D    
VGA$STATE               : 0xFF30    VGA$CR_X                : 0xFF31    VGA$CR_Y                : 0xFF32    
VGA$CHAR                : 0xFF33    VGA$OFFS_DISPLAY        : 0xFF34    VGA$OFFS_RW             : 0xFF35    
VGA$HDMI_H_MIN          : 0xFF36    VGA$HDMI_H_MAX          : 0xFF37    VGA$HDMI_V_MAX          : 0xFF38    
IO$M65HRAM_LO           : 0xFFF0    IO$M65HRAM_HI           : 0xFFF1    IO$M65HRAM_DATA8        : 0xFFF2    
IO$M65HRAM_DATA16       : 0xFFF3    VGA$MAX_X               : 0x004F    VGA$MAX_Y               : 0x0027    
VGA$MAX_CHARS           : 0x0C80    VGA$CHARS_PER_LINE      : 0x0050    VGA$EN_HW_CURSOR        : 0x0040    
VGA$EN_HW_SCRL          : 0x0C00    VGA$CLR_SCRN            : 0x0100    VGA$BUSY                : 0x0200    
VGA$COLOR_RED           : 0x0004    VGA$COLOR_GREEN         : 0x0002    VGA$COLOR_BLUE          : 0x0001    
VGA$COLOR_WHITE         : 0x0007    CYC$RESET               : 0x0001    CYC$RUN                 : 0x0002    
INS$RESET               : 0x0001    INS$RUN                 : 0x0002    EAE$MULU                : 0x0000    
EAE$MULS                : 0x0001    EAE$DIVU                : 0x0002    EAE$DIVS                : 0x0003    
EAE$BUSY                : 0x8000    SD$CMD_RESET            : 0x0000    SD$CMD_READ             : 0x0001    
SD$CMD_WRITE            : 0x0002    SD$BIT_ERROR            : 0x4000    SD$BIT_BUSY             : 0x8000    
SD$TIMEOUT_MID          : 0x0479    SD$ERR_MASK             : 0x00FF    SD$ERR_R1_ERROR         : 0x0001    
SD$ERR_CRC_OR_TIMEOUT   : 0x0002    SD$ERR_RESPONSE_TOKEN   : 0x0003    SD$ERR_ERROR_TOKEN      : 0x0004    
SD$ERR_WRITE_PROTECT    : 0x0005    SD$ERR_CARD_UNUSABLE    : 0x0006    SD$ERR_NO_CARD          : 0x0007    
SD$ERR_READ_TIMEOUT     : 0x0008    SD$ERR_READWRITEJAM     : 0xEE21    SD$ERR_TIMEOUT          : 0xEEFF    
SD$CT_SD_V1             : 0x0001    SD$CT_SD_V2             : 0x0002    SD$CT_SDHC              : 0x0003    
FAT32$ERR_MBR           : 0xEE10    FAT32$ERR_PARTITION_NO  : 0xEE11    FAT32$ERR_PARTTBL       : 0xEE12    
FAT32$ERR_NOTIMPL       : 0xEE13    FAT32$ERR_SIZE          : 0xEE14    FAT32$ERR_NOFAT32       : 0xEE15    
FAT32$ERR_ILLEGAL_SIC   : 0xEE16    FAT32$ERR_ILLEGAL_CLUS  : 0xEE17    FAT32$ERR_CORRUPT_DH    : 0xEE18    
FAT32$ERR_DIRNOTFOUND   : 0xEE19    FAT32$ERR_FILENOTFOUND  : 0xEE20    FAT23$ERR_SEEKTOOLARGE  : 0xEE21    
FAT32$EOF               : 0xEEEE    FAT32$DEV_RESET         : 0x0000    FAT32$DEV_BLOCK_READ    : 0x0001    
FAT32$DEV_BLOCK_WRITE   : 0x0002    FAT32$DEV_BYTE_READ     : 0x0003    FAT32$DEV_BYTE_WRITE    : 0x0004    
FAT32$DEV_PARTITION     : 0x0005    FAT32$DEV_FS_LO         : 0x0006    FAT32$DEV_FS_HI         : 0x0007    
FAT32$DEV_FAT_LO        : 0x0008    FAT32$DEV_FAT_HI        : 0x0009    FAT32$DEV_CLUSTER_LO    : 0x000A    
FAT32$DEV_CLUSTER_HI    : 0x000B    FAT32$DEV_SECT_PER_CLUS : 0x000C    FAT32$DEV_RD_1STCLUS_LO : 0x000D    
FAT32$DEV_RD_1STCLUS_HI : 0x000E    FAT32$DEV_AD_1STCLUS_LO : 0x000F    FAT32$DEV_AD_1STCLUS_HI : 0x0010    
FAT32$DEV_BUFFERED_FDH  : 0x0011    FAT32$DEV_STRUCT_SIZE   : 0x0012    FAT32$FDH_DEVICE        : 0x0000    
FAT32$FDH_CLUSTER_LO    : 0x0001    FAT32$FDH_CLUSTER_HI    : 0x0002    FAT32$FDH_SECTOR        : 0x0003    
FAT32$FDH_INDEX         : 0x0004    FAT32$FDH_SIZE_LO       : 0x0005    FAT32$FDH_SIZE_HI       : 0x0006    
FAT32$FDH_ACCESS_LO     : 0x0007    FAT32$FDH_ACCESS_HI     : 0x0008    FAT32$FDH_START_CLUS_LO : 0x0009    
FAT32$FDH_START_CLUS_HI : 0x000A    FAT32$FDH_FLAGS         : 0x000B    FAT32$FDH_STRUCT_SIZE   : 0x000C    
FAT32$FDHF_DIRTY        : 0x0001    FAT32$FA_READ_ONLY      : 0x0001    FAT32$FA_HIDDEN         : 0x0002    
FAT32$FA_SYSTEM         : 0x0004    FAT32$FA_VOLUME_ID      : 0x0008    FAT32$FA_DIR            : 0x0010    
FAT32$FA_ARCHIVE        : 0x0020    FAT32$FA_DEFAULT        : 0x0035    FAT32$FA_ALL            : 0x0037    
FAT32$DE_NAME           : 0x0000    FAT32$DE_ATTRIB         : 0x0101    FAT32$DE_SIZE_LO        : 0x0102    
FAT32$DE_SIZE_HI        : 0x0103    FAT32$DE_YEAR           : 0x0104    FAT32$DE_MONTH          : 0x0105    
FAT32$DE_DAY            : 0x0106    FAT32$DE_HOUR           : 0x0107    FAT32$DE_MINUTE         : 0x0108    
FAT32$DE_SECOND         : 0x0109    FAT32$DE_CLUS_LO        : 0x010A    FAT32$DE_CLUS_HI        : 0x010B    
FAT32$DE_STRUCT_SIZE    : 0x010C    FAT32$PRINT_SHOW_DIR    : 0x0001    FAT32$PRINT_SHOW_ATTRIB : 0x0002    
FAT32$PRINT_SHOW_SIZE   : 0x0004    FAT32$PRINT_SHOW_DATE   : 0x0008    FAT32$PRINT_SHOW_TIME   : 0x0010    
FAT32$PRINT_DEFAULT     : 0x001D    FAT32$PRINT_ALL         : 0x001F    KBD$NEW_ASCII           : 0x0001    
KBD$NEW_SPECIAL         : 0x0002    KBD$NEW_ANY             : 0x0003    KBD$ASCII               : 0x00FF    
KBD$SPECIAL             : 0xFF00    KBD$LOCALE              : 0x001C    KBD$LOCALE_US           : 0x0000    
KBD$LOCALE_DE           : 0x0004    KBD$MODIFIERS           : 0x00E0    KBD$SHIFT               : 0x0020    
KBD$ALT                 : 0x0040    KBD$CTRL                : 0x0080    KBD$SPACE               : 0x0020    
KBD$ENTER               : 0x000D    KBD$ESC                 : 0x001B    KBD$TAB                 : 0x0009    
KBD$BACKSPACE           : 0x0008    KBD$F1                  : 0x0100    KBD$F2                  : 0x0200    
KBD$F3                  : 0x0300    KBD$F4                  : 0x0400    KBD$F5                  : 0x0500    
KBD$F6                  : 0x0600    KBD$F7                  : 0x0700    KBD$F8                  : 0x0800    
KBD$F9                  : 0x0900    KBD$F10                 : 0x0A00    KBD$F11                 : 0x0B00    
KBD$F12                 : 0x0C00    KBD$CUR_UP              : 0x1000    KBD$CUR_DOWN            : 0x1100    
KBD$CUR_LEFT            : 0x1200    KBD$CUR_RIGHT           : 0x1300    KBD$PG_UP               : 0x1400    
KBD$PG_DOWN             : 0x1500    KBD$HOME                : 0x1600    KBD$END                 : 0x1700    
KBD$INS                 : 0x1800    KBD$DEL                 : 0x1900    KBD$CTRL_A              : 0x0001    
KBD$CTRL_B              : 0x0002    KBD$CTRL_C              : 0x0003    KBD$CTRL_D              : 0x0004    
KBD$CTRL_E              : 0x0005    KBD$CTRL_F              : 0x0006    KBD$CTRL_G              : 0x0007    
KBD$CTRL_H              : 0x0008    KBD$CTRL_I              : 0x0009    KBD$CTRL_J              : 0x000A    
KBD$CTRL_K              : 0x000B    KBD$CTRL_L              : 0x000C    KBD$CTRL_M              : 0x000D    
KBD$CTRL_N              : 0x000E    KBD$CTRL_O              : 0x000F    KBD$CTRL_P              : 0x0010    
KBD$CTRL_Q              : 0x0011    KBD$CTRL_R              : 0x0012    KBD$CTRL_S              : 0x0013    
KBD$CTRL_T              : 0x0014    KBD$CTRL_U              : 0x0015    KBD$CTRL_V              : 0x0016    
KBD$CTRL_W              : 0x0017    KBD$CTRL_X              : 0x0018    KBD$CTRL_Y              : 0x0019    
KBD$CTRL_Z              : 0x001A    CHR$BELL                : 0x0007    CHR$TAB                 : 0x0009    
CHR$SPACE               : 0x0020    CHR$CR                  : 0x000D    CHR$LF                  : 0x000A    
reset                   : 0x0000    getc                    : 0x0002    putc                    : 0x0004    
gets                    : 0x0006    puts                    : 0x0008    crlf                    : 0x000A    
til                     : 0x000C    muls                    : 0x000E    memset                  : 0x0010    
memcpy                  : 0x0012    wait                    : 0x0014    exit                    : 0x0016    
chr2upper               : 0x0018    str2upper               : 0x001A    strlen                  : 0x001C    
chomp                   : 0x001E    strcmp                  : 0x0020    strchr                  : 0x0022    
gethex                  : 0x0024    puthex                  : 0x0026    mulu                    : 0x0028    
vga_cls                 : 0x002A    divu                    : 0x002C    divs                    : 0x002E    
chr2lower               : 0x0030    mulu32                  : 0x0032    divu32                  : 0x0034    
split                   : 0x0036    h2dstr                  : 0x0038    sd_reset                : 0x003A    
sd_r_block              : 0x003C    sd_w_block              : 0x003E    sd_r_byte               : 0x0040    
sd_w_byte               : 0x0042    f32_mnt_sd              : 0x0044    f32_mnt                 : 0x0046    
f32_od                  : 0x0048    f32_ld                  : 0x004A    f32_cd                  : 0x004C    
f32_pd                  : 0x004E    f32_fopen               : 0x0050    f32_fread               : 0x0052    
f32_fseek               : 0x0054    gets_s                  : 0x0056    gets_slf                : 0x0058    
vga_init                : 0x005A    in_range_u              : 0x005C    enter                   : 0x005E    
leave                   : 0x0060    strcpy                  : 0x0062    strstr                  : 0x0064    
f32_fwrite              : 0x0066    f32_fflush              : 0x0068    f32_fclose              : 0x006A    
strrplchr               : 0x006C    M2M$CSR                 : 0xFFE0    M2M$CSR_RESET           : 0x0001    
M2M$CSR_UN_RESET        : 0xFFFE    M2M$CSR_PAUSE           : 0x0002    M2M$CSR_UN_PAUSE        : 0xFFFD    
M2M$CSR_OSM             : 0x0004    M2M$CSR_UN_OSM          : 0xFFFB    M2M$CSR_KBD             : 0x0008    
M2M$CSR_UN_KBD          : 0xFFF7    M2M$CSR_JOY1            : 0x0010    M2M$CSR_UN_JOY1         : 0xFFEF    
M2M$CSR_JOY2            : 0x0020    M2M$CSR_UN_JOY2         : 0xFFDF    M2M$CSR_SD_MODE         : 0x0040    
M2M$CSR_UN_SD_MODE      : 0xFFBF    M2M$CSR_SD_FORCE        : 0x0080    M2M$CSR_UN_SD_FORCE     : 0xFF7F    
M2M$CSR_SD_ACTIVE       : 0x0100    M2M$CSR_UN_SD_ACTIVE    : 0xFEFF    M2M$CSR_SD_DET_INT      : 0x0200    
M2M$CSR_UN_SD_DET_INT   : 0xFDFF    M2M$CSR_SD_DET_EXT      : 0x0400    M2M$CSR_UN_SD_DET_EXT   : 0xFBFF    
M2M$CSR_ASCAL_AUTO      : 0x0800    M2M$CSR_UN_ASCAL_AUTO   : 0xF7FF    M2M$CSR_KBD_JOY         : 0x0038    
M2M$CSR_UN_KBD_JOY      : 0xFFC7    M2M$OSM_XY              : 0xFFE1    M2M$OSM_DXDY            : 0xFFE2    
M2M$SA_INVERSE          : 0x0080    M2M$SA_DARK             : 0x0040    M2M$SA_BG_RED           : 0x0020    
M2M$SA_BG_GREEN         : 0x0010    M2M$SA_BG_BLUE          : 0x0008    M2M$SA_FG_RED           : 0x0004    
M2M$SA_FG_GREEN         : 0x0002    M2M$SA_FG_BLUE          : 0x0001    M2M$SA_COL_STD          : 0x000B    
M2M$SA_COL_STD_INV      : 0x008B    M2M$SA_COL_TTLE         : 0x000E    M2M$SA_COL_TTLE_INV     : 0x008E    
M2M$SA_COL_SEL          : 0x000F    M2M$FC_TL               : 0x00C9    M2M$FC_SH               : 0x00CD    
M2M$FC_TR               : 0x00BB    M2M$FC_SV               : 0x00BA    M2M$FC_BL               : 0x00C8    
M2M$FC_BR               : 0x00BC    M2M$FC_HE_LEFT          : 0x00B9    M2M$FC_HE_RIGHT         : 0x00CC    
M2M$NC_SH               : 0x00C4    M2M$NC_VE_LEFT          : 0x00C7    M2M$NC_VE_RIGHT         : 0x00B6    
M2M$DIR_L               : 0x0011    M2M$DIR_R               : 0x0010    M2M$OPT_SEL_MULTI       : 0x0007    
M2M$OPT_SEL_SINGLE      : 0x003D    M2M$LD_PROGRESS         : 0x00FE    M2M$LD_SPACE            : 0x0020    
M2M$ASCAL_MODE          : 0xFFE3    M2M$ASCAL_NEAREST       : 0x0000    M2M$ASCAL_BILINEAR      : 0x0001    
M2M$ASCAL_SBILINEAR     : 0x0002    M2M$ASCAL_BICUBIC       : 0x0003    M2M$ASCAL_POLYPHASE     : 0x0004    
M2M$ASCAL_PP_HORIZ      : 0x0000    M2M$ASCAL_PP_VERT       : 0x0100    M2M$ASCAL_TRIPLEBUF     : 0x0008    
M2M$ASCAL_RESERVED      : 0x0010    M2M$SPECIAL             : 0xFFE4    M2M$GENERAL             : 0xFFE5    
M2M$KEYBOARD            : 0xFFE8    M2M$TYPEMATIC_DLY       : 0x8000    M2M$TYPEMATIC_SPD       : 0x1000    
M2M$KEY_UP              : 0x0001    M2M$KEY_DOWN            : 0x0002    M2M$KEY_LEFT            : 0x0004    
M2M$KEY_RIGHT           : 0x0008    M2M$KEY_RETURN          : 0x0010    M2M$KEY_SPACE           : 0x0020    
M2M$KEY_RUNSTOP         : 0x0040    M2M$KEY_HELP            : 0x0080    M2M$KEY_F1              : 0x0100    
M2M$KEY_F3              : 0x0200    M2M$CFD_ADDR            : 0xFFF0    M2M$CFD_DATA            : 0xFFF1    
M2M$CFM_ADDR            : 0xFFF2    M2M$CFM_DATA            : 0xFFF3    M2M$RAMROM_DEV          : 0xFFF4    
M2M$VRAM_DATA           : 0x0000    M2M$VRAM_ATTR           : 0x0001    M2M$CONFIG              : 0x0002    
M2M$ASCAL_PPHASE        : 0x0003    M2M$HYPERRAM            : 0x0004    M2M$SDRAM               : 0x0005    
M2M$SYS_INFO            : 0x00FF    M2M$RAMROM_4KWIN        : 0xFFF5    M2M$RAMROM_DATA         : 0x7000    
M2M$SYS_VDRIVES         : 0x0000    M2M$SYS_VGA             : 0x0010    M2M$SYS_HDMI            : 0x0011    
M2M$SYS_CRTSANDROMS     : 0x0020    M2M$SYS_CORE            : 0x0030    M2M$SYS_DXDY            : 0x7000    
M2M$SHELL_M_XY          : 0x7001    M2M$SHELL_M_DXDY        : 0x7002    M2M$SYS_CORE_X          : 0x7000    
M2M$SYS_CORE_Y          : 0x7001    M2M$SYS_CORE_H_PXLS     : 0x7002    M2M$SYS_CORE_V_PXLS     : 0x7003    
M2M$SYS_CORE_H_PLSE     : 0x7004    M2M$SYS_CORE_H_BP       : 0x7005    M2M$SYS_CORE_H_FP       : 0x7006    
M2M$SYS_CORE_V_PLSE     : 0x7007    M2M$SYS_CORE_V_BP       : 0x7008    M2M$SYS_CORE_V_FP       : 0x7009    
M2M$SYS_CORE_H_FREQ     : 0x700A    M2M$CFG_WHS             : 0x1000    M2M$CFG_DIR_START       : 0x0100    
M2M$CFG_CFG_FILE        : 0x0101    M2M$CFG_GENERAL         : 0x0110    M2M$CFG_CORENAME        : 0x0200    
M2M$CFG_OPTM_ITEMS      : 0x0300    M2M$CFG_OPTM_GROUPS     : 0x0301    M2M$CFG_OPTM_STDSEL     : 0x0302    
M2M$CFG_OPTM_LINES      : 0x0303    M2M$CFG_OPTM_START      : 0x0304    M2M$CFG_OPTM_ICOUNT     : 0x0305    
M2M$CFG_OPTM_MOUNT      : 0x0306    M2M$CFG_OPTM_SINGLE     : 0x0307    M2M$CFG_OPTM_MSTR       : 0x0308    
M2M$CFG_OPTM_DIM        : 0x0309    M2M$CFG_OPTM_SSTR       : 0x030A    M2M$CFG_OPTM_HELP       : 0x0310    
M2M$CFG_OPTM_CRTROM     : 0x0311    M2M$CFG_OPTM_CRSTR      : 0x0312    M2M$WHS_PAGES           : 0x7FFF    
M2M$WHS_WELCOME         : 0x0000    M2M$WHS_HELP_INDEX      : 0x0001    M2M$WHS_HELP_NEXT       : 0x0100    
M2M$WHS_PAGE_NEXT       : 0x0001    M2M$SHELL_O_DX          : 0x7000    M2M$SHELL_O_DY          : 0x7001    
M2M$CFG_RP_COUNTER      : 0x7001    M2M$CFG_RP_PAUSE        : 0x7002    M2M$CFG_RP_WELCOME      : 0x7003    
M2M$CFG_RP_WLCM_RST     : 0x7004    M2M$CFG_RP_KB_RST       : 0x7005    M2M$CFG_RP_J1_RST       : 0x7006    
M2M$CFG_RP_J2_RST       : 0x7007    M2M$CFG_RP_KB_OSD       : 0x7008    M2M$CFG_RP_J1_OSD       : 0x7009    
M2M$CFG_RP_J2_OSD       : 0x700A    M2M$CFG_ASCAL_USAGE     : 0x700B    M2M$CFG_ASCAL_MODE      : 0x700C    
M2M$CFG_VD_AT_DELAY     : 0x700D    M2M$CFG_VD_ITERSIZE     : 0x700E    M2M$CFG_SAVEOSDCFG      : 0x700F    
M2M$CFG_AUSE_CFG        : 0x0000    M2M$CFG_AUSE_CUSTOM     : 0x0001    M2M$CFG_AUSE_AUTO       : 0x0002    
VD_NUM                  : 0x7000    VD_DEVICE               : 0x7001    VD_RAM_BUFFERS          : 0x7100    
VD_BUF_SDDIRECT         : 0xAAAA    VD_WIN_CAD              : 0x0000    VD_WIN_DRV              : 0x0001    
VD_IMG_MOUNT            : 0x7000    VD_RO                   : 0x7001    VD_SIZE_L               : 0x7002    
VD_SIZE_H               : 0x7003    VD_TYPE                 : 0x7004    VD_B_ADDR               : 0x7005    
VD_B_DOUT               : 0x7006    VD_B_WREN               : 0x7007    VD_VDNUM                : 0x7008    
VD_BLKSZ                : 0x7009    VD_DRV_MOUNT            : 0x700A    VD_LBA_L                : 0x7000    
VD_LBA_H                : 0x7001    VD_BLKCNT               : 0x7002    VD_BYTES_L              : 0x7003    
VD_BYTES_H              : 0x7004    VD_SIZEB                : 0x7005    VD_4K_WIN               : 0x7006    
VD_4K_OFFS              : 0x7007    VD_RD                   : 0x7008    VD_WR                   : 0x7009    
VD_ACK                  : 0x700A    VD_B_DIN                : 0x700B    VD_CACHE_DIRTY          : 0x700C    
VD_CACHE_FLUSHING       : 0x700D    VD_CACHE_FLUSH_ST       : 0x700E    VD_CACHE_FLUSH_DE       : 0x700F    
CRTROM_MAN_NUM_A        : 0x7000    CRTROM_AUT_NUM_A        : 0x7001    CRTROM_MAN_BUFFERS      : 0x7100    
CRTROM_AUT_BUFFERS      : 0x7200    CRTROM_AUT_FILES        : 0x7300    CRTROM_TYPE_DEVICE      : 0x0000    
CRTROM_TYPE_HYPRAM      : 0x0001    CRTROM_TYPE_SDRAM       : 0x0002    CRTROM_TYPE_MNDTRY      : 0x0003    
CTRROM_TYPE_OPTNL       : 0x0004    CRTROM_CSR_4KWIN        : 0xFFFF    CRTROM_CSR_STATUS       : 0x7000    
CRTROM_CSR_FS_LO        : 0x7001    CRTROM_CSR_FS_HI        : 0x7002    CRTROM_CSR_PARSEST      : 0x7010    
CRTROM_CSR_PARSEE1      : 0x7011    CRTROM_CSR_ADDR_LO      : 0x7012    CRTROM_CSR_ADDR_HI      : 0x7013    
CRTROM_CSR_ERR_STRT     : 0x7100    CRTROM_CSR_ST_IDLE      : 0x0000    CRTROM_CSR_ST_LDNG      : 0x0001    
CRTROM_CSR_ST_ERR       : 0x0002    CRTROM_CSR_ST_OK        : 0x0003    CRTROM_CSR_PT_IDLE      : 0x0000    
CRTROM_CSR_PT_PRSNG     : 0x0001    CRTROM_CSR_PT_OK        : 0x0002    CRTROM_CSR_PT_ERR       : 0x0003    
CTX_MASK_CTX            : 0xFF00    CTX_MASK_PARAM          : 0x00FF    CTX_MOUNT_DISKIMG       : 0x0100    
CTX_LOAD_ROM            : 0x0200    CMSG_BROWSENOTHING      : 0x0001    SDB_MAX_EXT             : 0x0008    
SDB_M_NEXT              : 0x0000    SDB_M_FDH               : 0x0001    SDB_M_TBLK_LO           : 0x0002    
SDB_M_TBLK_HI           : 0x0003    SDB_M_BAIL              : 0x0004    SDB_M_EXT               : 0x0005    
SDB_E_NBLK_LO           : 0x0000    SDB_E_NBLK_HI           : 0x0001    SDB_E_LBA_LO            : 0x0002    
SDB_E_LBA_HI            : 0x0003    SDB_E_SIZE              : 0x0004    SDB_M_SIZE              : 0x0028    
SDB_VD_MAX_N            : 0x0003    SDB_B_OK                : 0x0000    SDB_B_NOMAP             : 0x0001    
SDB_B_NODEV             : 0x0002    SDB_B_NOSPC             : 0x0003    SDB_B_EMPTY             : 0x0004    
SDB_B_BADSTART          : 0x0005    SDB_B_FRAG              : 0x0006    SDB_B_FATERR            : 0x0007    
SDB_B_BADCLUS           : 0x0008    SDB_B_SHORT             : 0x0009    SDB_B_LBA               : 0x000A    
SDB_B_GUARD             : 0x000B    SDB_B_SEEK              : 0x000C    SDB_R_OK                : 0x0000    
SDB_R_SIZE              : 0x0001    SDB_R_ALIGN             : 0x0002    SDB_R_MAP               : 0x0003    
SDB_R_RANGE             : 0x0004    SDB_R_GUARD             : 0x0005    SDB_R_SDERR             : 0x0006    
SDB_EOC_HI              : 0x0FFF    SDB_EOC_LO              : 0xFFF0    

Label-list:
--------------------------------------------------------------------------------------------------------
_OLD                    : 0x8038    _DONE                   : 0x8050    SDB_INVAL_ALL           : 0x8051    
_SDBIA_L                : 0x8056    _SDBIA_L2               : 0x806E    SDB_VDMAP               : 0x8076    
_SDBVM_OK               : 0x8081    _SDBVM_L                : 0x8083    _SDBVM_D                : 0x808D    
SDB_CHECK               : 0x808F    _SDBC_NO                : 0x809E    _SDBC_R                 : 0x80A0    
SDB_SDRD                : 0x80A2    SDB_SDWR                : 0x80A5    SDB_SDERR               : 0x80A8    
SDB_GUARD_IN            : 0x80AF    _SDBGI_HAVE             : 0x80C3    _SDBGI_CLEAN            : 0x80D3    
_SDBGI_OK               : 0x80D7    _SDBGI_NO               : 0x80DB    _SDBGI_RET              : 0x80DD    
_SDB_OWNER              : 0x80E0    _SDB_OWN_NO             : 0x80F4    _SDB_OWN_R              : 0x80F6    
SDB_GUARD_OUT           : 0x80F8    _SDBGO_RET              : 0x8104    SDB_GUARD_CLR           : 0x8107    
SDB_ORPHAN              : 0x810E    _SDB_ORPH1              : 0x811F    _SDB_ORPH_R             : 0x812B    
SDB_B2BLK               : 0x812E    SDB_BLK2B               : 0x8141    SDB_CLULBA              : 0x8152    
_SDBCL_C1               : 0x815F    _SDBCL_C2               : 0x8169    _SDBCL_NO               : 0x81A1    
_SDBCL_RET              : 0x81A5    SDB_LBA                 : 0x81A7    _SDBL_C1                : 0x81BE    
_SDBL_LOOP              : 0x81C1    _SDBL_HIT               : 0x81D0    _SDBL_NEXT              : 0x81DD    
_SDBL_NO                : 0x81E5    _SDBL_RET               : 0x81E7    _SDB_GE32               : 0x81E9    
_SDB_G32N               : 0x81FA    _SDB_G32Y               : 0x81FE    _SDB_G32R               : 0x8200    
SDB_MAP_BUILD           : 0x8202    _SDBMB_C0               : 0x8250    _SDBMB_C1               : 0x8266    
_SDBMB_EXT              : 0x827A    _SDBMB_RUN              : 0x8291    _SDBMB_N1               : 0x82BA    
_SDBMB_N2               : 0x82C8    _SDBMB_BRK              : 0x82E0    _SDBMB_LAST             : 0x82FC    
_SDBMB_OUT              : 0x8310    _SDBMB_RET              : 0x8312    _SDB_BAIL               : 0x8315    
_SDB_EMIT               : 0x831C    _SDB_EMIT_R             : 0x8333    SDB_FAT_NEXT            : 0x8334    
_SDB_FN_RD              : 0x8366    _SDB_FN_BUF             : 0x837C    _SDB_FN_SDE             : 0x83A2    
_SDB_FN_ERR             : 0x83A4    _SDB_FN_RET             : 0x83A7    SDB_SD2VD               : 0x83A9    
_SDB_S2V_L              : 0x83BE    SDB_VD2SD               : 0x83CD    _SDB_V2S_L              : 0x83E1    
SDB_SD2DEV              : 0x83EF    _SDB_S2D_L              : 0x8401    _SDB_S2D_1              : 0x840D    
SDB_VD_RDBLK            : 0x8413    _SDB_VRD_SDE            : 0x8430    _SDB_VRD_GRD            : 0x843A    
_SDB_VRD_NO             : 0x843E    _SDB_VRD_R              : 0x8441    SDB_VD_RDDONE           : 0x8447    
SDB_VD_WRBLK            : 0x844A    _SDB_VWR_SDE            : 0x846C    _SDB_VWR_GRD            : 0x8476    
_SDB_VWR_NO             : 0x847A    _SDB_VWR_R              : 0x847D    _SDB_PREP               : 0x8483    
_SDB_PREP_NO            : 0x84B2    SDB_FREAD_FAST          : 0x84B5    _SDBFF_LOOP             : 0x84F2    
_SDBFF_SDE              : 0x8514    _SDBFF_DONE             : 0x8516    _SDBFF_SEEK             : 0x8521    
_SDBFF_REW              : 0x854A    _SDBFF_RW1              : 0x8557    _SDBFF_NO               : 0x8559    
_SDBFF_RET              : 0x855B    HANDLE_FILE             : 0x855D    STR_FILE                : 0x8569    
HANDLE_DEV              : 0x8576    CONFIG_DEVH             : 0x8588    VDRIVES_DEVICE          : 0x859A    
SDB_VD_MAPS             : 0x859B    SDB_RM_MAP              : 0x8613    SDB_NULL_MAP            : 0x863B    
SDB_DUMMY_FDH           : 0x863C    SDB_G_VAL               : 0x8648    SDB_FF_STAT             : 0x8649    
SDB_FF_BLKS             : 0x864A    SDB_RD_STAT             : 0x864B    SDB_RD_LBA              : 0x864C    
SDB_DBG_N               : 0x864E    SDB_DBG_CNT             : 0x864F    SDB_DBG_ACT             : 0x8650    
SDB_DBG_DRV             : 0x8651    SDB_DBG_SZ              : 0x8652    SDB_DBG_PL              : 0x8653    
SDB_DBG_PH              : 0x8654    SDB_DBG_T0              : 0x8655    SDB_DBG_TE              : 0x8657    
SDB_SD_T0               : 0x8659    SDB_SD_LAST             : 0x865B    SDB_SD_CYC              : 0x865D    
SDB_SD_N                : 0x865F    SDB_S_BLEFT             : 0x8660    SDB_S_RBLK              : 0x8662    
SDB_S_CLU               : 0x8664    SDB_S_RSTART            : 0x8666    SDB_S_NEXT              : 0x8668    
SDB_S_FCLBA             : 0x866A    SDB_S_FCVAL             : 0x866C    MODE                    : 0xA000    
